rang,titre,sous_titre,auteurs,editeur,collection,isbn,format,prix,date,url_livre,url_couverture,score_titre,confiance_titre,justif_titre,score_description,confiance_description,source_incomplete,justif_description,ecart_titre_description,source_notation
1,IA : le grand enfumage : Résister aux sirènes de l'intelligence artificielle,,"Theo Alves da Costa, Lou Welgryn",Payot,Documents,9782228941235,Grand format,19.90 €,6 Mai 2026,https://www.librel.be/livre/9782228941235-ia-le-grand-enfumage-resister-aux-sirenes-de-l-intelligence-artificielle-theo-alves-da-costa-lou-welgryn/,https://images.epagine.fr/235/9782228941235_1_m.jpg,5,3,"« Enfumage », « résister aux sirènes » : tromperie et danger explicites.",5,3,non,"Exploitation, concentration du pouvoir : thèse centrale.",0,calibration_manuelle
2,Le Désert de nous-mêmes : Le tournant intellectuel et créatif de l'intelligence artificielle,,Eric Sadin,L'Échappée,,9782373091762,Grand format,19.00 €,3 Octobre 2025,https://www.librel.be/livre/9782373091762-le-desert-de-nous-memes-le-tournant-intellectuel-et-creatif-de-l-intelligence-artificielle-eric-sadin/,https://images.epagine.fr/762/9782373091762_1_m.jpg,4,3,"Métaphore de vide/perte forte, tempérée par « tournant intellectuel et créatif ».",5,3,non,"« Extrême gravité », humanité absente à elle-même : thèse centrale.",-1,calibration_manuelle
3,"Intelligence artificielle, intelligence humaine : la double énigme",,Daniel Andler,Folio,Folio Essais,9782073138309,Poche,11.20 €,10 Septembre 2026,https://www.librel.be/livre/9782073138309-intelligence-artificielle-intelligence-humaine-la-double-enigme-daniel-andler/,https://images.epagine.fr/309/9782073138309_1_m.jpg,0,3,"Neutre, cadre académique, « énigme » = curiosité, pas menace.",1,3,non,Rejette l'objectif de « surpasser » l'humain comme incohérent ; pas de thèse de menace.,-1,calibration_manuelle
4,"Mythologies web : Moteurs de recherche, réseaux sociaux et intelligence artificielle",,Jean-Marie Schaeffer,Gallimard,Tracts,9782073152626,Grand format,3.90 €,4 Décembre 2025,https://www.librel.be/livre/9782073152626-mythologies-web-moteurs-de-recherche-reseaux-sociaux-et-intelligence-artificielle-jean-marie-schaeffer/,https://images.epagine.fr/626/9782073152626_1_m.jpg,1,3,"« Mythologies » = critique analytique, aucun mot de menace direct.",5,3,non,"« Menaces », « survie en jeu » pour la démocratie : thèse frontale.",-4,calibration_manuelle
5,Peine Kapital : Monologue avec l'intelligence artificielle,,Marie José Mondzain,La Fabrique Éditions,,9782358723176,Grand format,16.00 €,3 Avril 2026,https://www.librel.be/livre/9782358723176-peine-kapital-monologue-avec-l-intelligence-artificielle-marie-jose-mondzain/,https://images.epagine.fr/176/9782358723176_1_m.jpg,3,3,"Jeu de mots sombre (peine capitale/capital) mais cryptique, pas immédiat.",5,3,non,"« Tyrans de la planète », « décapitation symbolique » : domination totale.",-2,calibration_manuelle
6,Dealers de mots : La langue comme capital de l'intelligence artificielle,,Frédéric Kaplan,Actes Sud,La Compagnie Des Langues,9782330224127,Grand format,19.00 €,2 Septembre 2026,https://www.librel.be/livre/9782330224127-dealers-de-mots-la-langue-comme-capital-de-l-intelligence-artificielle-frederic-kaplan/,https://images.epagine.fr/127/9782330224127_1_m.jpg,4,3,"« Dealers » = métaphore d'exploitation/trafic, claire.",4,3,non,"Capitalisme linguistique, mots « volés » : thèse développée, ton factuel.",0,calibration_manuelle
7,Tout comprendre ( ou presque ) sur l'intelligence artificielle,,"Olivier Cappe, Claire Marc",CNRS,,9782271154248,Grand format,19.00 €,10 Avril 2025,https://www.librel.be/livre/9782271154248-tout-comprendre-ou-presque-sur-l-intelligence-artificielle-olivier-cappe-claire-marc/,https://images.epagine.fr/248/9782271154248_1_m.jpg,0,3,"Neutre, pédagogique, aucune évocation de menace.",1,3,non,"« Anxiogène »/« créature menaçante » cités comme discours ambiant, puis démystifiés.",-1,calibration_manuelle
8,Intelligence artificielle & nouveau fascisme,,"Rainer Muhlhoff, Pierre Deshusses",Agone,Contre-Feux,9782748906264,Grand format,15.00 €,11 Septembre 2026,https://www.librel.be/livre/9782748906264-intelligence-artificielle-nouveau-fascisme-rainer-muhlhoff/,https://images.epagine.fr/264/9782748906264_1_m.jpg,5,3,"« Nouveau fascisme » : maximal, sans ambiguïté.",5,3,non,"Exploitation, mépris de l'humain, dérives autoritaires : thèse centrale.",0,calibration_manuelle
9,Un taylorisme augmenté : Critique de l'intelligence artificielle,,Juan sebastian Carbonell,Éditions Amsterdam,,9782354803230,Grand format,13.00 €,5 Septembre 2025,https://www.librel.be/livre/9782354803230-un-taylorisme-augmente-critique-de-l-intelligence-artificielle-juan-sebastian-carbonell/,https://images.epagine.fr/230/9782354803230_1_m.jpg,4,3,« Taylorisme augmenté » + « Critique » explicite : métaphore d'exploitation.,5,3,non,"Contrôle et surveillance de la main-d'œuvre, appel à résister : thèse centrale.",-1,calibration_manuelle
10,Magnifica Humanitas - Magnifique Humanité : Lettre encyclique sur la protection de la personne humaine à l'ère de l'intelligence artificielle,,Léon XIV,Éditions Artège,,9791033617624,Grand format,4.90 €,2 Juin 2026,https://www.librel.be/livre/9791033617624-magnifica-humanitas-magnifique-humanite-lettre-encyclique-sur-la-protection-de-la-personne-humaine-a-l-ere-de-l-intelligence-artificielle-leon-xiv/,https://images.epagine.fr/624/9791033617624_1_m.jpg,1,3,"« Protection de la personne humaine » : positif, pas de menace frontale.",2,3,non,Dangers cités mais explicitement « loin d'un discours de peur ».,-1,calibration_manuelle
11,Faut-il encore décider ? La décision humaine à l'ère de l'intelligence artificielle,,"Olivier Sibony, Eric Hazan",Flammarion,Essais,9782080146687,Grand format,19.00 €,25 Février 2026,https://www.librel.be/livre/9782080146687-faut-il-encore-decider-la-decision-humaine-a-l-ere-de-l-intelligence-artificielle-olivier-sibony-eric-hazan/,https://images.epagine.fr/687/9782080146687_1_m.jpg,1,3,"Question neutre, aucun mot de menace fort.",1,3,non,« Sans optimisme béat ni technophobie réflexe » : équilibre revendiqué.,0,calibration_manuelle
12,Faussaires algorithmiques : L'intelligence artificielle va-t-elle remplacer les artistes ?,,"Louis  de Diesbach, Laurence Devillairs",Editions de l'Aube,Monde En Cours,9782815970280,Grand format,17.90 €,3 Avril 2026,https://www.librel.be/livre/9782815970280-faussaires-algorithmiques-l-intelligence-artificielle-va-t-elle-remplacer-les-artistes-louis-de-diesbach/,https://images.epagine.fr/280/9782815970280_1_m.jpg,5,3,"« Faussaires », remplacement des artistes : accusation frontale, malgré la question.",3,3,non,"Réflexion critique réelle mais présentée comme question ouverte, pas comme verdict.",2,calibration_manuelle
13,Schizophrénie numérique : de l'intelligence artificielle à l'exploitation attentionnelle,,Anne Alombert,Éditions Allia,Petite Collection,9791030429671,Poche,7.50 €,7 Avril 2023,https://www.librel.be/livre/9791030429671-schizophrenie-numerique-de-l-intelligence-artificielle-a-l-exploitation-attentionnelle-anne-alombert/,https://images.epagine.fr/671/9791030429671_1_m.jpg,5,3,« Schizophrénie » (pathologie) + « exploitation attentionnelle » explicite.,4,3,non,"« Conséquences désastreuses », cerveaux contrôlés ; conclut sur une note constructive.",1,calibration_manuelle
14,Mathématiques de l'intelligence pas si artificielle,,Stéphane Mallat,CNRS,Les Grandes Voix De La Recherche,9782271160751,Poche,9.00 €,10 Septembre 2026,https://www.librel.be/livre/9782271160751-mathematiques-de-l-intelligence-pas-si-artificielle-stephane-mallat/,https://images.epagine.fr/751/9782271160751_1_m.jpg,0,3,"Neutre, scientifique.",0,3,non,"Ton célébratoire, continuité des idées, entièrement positif.",0,calibration_manuelle
15,Pionniers : Voyage aux frontières de l'intelligence artificielle,,Guillaume Grallet,Éditions Grasset,Document,9782246841067,Grand format,22.10 €,5 Novembre 2025,https://www.librel.be/livre/9782246841067-pionniers-voyage-aux-frontieres-de-l-intelligence-artificielle-guillaume-grallet/,https://images.epagine.fr/067/9782246841067_1_m.jpg,0,3,"« Pionniers », « frontières » : neutre à positif.",2,3,non,"Portrait critique du pouvoir opaque des fondateurs tech, ton en partie ironique.",-2,calibration_manuelle
16,Chronologies visuelles des sciences : De la maîtrise du feu à l'intelligence artificielle,,Collectif,Gallimard Jeunesse,Encyclopédie Gallimard Jeunesse,9782075178952,Grand format,27.90 €,26 Octobre 2023,https://www.librel.be/livre/9782075178952-chronologies-visuelles-des-sciences-de-la-maitrise-du-feu-a-l-intelligence-artificielle-collectif/,https://images.epagine.fr/952/9782075178952_1_m.jpg,0,3,"Neutre, encyclopédique.",0,3,non,"Historique factuel, neutre.",0,calibration_manuelle
17,"C'est (pas) moi, c'est l'IA : Pour apprivoiser l'intelligence artificielle et en faire ton alliée",,"Pierre-Yves Oudeyer, Didier Roy, Clémentine Latron",Nathan,,9782095035433,Grand format,12.90 €,5 Septembre 2024,https://www.librel.be/livre/9782095035433-c-est-pas-moi-c-est-l-ia-pour-apprivoiser-l-intelligence-artificielle-et-en-faire-ton-alliee-pierre-yves-oudeyer-didier-roy-clementine-latron/,https://images.epagine.fr/433/9782095035433_1_m.jpg,0,3,"« Apprivoiser », « ton alliée » : réassurant.",1,3,non,"« Ça fait peur » et dangers cités, mais guide bienveillant, humour dominant.",-1,calibration_manuelle
18,Technopolice : La surveillance policière à l'ère de l'intelligence artificielle,,Felix Tréguer,Éditions Divergences,,9791097088729,Grand format,16.00 €,11 Octobre 2024,https://www.librel.be/livre/9791097088729-technopolice-la-surveillance-policiere-a-l-ere-de-l-intelligence-artificielle-felix-treguer/,https://images.epagine.fr/729/9791097088729_1_m.jpg,4,3,"« Technopolice », « surveillance policière » : contrôle explicite.",5,3,non,"« Amplifie la violence d'État », dérive autoritaire : thèse centrale.",-1,calibration_manuelle
19,"Intelligence artificielle, une bêtise écologique ?",,"Alice Durand, Grégory Bricout",Delachaux & Niestlé,,9782603032190,Grand format,13.50 €,27 Février 2026,https://www.librel.be/livre/9782603032190-intelligence-artificielle-une-betise-ecologique-alice-durand-gregory-bricout/,https://images.epagine.fr/190/9782603032190_1_m.jpg,3,3,« Bêtise » + question : jugement négatif net.,2,3,non,"Impact réel mais ton léger, pédagogique, biographie de l'autrice.",1,calibration_manuelle
20,Traumachine : Intelligence artificielle et techno-fascisme,,Frédéric Neyrat,Éditions MF,Dos Bleu,9782378041168,Poche,12.00 €,18 Août 2026,https://www.librel.be/livre/9782378041168-traumachine-intelligence-artificielle-et-techno-fascisme-frederic-neyrat/,https://images.epagine.fr/168/9782378041168_1_m.jpg,5,3,« Traumachine » + « techno-fascisme » explicite.,4,3,non,"« Traumatisme anthropologique », prise en otage ; propos philosophique dense.",1,calibration_manuelle
21,L'Oeil du maître : Une histoire sociale de l'intelligence artificielle,,Matteo Pasquinelli,Entremonde,Rupture,9782940426751,Grand format,22.00 €,17 Avril 2026,https://www.librel.be/livre/9782940426751-l-oeil-du-maitre-une-histoire-sociale-de-l-intelligence-artificielle-matteo-pasquinelli/,https://images.epagine.fr/751/9782940426751_1_m.jpg,4,3,Métaphore de surveillance/domination (l'œil du maître = contremaître).,4,3,non,"« Elle ne pense pas, elle automatise » les hiérarchies : thèse structurelle.",0,calibration_manuelle
22,Intelligence artificielle,,Brian Clegg,EDP Sciences,Short Cuts,9782759837809,Grand format,19.00 €,5 Mars 2026,https://www.librel.be/livre/9782759837809-intelligence-artificielle-brian-clegg/,https://images.epagine.fr/809/9782759837809_1_m.jpg,0,3,"Titre nu, neutre.",1,3,non,"« Mène-t-elle le monde à sa perte ? » parmi 8 questions ludiques, format fun.",-1,calibration_manuelle
23,L'intelligence artificielle en 5 minutes par jour,,Stéphane d' Ascoli,First Éditions,Le Petit Livre,9782412098271,Poche,3.50 €,7 Novembre 2024,https://www.librel.be/livre/9782412098271-l-intelligence-artificielle-en-5-minutes-par-jour-2e-edition-stephane-d-ascoli/,https://images.epagine.fr/271/9782412098271_1_m.jpg,0,3,"Neutre, pédagogique.",0,3,non,"Curiosité positive, aucune menace.",0,calibration_manuelle
24,Je ne suis pas un algorithme ! : Trouver du sens à l'ère de l'intelligence artificielle,,Nicolas Hazard,Flammarion,"Documents, Témoignages",9782080490001,Grand format,20.00 €,4 Février 2026,https://www.librel.be/livre/9782080490001-je-ne-suis-pas-un-algorithme-trouver-du-sens-a-l-ere-de-l-intelligence-artificielle-nicolas-hazard/,https://images.epagine.fr/001/9782080490001_1_m.jpg,3,3,"Titre défiant, suggère une réduction/manipulation à combattre.",3,3,non,"Manipulation des désirs par les algorithmes, diagnostic réel, résolution positive.",0,calibration_manuelle
25,"IA génératives, pas créatives : L'intelligence artificielle n'existe (toujours) pas",,Luc Julia,Le Cherche Midi,,9782749183497,Grand format,19.80 €,7 Mai 2025,https://www.librel.be/livre/9782749183497-ia-generatives-pas-creatives-l-intelligence-artificielle-n-existe-toujours-pas-luc-julia/,https://images.epagine.fr/497/9782749183497_1_m.jpg,1,3,"Titre correctif/démystifiant, pas une accusation de menace.",2,3,non,"Menaces réelles citées (emploi, info, environnement) mais visée démystificatrice.",-1,calibration_manuelle
26,Contre-atlas de l'intelligence artificielle,,"Kate Crawford, Laurent Bury",Zulma,,9791038702370,Poche,11.50 €,5 Octobre 2023,https://www.librel.be/livre/9791038702370-contre-atlas-de-l-intelligence-artificielle-kate-crawford/,https://images.epagine.fr/370/9791038702370_1_m.jpg,2,3,"« Contre » suggère la critique, reste un mot neutre en soi.",5,3,non,"« Nouveau colonialisme », toute-puissance des géants tech : thèse totale.",-3,calibration_manuelle
27,L'intelligence artificielle pour les bébés,,Chris Ferrie,Éditions Place des Victoires,Baby Sciences,9782809920925,Grand format,9.95 €,30 Avril 2026,https://www.librel.be/livre/9782809920925-l-intelligence-artificielle-pour-les-bebes-chris-ferrie/,https://images.epagine.fr/925/9782809920925_1_m.jpg,0,3,"Neutre, éducatif.",0,3,non,"Entièrement positif, éducatif.",0,calibration_manuelle
28,L'Intelligence artificielle pour les nullissimes,,Yasmina Salmandjee,Pour les nuls,Informatique,9782412110300,Grand format,19.95 €,27 Août 2026,https://www.librel.be/livre/9782412110300-l-intelligence-artificielle-pour-les-nullissimes-yasmina-salmandjee/,https://images.epagine.fr/300/9782412110300_1_m.jpg,0,3,"Neutre, pratique.",0,3,non,"Pratique, neutre.",0,calibration_manuelle
29,L'intelligence artificielle pour les nuls,,"Stephanie Diamond, Luca Massaron, John Paul Mueller",Pour les nuls,,9782412108871,Grand format,15.95 €,21 Mai 2026,https://www.librel.be/livre/9782412108871-l-intelligence-artificielle-pour-les-nuls-stephanie-diamond-luca-massaron-john-paul-mueller/,https://images.epagine.fr/871/9782412108871_1_m.jpg,0,3,Neutre.,0,3,non,"Pratique, neutre.",0,calibration_manuelle
30,L'intelligence artificielle en manga : Le mystère du chat robot,,"Choi Jaehun, Park Jongho, Baptiste Massa",Bayard Jeunesse,La Science En Manga,9791036380150,Grand format,12.95 €,25 Mars 2026,https://www.librel.be/livre/9791036380150-l-intelligence-artificielle-en-manga-le-mystere-du-chat-robot-choi-jaehun-park-jongho/,https://images.epagine.fr/150/9791036380150_1_m.jpg,1,3,"« Mystère » léger, pas de mot de menace.",1,3,non,Ambiguïté « gentil ou maléfique » posée puis résolue vers des usages positifs.,0,calibration_manuelle
31,Intelligence artificielle : et l'homme créa Dieu,,Gabrielle Halpern,Hermann,,9791037046666,Grand format,13.55 €,14 Janvier 2026,https://www.librel.be/livre/9791037046666-intelligence-artificielle-et-l-homme-crea-dieu-gabrielle-halpern/,https://images.epagine.fr/666/9791037046666_1_m.jpg,1,3,"Jeu de mots philosophique, ludique, pas menaçant.",1,3,non,"Comparaison ludique à Dieu, questions ouvertes, pas de thèse de menace.",0,calibration_manuelle
32,Générations IA : L'intelligence artificielle et nous,,"Luc Truntzler, Thomas Rajeau",Dunod,Dunod Graphic,9782100880911,Grand format,20.00 €,22 Octobre 2025,https://www.librel.be/livre/9782100880911-generations-ia-l-intelligence-artificielle-et-nous-luc-truntzler-thomas-rajeau/,https://images.epagine.fr/911/9782100880911_1_m.jpg,0,3,Neutre.,1,3,non,"Débat familial pluraliste, vise la sérénité et l'esprit critique.",-1,calibration_manuelle
33,Ni dieu ni IA : Une philosophie sceptique de l'intelligence artificielle,,Mathieu Corteel,La découverte,,9782348084614,Grand format,22.00 €,3 Avril 2025,https://www.librel.be/livre/9782348084614-ni-dieu-ni-ia-une-philosophie-sceptique-de-l-intelligence-artificielle-mathieu-corteel/,https://images.epagine.fr/614/9782348084614_1_m.jpg,3,3,"Écho à « ni dieu ni maître » : défi/scepticisme, métaphore modérée.",5,3,non,« Expropriation et exploitation de notre intelligence collective » : thèse nommée.,-2,calibration_manuelle
34,L'intelligence artificielle,,"Alex Frith, Victoria Williams, Beatrix Hatcher, Pascal Varejka",Usborne,Découvrons Ensemble,9781836062653,Grand format,12.95 €,28 Mai 2025,https://www.librel.be/livre/9781836062653-l-intelligence-artificielle-alex-frith-victoria-williams-beatrix-hatcher/,https://images.epagine.fr/653/9781836062653_1_m.jpg,0,3,Neutre.,1,3,non,« Risques et opportunités » explicitement équilibrés.,-1,calibration_manuelle
35,Les robots : De l'automate à l'intelligence artificielle,,"Marine Breuil-Salles, Sasha Idelson, Mathieu Ferret, Bruno Wennagel, Nuno Alves Rodrigues",Quelle Histoire,,9782371049598,Grand format,5.00 €,7 Février 2024,https://www.librel.be/livre/9782371049598-les-robots-de-l-automate-a-l-intelligence-artificielle-marine-breuil-salles-sasha-idelson-mathieu-ferret-bruno-wennagel-nuno-alves-rodrigues/,https://images.epagine.fr/598/9782371049598_1_m.jpg,0,3,Neutre.,0,3,non,"Historique positif, neutre.",0,calibration_manuelle
36,L'Intelligence artificielle pour les nuls en 50 notions clés,,Thomas Solignac,Pour les nuls,,9782412106181,Grand format,9.95 €,8 Janvier 2026,https://www.librel.be/livre/9782412106181-l-intelligence-artificielle-pour-les-nuls-en-50-notions-cles-2e-edition-thomas-solignac/,https://images.epagine.fr/181/9782412106181_1_m.jpg,0,3,Neutre.,0,3,non,"« Rester conscient et éclairé » : prudence mineure, pas de menace.",0,calibration_manuelle
37,"Origines : Une histoire de la conscience ; De Lucy à l'intelligence artificielle, en passant par le Tyrannosaure rex & Léonard de Vinci",,Emeric Lebreton,Hermann,,9791037046352,Grand format,23.10 €,25 Mars 2026,https://www.librel.be/livre/9791037046352-origines-une-histoire-de-la-conscience-de-lucy-a-l-intelligence-artificielle-en-passant-par-le-tyrannosaure-rex-leonard-de-vinci-emeric-lebreton/,https://images.epagine.fr/352/9791037046352_1_m.jpg,0,3,"Neutre, voyage scientifique.",0,3,non,"L'IA à peine mentionnée, voyage scientifique neutre.",0,calibration_manuelle
38,L'intelligence artificielle ou l'enjeu du siècle ; anatomie d'un antihumanisme radical,,Eric Sadin,L'Échappée,,9782373090918,Grand format,11.00 €,6 Mai 2021,https://www.librel.be/livre/9782373090918-l-intelligence-artificielle-ou-l-enjeu-du-siecle-anatomie-d-un-antihumanisme-radical-eric-sadin/,https://images.epagine.fr/918/9782373090918_1_m.jpg,5,3,"« Antihumanisme radical » : maximal, explicite.",5,3,non,« Éradication » des fondements humains : thèse totale.,0,calibration_manuelle
39,Totalitarisme numérique en cours de chargement... L'humanité aux risques de l'intelligence artificielle,,Ariane Bilheran,Guy Trédaniel Éditeur,,9782813235701,Grand format,19.90 €,26 Mars 2026,https://www.librel.be/livre/9782813235701-totalitarisme-numerique-en-cours-de-chargement-l-humanite-aux-risques-de-l-intelligence-artificielle-ariane-bilheran/,https://images.epagine.fr/701/9782813235701_1_m.jpg,5,3,"« Totalitarisme numérique » : maximal, explicite.",5,3,non,"Guerre contre l'humanité, désastres : thèse totale.",0,calibration_manuelle
40,Intelligence artificielle générative pour les nuls,,Yasmina Salmandjee,Pour les nuls,Informatique,9782412107294,Grand format,22.95 €,30 Avril 2026,https://www.librel.be/livre/9782412107294-intelligence-artificielle-generative-pour-les-nuls-3e-edition-yasmina-salmandjee/,https://images.epagine.fr/294/9782412107294_1_m.jpg,0,3,Neutre.,0,3,non,"Enthousiaste, entièrement positif.",0,calibration_manuelle
41,Mercator : Tout le marketing d'aujourd'hui à l'ère de l'intelligence artificielle,,"Julien Lévy, Arnaud de Baynast, Alice Wu",Dunod,Livres En Or,9782100890859,Grand format,58.30 €,2 Septembre 2026,https://www.librel.be/livre/9782100890859-mercator-tout-le-marketing-d-aujourd-hui-a-l-ere-de-l-intelligence-artificielle-14e-edition-julien-levy-arnaud-de-baynast-alice-wu/,https://images.epagine.fr/859/9782100890859_1_m.jpg,0,3,"Neutre, professionnel.",0,3,non,"Entièrement pratique, aucun risque.",0,calibration_manuelle
42,L'intelligence artificielle pour les débutants,,"Rachel Firth, Rose Hall, Hylton Warburton, Collectif",Usborne,,9781836062486,Grand format,13.95 €,11 Septembre 2025,https://www.librel.be/livre/9781836062486-l-intelligence-artificielle-pour-les-debutants-rachel-firth-rose-hall-hylton-warburton/,https://images.epagine.fr/486/9781836062486_1_m.jpg,0,3,Neutre.,2,3,non,Question du contrôle du monde posée mais en format pédagogique ouvert.,-2,calibration_manuelle
43,ABC de l'intelligence artificielle,,Chris Ferrie,Éditions Place des Victoires,Baby Sciences,9782809920932,Grand format,9.95 €,30 Avril 2026,https://www.librel.be/livre/9782809920932-abc-de-l-intelligence-artificielle-chris-ferrie/,https://images.epagine.fr/932/9782809920932_1_m.jpg,0,3,"Neutre, enfants.",0,3,non,"Entièrement positif, enfants.",0,calibration_manuelle
44,La fin de l'individu ; voyage d'un philosophe au pays de l'intelligence artificielle,,Gaspard Koenig,Alpha,Essais,9782383881254,Grand format,11.00 €,16 Octobre 2024,https://www.librel.be/livre/9782383881254-la-fin-de-l-individu-voyage-d-un-philosophe-au-pays-de-l-intelligence-artificielle-gaspard-koenig/,https://images.epagine.fr/254/9782383881254_1_m.jpg,5,3,"« La fin de l'individu » : perte/fin explicite, frontal.",4,3,non,Rejette la menace sur l'emploi mais développe une vraie thèse sur l'érosion de l'autonomie.,1,calibration_manuelle
45,Turing à la plage ; l'intelligence artificielle dans un transat,,"Rachid Guerraoui, Nguyên Hoang Lê",Dunod,À La Plage,9782100795550,Grand format,16.60 €,10 Juin 2020,https://www.librel.be/livre/9782100795550-turing-a-la-plage-l-intelligence-artificielle-dans-un-transat-rachid-guerraoui-nguyen-hoang-le/,https://images.epagine.fr/550/9782100795550_1_m.jpg,0,3,"Imagerie détendue (plage, transat), aucun mot de menace.",1,3,non,"« Dominés par des algorithmes ? » posé, mais ton léger, décontracté.",-1,calibration_manuelle
46,Rester humain : Carnet de route d'un chef d'entreprise face à l'intelligence artificielle,,Nourdine Bihmane,Les petits matins,,9782363834928,Grand format,22.00 €,7 Mai 2026,https://www.librel.be/livre/9782363834928-rester-humain-carnet-de-route-d-un-chef-d-entreprise-face-a-l-intelligence-artificielle-nourdine-bihmane/,https://images.epagine.fr/928/9782363834928_1_m.jpg,2,3,"« Rester humain » évoque un enjeu, formulé positivement.",2,3,non,« Mal gouvernée » mais cadre professionnel constructif dominant.,0,calibration_manuelle
47,"Réinventer l'humain à l'heure de l'intelligence artificielle : Alchimie, conscience et réenchantement du monde",,Ferial Furon,Guy Trédaniel Éditeur,,9782813236074,Grand format,21.90 €,26 Mars 2026,https://www.librel.be/livre/9782813236074-reinventer-l-humain-a-l-heure-de-l-intelligence-artificielle-alchimie-conscience-et-reenchantement-du-monde-ferial-furon/,https://images.epagine.fr/074/9782813236074_1_m.jpg,1,3,"« Réinventer », « réenchantement » : positif/constructif.",2,3,non,"Registre ésotérique, mais orienté vers un potentiel positif.",-1,calibration_manuelle
48,"Apprivoiser l'IA en famille : Infos, conseils et activités pour aider vos enfants et vos ados à grandir avec l'intelligence artificielle",,"Sébastien Seguin, Axelle Desaint",De Boeck Supérieur,,9782807373044,Grand format,17.95 €,5 Février 2026,https://www.librel.be/livre/9782807373044-apprivoiser-l-ia-en-famille-infos-conseils-et-activites-pour-aider-vos-enfants-et-vos-ados-a-grandir-avec-l-intelligence-artificielle-sebastien-seguin/,https://images.epagine.fr/044/9782807373044_1_m.jpg,0,3,« Apprivoiser » : réassurant.,1,3,non,"Pratique, limites mentionnées de façon constructive.",-1,calibration_manuelle
49,"L'éthique à l'épreuve des technosciences : Santé, environnement, intelligence artificielle",,Ali Benmakhlouf,PUF,,9782130890577,Grand format,26.00 €,26 Mars 2026,https://www.librel.be/livre/9782130890577-l-ethique-a-l-epreuve-des-technosciences-sante-environnement-intelligence-artificielle-ali-benmakhlouf/,https://images.epagine.fr/577/9782130890577_1_m.jpg,1,3,"« À l'épreuve » suggère une tension, sans mot de menace direct.",2,3,non,"Équilibre « vivre mieux »/« pire » revendiqué, registre académique mesuré.",-1,calibration_manuelle
51,10 choses que vous aimeriez savoir sur : L'intelligence artificielle : Les principes fondamentaux de l'IA en un clin d'oeil,,"Tim Rocktäschel, Antoine Derouin",Éditions Quanto,10 Choses Que Vous Aimeriez Savoir Sur,9782889156863,Grand format,14.90 €,3 Juillet 2025,https://www.librel.be/livre/9782889156863-10-choses-que-vous-aimeriez-savoir-sur-l-intelligence-artificielle-les-principes-fondamentaux-de-l-ia-en-un-clin-d-oeil-tim-rocktaschel/,https://images.epagine.fr/863/9782889156863_1_m.jpg,0,3,"Pédagogique, « principes fondamentaux » : neutre.",0,3,non,"Présentation pédagogique des fondamentaux de l'IA, aucune orientation négative.",0,agent
52,Le droit de l'intelligence artificielle,,Lucie Cluzel-Métayer,Dalloz,À Savoir,9782247234615,Poche,4.00 €,21 Août 2025,https://www.librel.be/livre/9782247234615-le-droit-de-l-intelligence-artificielle-lucie-cluzel-metayer/,https://images.epagine.fr/615/9782247234615_1_m.jpg,0,3,"Neutre, juridique descriptif.",2,2,non,"Risques cités parmi potentialités et cas d'usage, propos globalement équilibré et informatif.",-2,agent
53,L'IA sera ce que tu en feras : Les 10 règles d'or de l'intelligence artificielle,,"Jean-Philippe Desbiolles, Laurent Prud'hon, Damien Gromier, Emma Sezen",Dunod,,9782100890880,Grand format,18.00 €,22 Avril 2026,https://www.librel.be/livre/9782100890880-l-ia-sera-ce-que-tu-en-feras-les-10-regles-d-or-de-l-intelligence-artificielle-jean-philippe-desbiolles-laurent-prud-hon/,https://images.epagine.fr/880/9782100890880_1_m.jpg,0,3,"« Règles d'or » : responsabilisant, aucune menace.",0,3,non,"Rejette explicitement mythes et prophéties alarmistes, message rassurant sur le contrôle humain.",0,agent
54,Ce que l'intelligence artificielle ne peut pas faire,,Jacques Luzi,La Lenteur,,9791095432425,Grand format,14.00 €,21 Juin 2024,https://www.librel.be/livre/9791095432425-ce-que-l-intelligence-artificielle-ne-peut-pas-faire-jacques-luzi/,https://images.epagine.fr/425/9791095432425_1_m.jpg,0,3,"Constat de limite, factuel, non dramatique.",4,2,non,"Nuisances « certaines » développées (armements, écologie, travail) ; conclut qu'aucun monde meilleur n'en sortira.",-4,agent
55,Manuel de résistance à l'emprise technologique : Comment ne pas se laisser manipuler à l'ère de l'intelligence artificielle,,Bruno Giussani,Editions de L'Observatoire,,9782382849415,Grand format,19.00 €,12 Février 2026,https://www.librel.be/livre/9782382849415-manuel-de-resistance-a-l-emprise-technologique-comment-ne-pas-se-laisser-manipuler-a-l-ere-de-l-intelligence-artificielle-bruno-giussani/,https://images.epagine.fr/415/9782382849415_1_m.jpg,4,3,"« Emprise », « manipuler » : contrôle explicite, quasi seul angle.",5,3,non,"Menace centrale sur nos esprits, contrôle cognitif développé et argumenté comme thèse.",-1,agent
56,Certifié humain : Dessiner et créer à l'ère de l'Intelligence Artificielle,,Dora Formica,Helvetiq,,9782889770403,Grand format,22.00 €,25 Avril 2025,https://www.librel.be/livre/9782889770403-certifie-humain-dessiner-et-creer-a-l-ere-de-l-intelligence-artificielle-dora-formica/,https://images.epagine.fr/403/9782889770403_1_m.jpg,2,2,"« Certifié humain » implique une distinction à prouver, non frontal.",3,2,non,Question de la menace pour les illustrateurs posée mais explicitement laissée ouverte.,-1,agent
57,Le mythe de la singularité ; faut-il craindre l'intelligence artificielle ?,,Jean-Gabriel Ganascia,Points,Points Essais,9782757876497,Poche,8.95 €,6 Juin 2019,https://www.librel.be/livre/9782757876497-le-mythe-de-la-singularite-faut-il-craindre-l-intelligence-artificielle-jean-gabriel-ganascia/,https://images.epagine.fr/497/9782757876497_1_m.jpg,3,2,« Craindre » net mais tempéré par « mythe » démystifiant.,1,2,non,"Singularité présentée comme « poncif » de la futurologie, essai critique désamorçant le mythe.",2,agent
58,Intuition 2.0 : Garder sa liberté intérieure à l'ère de l'intelligence artificielle,,Fabrice Bonvin,Guy Trédaniel Éditeur,,9782813237019,Grand format,21.90 €,27 Août 2026,https://www.librel.be/livre/9782813237019-intuition-2-0-garder-sa-liberte-interieure-a-l-ere-de-l-intelligence-artificielle-fabrice-bonvin/,https://images.epagine.fr/019/9782813237019_1_m.jpg,2,2,"« Garder sa liberté » évoque un enjeu, formulation positive.",4,2,non,"Contrôle des décisions/émotions, érosion du libre arbitre développés, avant résolution pratique positive.",-2,agent
59,L'avénement de la singularité : L'humain ébranlé par l'intelligence artificielle,,Paul Jorion,Textuel,Petite Encyclopédie Critique,9782386290008,Grand format,14.90 €,6 Mars 2024,https://www.librel.be/livre/9782386290008-l-avenement-de-la-singularite-l-humain-ebranle-par-l-intelligence-artificielle-paul-jorion/,https://images.epagine.fr/008/9782386290008_1_m.jpg,4,2,"« Ébranlé » : humain déstabilisé, fort et central.",3,2,non,"IA dépassant l'humain affirmée, mais lien futur présenté comme inconnue réellement ouverte.",1,agent
60,"Magnifica Humanitas : Magnifique humanité, Lettre encyclique sur l'intelligence artificielle et les nouvelles technologies",,Léon XIV,Pierre Téqui Éditeur,,9782740328286,Poche,4.90 €,3 Juin 2026,https://www.librel.be/livre/9782740328286-magnifica-humanitas-magnifique-humanite-lettre-encyclique-sur-l-intelligence-artificielle-et-les-nouvelles-technologies-leon-xiv/,https://images.epagine.fr/286/9782740328286_1_m.jpg,1,3,"« Protection de l'humanité » : positif, pas de menace frontale.",2,2,non,Risques anthropologiques cités mais encadrés par un propos constructif et non alarmiste.,-1,agent
61,"Intelligences artificielles : de la théorie à la pratique : Modèles, applications et enjeux des IA",,"Jean-Paul Haton, Emmanuel Haton, Marie-Christine Haton",Dunod,,9782100892853,Grand format,27.05 €,20 Mai 2026,https://www.librel.be/livre/9782100892853-intelligences-artificielles-de-la-theorie-a-la-pratique-modeles-applications-et-enjeux-des-ia-2e-edition-jean-paul-haton-emmanuel-haton-marie-christine-haton/,https://images.epagine.fr/853/9782100892853_1_m.jpg,0,3,"Neutre, académique (théorie/pratique).",0,3,non,"Synthèse scientifique pédagogique, enjeux et limites parmi d'autres thèmes neutres.",0,agent
62,"L'intelligence artificielle, ses biais et les nôtres",,Rémy Demichelis,Éditions du Faubourg,Documents,9782493594655,Grand format,18.00 €,14 Juin 2024,https://www.librel.be/livre/9782493594655-l-intelligence-artificielle-ses-biais-et-les-notres-remy-demichelis/,https://images.epagine.fr/655/9782493594655_1_m.jpg,2,2,"« Biais » : mot de risque, non dramatique.",2,2,non,Biais et discriminations réels mais analyse philosophique aboutissant à un choix éthique constructif.,0,agent
63,Droit de l'Intelligence artificielle,,Sabine Marcellin,Gualino,,9782297291286,Grand format,31.00 €,7 Avril 2026,https://www.librel.be/livre/9782297291286-droit-de-l-intelligence-artificielle-sabine-marcellin/,https://images.epagine.fr/286/9782297291286_1_m.jpg,0,3,"Neutre, juridique.",0,3,non,Panorama juridique factuel ; risques mentionnés brièvement sans développement négatif.,0,agent
64,Que faire de l'intelligence artificielle,,"Christiane Marty, Hugo Pompougnac, Linda Sehili, Nils Enderlin, Pierre Khalfa",Croquant,,9782365124829,Grand format,7.50 €,13 Janvier 2026,https://www.librel.be/livre/9782365124829-que-faire-de-l-intelligence-artificielle-christiane-marty-hugo-pompougnac-linda-sehili-nils-enderlin-pierre-khalfa/,https://images.epagine.fr/829/9782365124829_1_m.jpg,0,3,"Question neutre, aucun mot de menace.",5,2,non,"Thèse développée : exploitation du travail, manipulation des comportements, nouveau capitalisme algorithmique dominateur.",-5,agent
65,Cyberespions Tome 1 : Mission #01 : Intelligence artificielle,,"Logan Macx, Marie Cambolieu",Larousse,,9782036013322,Grand format,15.00 €,10 Avril 2024,https://www.librel.be/livre/9782036013322-cyberespions-tome-1-mission-01-intelligence-artificielle-logan-macx/,https://images.epagine.fr/322/9782036013322_1_m.jpg,0,2,Fiction jeunesse ; « Cyberespions » sans lien menaçant à l'IA.,0,2,non,"Roman d'aventure jeunesse, l'IA n'est qu'un décor, aucune thèse sur ses dangers.",0,agent
66,L'intelligence artificielle en 30 questions,,"Rodolphe Gelin, Olivier Guilhem",Documentation Française,,9782111579231,Grand format,7.90 €,12 Septembre 2024,https://www.librel.be/livre/9782111579231-l-intelligence-artificielle-en-30-questions-rodolphe-gelin-olivier-guilhem/,https://images.epagine.fr/231/9782111579231_1_m.jpg,0,3,"Neutre, pédagogique (« 30 questions »).",0,2,non,"Ambivalence citée comme débat existant, ouvrage pédagogique neutre pour non-spécialistes.",0,agent
67,L'intelligence artificielle n'existe pas ; le cocréateur de Siri déconstruit le mythe de l'IA !,,Luc Julia,J'ai Lu,Documents,9782290219522,Poche,8.20 €,16 Septembre 2020,https://www.librel.be/livre/9782290219522-l-intelligence-artificielle-n-existe-pas-le-cocreateur-de-siri-deconstruit-le-mythe-de-l-ia-luc-julia/,https://images.epagine.fr/522/9782290219522_1_m.jpg,1,2,"Titre démystifiant (« déconstruit le mythe »), pas d'accusation.",1,3,non,Peur des robots dominateurs évoquée puis déconstruite avec humour : « l'IA n'existe pas ».,0,agent
68,Géopolitique de l'intelligence artificielle : 40 fiches illustrées pour comprendre le monde,,"Pascal Boniface, Victor Pelpel",Eyrolles,Géopolitique,9782416009501,Grand format,19.90 €,12 Septembre 2024,https://www.librel.be/livre/9782416009501-geopolitique-de-l-intelligence-artificielle-40-fiches-illustrees-pour-comprendre-le-monde-pascal-boniface-victor-pelpel/,https://images.epagine.fr/501/9782416009501_1_m.jpg,0,3,"Neutre, géopolitique descriptif.",3,2,non,"Domination géopolitique évoquée, mais question « corne d'abondance ou menace » explicitement ouverte.",-3,agent
69,Socialter n.73 : Face à l'intelligence artificielle : Et si on appuyait sur pause ?,,Collectif,Socialter,Socialter,3663322134869,Revue,8.50 €,12 Décembre 2025,https://www.librel.be/livre/3663322134869-socialter-n-73-face-a-l-intelligence-artificielle-et-si-on-appuyait-sur-pause-collectif/,https://images.epagine.fr/869/3663322134869_1_m.jpg,3,2,« Appuyait sur pause » suggère un danger à stopper.,4,2,non,"Impacts écologiques « délétères et irréversibles » posés comme fait, imposition antidémocratique dénoncée.",-1,agent
70,Alan Turing : Pionnier de l'intelligence artificielle,,"Matsuo Yukata, Hiroyuki Asada, Adrien Becam",Kurokawa,Kurosavoir,9791042020781,Poche,7.95 €,11 Septembre 2025,https://www.librel.be/livre/9791042020781-alan-turing-pionnier-de-l-intelligence-artificielle-matsuo-yukata-hiroyuki-asada-adrien-becam/,https://images.epagine.fr/781/9791042020781_1_m.jpg,0,3,"Neutre, biographique (« Pionnier »).",0,3,non,"Biographie de Turing, ton entièrement factuel et valorisant.",0,agent
71,REVUE NOUVELLES QUESTIONS FEMINISTES n.45(1)/2026 : Intelligences artificielles et transformations du travail,,"Isabelle Zinn, Sigolène Couchot-Schiex, Eva Nada, Lucie Delias",Antipodes Suisse,Revue Nouvelles Questions Feministes,9782889013203,Revue,25.00 €,21 Mai 2026,https://www.librel.be/livre/9782889013203-revue-nouvelles-questions-feministes-n-45-1-2026-intelligences-artificielles-et-transformations-du-travail-isabelle-zinn-sigolene-couchot-schiex-eva-nada-lucie-delias/,https://images.epagine.fr/203/9782889013203_1_m.jpg,0,3,"Neutre, académique.",2,2,non,"Questions féministes sur le travail des femmes posées, format interrogatif court, pas de thèse développée.",-2,agent
72,Dream Machine ou comment j'ai failli vendre mon âme à l'intelligence artificielle,,"Appupen, Laurent Daudet",Flammarion,Sciences,9782080428134,Grand format,22.90 €,27 Septembre 2023,https://www.librel.be/livre/9782080428134-dream-machine-ou-comment-j-ai-failli-vendre-mon-ame-a-l-intelligence-artificielle-appupen-laurent-daudet/,https://images.epagine.fr/134/9782080428134_1_m.jpg,4,2,« Vendre mon âme » : métaphore forte de compromission.,4,2,non,Fiction : IA source de chaos et de concentration indécente de richesses au coeur de l'intrigue.,0,agent
73,L'IA peut-elle nous remplacer ? Une exploration des enjeux de l'intelligence artificielle,,Collectif,Bayard,À Vif,9782227502239,Grand format,6.95 €,22 Mai 2024,https://www.librel.be/livre/9782227502239-l-ia-peut-elle-nous-remplacer-une-exploration-des-enjeux-de-l-intelligence-artificielle-collectif/,https://images.epagine.fr/239/9782227502239_1_m.jpg,3,2,« Remplacer » net mais tempéré par « exploration des enjeux ».,2,2,non,"Travail délocalisé mentionné parmi enthousiasme et inquiétudes équilibrées, questions ouvertes multiples.",1,agent
74,Que faire de l'intelligence artificielle ? Petite histoire critique de la raison artificielle,,Vivien Garcia,Rivages,Bibliothèque Rivages,9782743659042,Grand format,17.00 €,10 Janvier 2024,https://www.librel.be/livre/9782743659042-que-faire-de-l-intelligence-artificielle-petite-histoire-critique-de-la-raison-artificielle-vivien-garcia/,https://images.epagine.fr/042/9782743659042_1_m.jpg,1,2,"« Critique » léger, pas de mot de menace fort.",1,2,non,Scénarios de peur qualifiés de « séduisants » clichés empêchant de comprendre l'IA : démystification.,0,agent
75,Hospitality management : La révolution de l'intelligence artificielle,,"Frederick Buhr, Jean-Pierre Trevisan",Dunod,,9782100895199,Grand format,22.10 €,26 Août 2026,https://www.librel.be/livre/9782100895199-hospitality-management-la-revolution-de-l-intelligence-artificielle-frederick-buhr-jean-pierre-trevisan/,https://images.epagine.fr/199/9782100895199_1_m.jpg,0,3,"« Révolution » neutre/positif, contexte business.",0,3,non,"Guide professionnel hôtellerie, IA présentée comme opportunité stratégique, entièrement positif.",0,agent
76,"Intelligence artificielle et apprentissage : Fondements, concepts et applications",,"Sarah Chardonnens, Pierre-François Coen, Christophe Denis, Erika Beaumier",De Boeck Supérieur,Pédagogies En Développement,9782807371880,Grand format,32.90 €,29 Mai 2026,https://www.librel.be/livre/9782807371880-intelligence-artificielle-et-apprentissage-fondements-concepts-et-applications-sarah-chardonnens/,https://images.epagine.fr/880/9782807371880_1_m.jpg,0,3,"Neutre, académique (« fondements, concepts »).",1,2,non,Inquiétude citée mais guide pratique pour maximiser bienfaits et limiter risques en classe.,-1,agent
77,L'intelligence artificielle,,"David Marchand, Guillaume Prévôt",Petits Génies,,9782898532191,Grand format,15.50 €,10 Octobre 2025,https://www.librel.be/livre/9782898532191-l-intelligence-artificielle-david-marchand-guillaume-prevot/,https://images.epagine.fr/191/9782898532191_1_m.jpg,0,3,"Titre nu, neutre.",0,1,oui,Description vide.,0,agent
78,"Nouvelle enquête sur l'intelligence artificielle : médecine, santé, technologies : ce qui va changer dans nos vies",,"Nicholas Ayache, Alain Damasio, Yuval Noah Harari, Cathy O'neil, Nicolas Revel",Flammarion,Champs Actuel,9782081510883,Poche,8.00 €,3 Juin 2020,https://www.librel.be/livre/9782081510883-nouvelle-enquete-sur-l-intelligence-artificielle-medecine-sante-technologies-ce-qui-va-changer-dans-nos-vies-nicholas-ayache-alain-damasio-yuval-noah-harari-cathy-o-neil-nicolas-revel/,https://images.epagine.fr/883/9782081510883_1_m.jpg,0,3,"« Ce qui va changer » : neutre, informationnel.",3,2,non,"Questions ouvertes sur libre arbitre, disparition des médecins, secret médical, sans réponse tranchée.",-3,agent
79,"Subjectivités et environnements numériques : Écrans, réseaux sociaux, jeux vidéo, intelligences artificielles",,"Guillaume Gillet, Johann Jung",Dunod,Univers Psy,9782100882168,Grand format,30.15 €,20 Mai 2026,https://www.librel.be/livre/9782100882168-subjectivites-et-environnements-numeriques-ecrans-reseaux-sociaux-jeux-video-intelligences-artificielles-guillaume-gillet-johann-jung/,https://images.epagine.fr/168/9782100882168_1_m.jpg,0,3,"Neutre, académique.",0,2,non,Panorama académique neutre ; « souffrir » mentionné en passant parmi d'autres effets.,0,agent
80,Machinerie ou machination ? La fabrique du mythe de l'intelligence artificielle,,"Vincent Bouillon, Luc Julia",FYP,,9782364052642,Grand format,23.00 €,22 Août 2025,https://www.librel.be/livre/9782364052642-machinerie-ou-machination-la-fabrique-du-mythe-de-l-intelligence-artificielle-vincent-bouillon/,https://images.epagine.fr/642/9782364052642_1_m.jpg,3,2,"« Machination » évoque complot, tempéré par « mythe ».",4,2,non,Thèse développée : l'IA comme récit idéologique servant des intérêts de pouvoir cachés.,-1,agent
81,La vie 3.0 : Etre humain à l'ère de l'intelligence artificielle,,"Max Tegmark, Julien Bambaggi",Dunod,Poche,9782100862573,Poche,11.95 €,10 Janvier 2024,https://www.librel.be/livre/9782100862573-la-vie-3-0-etre-humain-a-l-ere-de-l-intelligence-artificielle-max-tegmark/,https://images.epagine.fr/573/9782100862573_1_m.jpg,1,2,"Existentiel (« être humain »), aucun mot de menace direct.",3,2,non,"Questions existentielles posées mais explorées comme débat équilibré, promesses et dangers mêlés.",-2,agent
82,La formation professionnelle à l'heure de l'Intelligence Artificielle : Nouveaux outils et nouvelles pédagogies,,Romain Rissoan,Eni,Solutions Business,9782409054228,Grand format,24.00 €,17 Juin 2026,https://www.librel.be/livre/9782409054228-la-formation-professionnelle-a-l-heure-de-l-intelligence-artificielle-nouveaux-outils-et-nouvelles-pedagogies-2e-edition-romain-rissoan/,https://images.epagine.fr/228/9782409054228_1_m.jpg,0,3,« Nouveaux outils et pédagogies » : neutre/positif.,0,3,non,"IA citée comme simple outil pédagogique parmi d'autres, ton neutre professionnel.",0,agent
83,"Écosystème numérique à l'ère de l'Intelligence artificielle : Ingérences étrangères, Santé, Finance, E-commerce, Environnement et Cybersécurité",,Myriam Quéméner,Gualino,,9782297291330,Grand format,31.00 €,26 Mai 2026,https://www.librel.be/livre/9782297291330-ecosysteme-numerique-a-l-ere-de-l-intelligence-artificielle-ingerences-etrangeres-sante-finance-e-commerce-environnement-et-cybersecurite-myriam-quemener/,https://images.epagine.fr/330/9782297291330_1_m.jpg,2,2,"« Ingérences étrangères », « Cybersécurité » : risques listés, non dramatisés.",0,2,non,Deepfakes cités comme un enjeu parmi d'autres dans un ouvrage de référence descriptif.,2,agent
84,Les Ruines de Paris : Quand l'intelligence artificielle prédit l'avenir,,"Nathan Devers, Yves Marchand, Romain Meffre",Albin Michel,,9782226497765,Grand format,49.25 €,6 Novembre 2024,https://www.librel.be/livre/9782226497765-les-ruines-de-paris-quand-l-intelligence-artificielle-predit-l-avenir-nathan-devers-yves-marchand-romain-meffre/,https://images.epagine.fr/765/9782226497765_1_m.jpg,4,3,« Ruines de Paris » : image de destruction forte.,4,2,non,"Craintes apocalyptiques et ruines comme métaphore centrale, sujet dominant, registre artistique.",0,agent
85,Raspberry Pi 5 : De la programmation en Python à l'intelligence artificielle pour l'analyse d'images,,Alexandre Svetec,Eni,La Fabrique,9782409054617,Grand format,30.95 €,17 Juin 2026,https://www.librel.be/livre/9782409054617-raspberry-pi-5-de-la-programmation-en-python-a-l-intelligence-artificielle-pour-l-analyse-d-images-alexandre-svetec/,https://images.epagine.fr/617/9782409054617_1_m.jpg,0,3,"Neutre, technique (programmation).",0,3,non,"Manuel technique pratique, IA comme outil d'analyse d'images, aucun enjeu négatif.",0,agent
86,Intelligence artificielle ; enquête sur ces technologies qui changent nos vies,,Collectif,Flammarion,Champs Actuel,9782081445253,Poche,8.00 €,17 Octobre 2018,https://www.librel.be/livre/9782081445253-intelligence-artificielle-enquete-sur-ces-technologies-qui-changent-nos-vies-collectif/,https://images.epagine.fr/253/9782081445253_1_m.jpg,0,3,"Neutre, descriptif (« enquête sur ces technologies »).",1,3,non,Peur type Frankenstein évoquée puis désamorcée par un retour aux faits scientifiques.,-1,agent
88,"I.A. 2042, dix scénarios pour notre futur : ce que l'intelligence artificielle va changer",,"Kai-Fu Lee, Chen Qiufan, Sabine Guez",Éditions Les Arènes,,9791037507235,Grand format,24.90 €,20 Octobre 2022,https://www.librel.be/livre/9791037507235-i-a-2042-dix-scenarios-pour-notre-futur-ce-que-l-intelligence-artificielle-va-changer-kai-fu-lee-chen-qiufan/,https://images.epagine.fr/235/9791037507235_1_m.jpg,0,3,"Neutre, futuriste descriptif (« scénarios »).",0,2,non,"Scénarios prospectifs équilibrés, analyse scientifique démêlant certain et imagination, ton neutre.",0,agent
89,Intelligences : Artificielles et insensées OU naturelles et ignorantes,,Pierre Bessière,EDP Sciences,,9782759838295,Grand format,26.00 €,20 Novembre 2025,https://www.librel.be/livre/9782759838295-intelligences-artificielles-et-insensees-ou-naturelles-et-ignorantes-pierre-bessiere/,https://images.epagine.fr/295/9782759838295_1_m.jpg,2,2,"« Insensées », « ignorantes » : moquerie, pas menace frontale.",0,3,non,"Réflexion scientifique neutre sur les intelligences, conclut sur contrôle humain rassurant.",2,agent
90,Intelligence Artificielle : Mode d'emploi pour déployer l'IA en toute sécurité juridique,,Gérard Haas,Eni,Datapro,9782409055348,Grand format,35.00 €,19 Août 2026,https://www.librel.be/livre/9782409055348-intelligence-artificielle-mode-d-emploi-pour-deployer-l-ia-en-toute-securite-juridique-gerard-haas/,https://images.epagine.fr/348/9782409055348_1_m.jpg,0,3,« Sécurité juridique » : réassurant.,2,2,non,"Risques juridiques réels (deepfakes, cyberattaques) mais guide pragmatique orienté solutions, non alarmiste.",-2,agent
91,Intelligence artificielle : Une (r)évolution ? 120 dessins de presse,,"Collectif, Olivier Tesquet",Gallimard Loisirs,Cartooning For Peace,9782742466610,Grand format,22.00 €,2 Mai 2024,https://www.librel.be/livre/9782742466610-intelligence-artificielle-une-r-evolution-120-dessins-de-presse-collectif/,https://images.epagine.fr/610/9782742466610_1_m.jpg,0,3,"Question légère (r)évolution, sans mot de menace.",1,2,non,"« Pouvoir de destruction » cité comme une opinion parmi d'autres, traitement équilibré et humoristique.",-1,agent
92,Comprendre l'intelligence artificielle et les IA génératives,,Nicolas Sabouret,Éditions Ellipses,,9782340109018,Grand format,15.00 €,18 Novembre 2025,https://www.librel.be/livre/9782340109018-comprendre-l-intelligence-artificielle-et-les-ia-generatives-nicolas-sabouret/,https://images.epagine.fr/018/9782340109018_1_m.jpg,0,3,"Neutre, pédagogique.",0,3,non,"Ouvrage pédagogique démystifiant le fonctionnement de l'IA, ton neutre explicatif.",0,agent
93,L'intelligence artificielle n'est pas une question technologique : échanges entre le philosophe et l'information,,"Laurent Bibard, Nicolas Sabouret",Editions de l'Aube,Mikros Essai,9782815960250,Poche,13.00 €,19 Avril 2024,https://www.librel.be/livre/9782815960250-l-intelligence-artificielle-n-est-pas-une-question-technologique-echanges-entre-le-philosophe-et-l-information-laurent-bibard-nicolas-sabouret/,https://images.epagine.fr/250/9782815960250_1_m.jpg,0,3,"Neutre, philosophique.",0,2,non,Recentre le débat sur nos attentes plutôt que sur un danger de l'IA.,0,agent
94,"L'individu, fin de parcours ? Le piège de l'intelligence artificielle",,Julien Gobin,Gallimard,Le Débat,9782073049780,Grand format,21.00 €,8 Février 2024,https://www.librel.be/livre/9782073049780-l-individu-fin-de-parcours-le-piege-de-l-intelligence-artificielle-julien-gobin/,https://images.epagine.fr/780/9782073049780_1_m.jpg,5,3,"« Piège », « fin de parcours » : menace frontale et perte.",3,2,non,Risque de perte du libre arbitre développé mais formulé comme question ouverte finale.,2,agent
95,Intelligence Artificielle : Premiers pas vers le Deep Learning en JavaScript,,Alexandre Brillant,Eni,Expert It,9782409053139,Grand format,39.00 €,18 Mars 2026,https://www.librel.be/livre/9782409053139-intelligence-artificielle-premiers-pas-vers-le-deep-learning-en-javascript-alexandre-brillant/,https://images.epagine.fr/139/9782409053139_1_m.jpg,0,3,"Neutre, technique (Deep Learning).",0,3,non,"Manuel de programmation technique, entièrement neutre et pratique.",0,agent
97,"Penser l'intelligence artificielle : Enjeux philosophiques, politiques et culturels de l'automatisation numérique",,"Collectif, Baptiste Loreaux, Alban Leveau-Vallier, Anne Alombert",Les presses du réel,Artec,9782378965907,Grand format,18.00 €,19 Décembre 2025,https://www.librel.be/livre/9782378965907-penser-l-intelligence-artificielle-enjeux-philosophiques-politiques-et-culturels-de-l-automatisation-numerique-collectif-baptiste-loreaux/,https://images.epagine.fr/907/9782378965907_1_m.jpg,0,3,"Neutre, académique (« Penser »).",0,3,non,"Rejette explicitement fascination aveugle et rejet irrationnel, analyse transdisciplinaire équilibrée.",0,agent
98,Histoire de l'Informatique : Du calcul mécanique à l'intelligence artificielle,,Sébastien Inion,Éditions Ellipses,,9782340108448,Grand format,23.00 €,14 Octobre 2025,https://www.librel.be/livre/9782340108448-histoire-de-l-informatique-du-calcul-mecanique-a-l-intelligence-artificielle-sebastien-inion/,https://images.epagine.fr/448/9782340108448_1_m.jpg,0,3,"Neutre, historique.",0,3,non,"Histoire de l'informatique, éthique citée en passant parmi d'autres enjeux, ton neutre.",0,agent
99,Quand l'Intelligence Artificielle révolutionne le Droit : Opportunités et défis,,Jean-Michel Rodriguez,Eni,Datapro,9782409051449,Grand format,39.00 €,17 Septembre 2025,https://www.librel.be/livre/9782409051449-quand-l-intelligence-artificielle-revolutionne-le-droit-opportunites-et-defis-jean-michel-rodriguez/,https://images.epagine.fr/449/9782409051449_1_m.jpg,1,2,"« Défis » mineur, contrebalancé par « Opportunités ».",1,2,non,"« Fait peur parfois » minimisé, accent sur intégration positive et justice améliorée.",0,agent
100,La guerre à l'ère de l'intelligence artificielle : quand les machines prennent les armes,,Laure de Roucy-rochegonde,PUF,,9782130870982,Grand format,18.00 €,16 Octobre 2024,https://www.librel.be/livre/9782130870982-la-guerre-a-l-ere-de-l-intelligence-artificielle-quand-les-machines-prennent-les-armes-laure-de-roucy-rochegonde/,https://images.epagine.fr/982/9782130870982_1_m.jpg,5,3,"« Guerre », « machines prennent les armes » : frontal, maximal.",3,2,non,"Robots tueurs : questions réelles et non tranchées sur contrôle, droit de la guerre.",2,agent
101,L'approche systémique pour gérer l'incertitude et la complexité : À l'heure de l'intelligence artificielle,,Arlette Yatchinovsky,ESF sciences humaines,Formation Permanente,9782710148562,Grand format,25.00 €,29 Janvier 2026,https://www.librel.be/livre/9782710148562-l-approche-systemique-pour-gerer-l-incertitude-et-la-complexite-a-l-heure-de-l-intelligence-artificielle-arlette-yatchinovsky/,https://images.epagine.fr/562/9782710148562_1_m.jpg,1,2,"« Incertitude » : risque léger, cadre méthodologique.",0,3,non,"Ouvrage sur la pensée systémique, IA en comparaison ponctuelle, ton neutre.",1,agent
102,Une brève histoire du droit d'auteur : de l'Antiquité à l'intelligence artificielle,,"Jean-Baptiste Rendu, Richard Robert",Flammarion,Beaux Livres,9782080435293,Grand format,25.00 €,31 Janvier 2024,https://www.librel.be/livre/9782080435293-une-breve-histoire-du-droit-d-auteur-de-l-antiquite-a-l-intelligence-artificielle-jean-baptiste-rendu-richard-robert/,https://images.epagine.fr/293/9782080435293_1_m.jpg,0,3,"Neutre, historique (droit d'auteur).",1,2,non,"IA citée comme défi parmi d'autres pour le droit d'auteur, analyse historique dominante.",-1,agent
103,L'intelligence artificielle et ses applications en 100 questions/réponses,,Lamia El Badawi,Éditions Ellipses,100 Questions/Réponses,9782340098558,Grand format,16.00 €,25 Février 2025,https://www.librel.be/livre/9782340098558-l-intelligence-artificielle-et-ses-applications-en-100-questions-reponses-lamia-el-badawi/,https://images.epagine.fr/558/9782340098558_1_m.jpg,0,3,"Neutre, format questions/réponses.",1,3,non,Risques et dangers mentionnés mais conclusion explicite « loin de toute exagération ».,-1,agent
104,3 minutes pour comprendre : 50 avancées majeures de l'intelligence artificielle,,Luis de Miranda,Le Courrier du Livre,3 Minutes Pour Comprendre,9782702915141,Grand format,19.53 €,15 Mai 2019,https://www.librel.be/livre/9782702915141-3-minutes-pour-comprendre-50-avancees-majeures-de-l-intelligence-artificielle-luis-de-miranda/,https://images.epagine.fr/141/9782702915141_1_m.jpg,0,3,« Avancées majeures » : positif.,1,2,non,"Questions sur dépassement de l'humain posées, mais objectif affiché est une opinion éclairée équilibrée.",-1,agent
105,"2025, l'Odyssée de l'IA : Représentation et usage de l'intelligence artificielle au cinéma",,Elodie Hachet,Passages,Focale(S),9782492986284,Grand format,18.00 €,26 Mars 2026,https://www.librel.be/livre/9782492986284-2025-l-odyssee-de-l-ia-representation-et-usage-de-l-intelligence-artificielle-au-cinema-elodie-hachet/,https://images.epagine.fr/284/9782492986284_1_m.jpg,0,3,"« Odyssée » : aventure, pas menace.",0,2,non,"Rejette peur et technophilie aveugle, propose analyse esthétique et critique équilibrée.",0,agent
106,L'Éthique de l'intelligence artificielle expliquée à mon fils,,Enrico Panai,Éditions Mimésis,,9788869764271,Grand format,14.00 €,24 Septembre 2024,https://www.librel.be/livre/9788869764271-l-ethique-de-l-intelligence-artificielle-expliquee-a-mon-fils-enrico-panai/,https://images.epagine.fr/271/9788869764271_1_m.jpg,0,3,"Neutre, pédagogique (expliqué à mon fils).",1,2,non,"Risques évoqués dans un dialogue familial cherchant la nuance, pas de thèse alarmiste.",-1,agent
107,Droit de l'intelligence artificielle,,"Grégoire Loiseau, Alexandra Bensamoun",LGDJ,Droit & Pratique Professionnelle,9782275162027,Grand format,89.00 €,10 Mars 2026,https://www.librel.be/livre/9782275162027-droit-de-l-intelligence-artificielle-3e-edition-gregoire-loiseau-alexandra-bensamoun/,https://images.epagine.fr/027/9782275162027_1_m.jpg,0,3,"Neutre, juridique.",0,3,non,"Sommaire thématique juridique purement descriptif, aucune orientation négative.",0,agent
108,IA Démocratie : Rester un citoyen libre à l'ère de l'Intelligence Artificielle,,"Lionel Dos Santos de Sousa, Thomas Jamet",Diateino,,9782354568368,Grand format,23.00 €,29 Octobre 2025,https://www.librel.be/livre/9782354568368-ia-democratie-rester-un-citoyen-libre-a-l-ere-de-l-intelligence-artificielle-lionel-dos-santos-de-sousa-thomas-jamet/,https://images.epagine.fr/368/9782354568368_1_m.jpg,2,2,« Rester citoyen libre » : enjeu formulé positivement.,1,3,non,Manipulation citoyenne évoquée puis explicitement désamorcée : « loin de tout alarmisme ».,1,agent
109,Robopoïèses : Les intelligences artificielles de la nature,,André Ourednik,La Baconnière,,9782889601448,Grand format,13.00 €,22 Mars 2024,https://www.librel.be/livre/9782889601448-robopoieses-les-intelligences-artificielles-de-la-nature-2e-edition-andre-ourednik/,https://images.epagine.fr/448/9782889601448_1_m.jpg,0,3,"Neutre, néologisme nature.",0,2,non,"Essai historique et philosophique neutre, question finale ouverte sans thèse de menace.",0,agent
110,"2041, l'odyssée de la médecine : comment l'intelligence artificielle bouleverse la médecine ?",,Jean-Emmanuel Bibault,Éditions des Équateurs,Essais,9782382844212,Grand format,19.00 €,18 Janvier 2023,https://www.librel.be/livre/9782382844212-2041-l-odyssee-de-la-medecine-comment-l-intelligence-artificielle-bouleverse-la-medecine-jean-emmanuel-bibault/,https://images.epagine.fr/212/9782382844212_1_m.jpg,1,2,"« Bouleverse » : changement notable, non explicitement négatif.",0,3,non,Récit entièrement positif sur l'IA au service de la lutte contre la maladie.,1,agent
111,Fantasia : Contes et légendes de l'intelligence artificielle,,Laura Sibony,Éditions Grasset,Littérature Française,9782246833482,Grand format,22.10 €,31 Janvier 2024,https://www.librel.be/livre/9782246833482-fantasia-contes-et-legendes-de-l-intelligence-artificielle-laura-sibony/,https://images.epagine.fr/482/9782246833482_1_m.jpg,0,3,"« Contes et légendes » : univers narratif neutre, aucune menace.",1,2,non,"Peurs/paires positif-négatif évoquées puis désamorcées par visée narrative, pédagogique, non jugeante.",-1,agent
112,L'essentiel de l'intelligence artificielle,,Samuel Nowakowski,Studyrama,Les Incontournables,9782759056132,Grand format,12.00 €,4 Novembre 2024,https://www.librel.be/livre/9782759056132-l-essentiel-de-l-intelligence-artificielle-samuel-nowakowski/,https://images.epagine.fr/132/9782759056132_1_m.jpg,0,3,"« L'essentiel » : neutre, pédagogique.",0,3,non,Présentation neutre et informative d'un ouvrage pratique en fiches.,0,agent
113,Green IA : L'intelligence artificielle au service du climat,,Gilles Babinet,Éditions Odile Jacob,Sciences Humaines,9782415008291,Grand format,23.00 €,27 Mars 2024,https://www.librel.be/livre/9782415008291-green-ia-l-intelligence-artificielle-au-service-du-climat-gilles-babinet/,https://images.epagine.fr/291/9782415008291_1_m.jpg,0,3,"« Au service du climat » : positif, aucune menace.",1,2,non,Risque environnemental cité puis aussitôt retourné en démonstration du potentiel positif de l'IA.,-1,agent
114,Urbex : Exploration d'un monde abandonné par l'intelligence artificielle,,Francis Meslet,Jonglez,,9782361957971,Grand format,39.95 €,17 Octobre 2024,https://www.librel.be/livre/9782361957971-urbex-exploration-d-un-monde-abandonne-par-l-intelligence-artificielle-francis-meslet/,https://images.epagine.fr/971/9782361957971_1_m.jpg,3,2,"« Monde abandonné » : désolation nette, tempérée par le cadre « Urbex ».",0,2,non,"Texte très court, purement descriptif et valorisant.",3,agent
115,L'humain au risque de l'intelligence artificielle,,"Juliette Duquesne, Pierre Rabhi",Presses Du Chatelet,,9782381950341,Grand format,17.00 €,6 Mai 2021,https://www.librel.be/livre/9782381950341-l-humain-au-risque-de-l-intelligence-artificielle-juliette-duquesne-pierre-rabhi/,https://images.epagine.fr/341/9782381950341_1_m.jpg,2,2,« Au risque de » : mot de risque explicite mais non dramatique.,3,2,non,"Surveillance, indiscrétion et risques insidieux développés, mais question de solutions laissée ouverte.",-1,agent
116,Les réseaux sociaux à l'heure de l'intelligence artificielle : Mieux comprendre pour développer une stratégie efficace,,Romain Rissoan,Eni,Marketing Book,9782409047800,Grand format,29.00 €,12 Février 2025,https://www.librel.be/livre/9782409047800-les-reseaux-sociaux-a-l-heure-de-l-intelligence-artificielle-mieux-comprendre-pour-developper-une-strategie-efficace-8e-edition-romain-rissoan/,https://images.epagine.fr/800/9782409047800_1_m.jpg,0,3,"Neutre, « stratégie efficace » : cadre professionnel.",0,3,non,Guide marketing pratique ; risques mentionnés en passant seulement.,0,agent
117,"La déferlante : Intelligence artificielle, pouvoir : le dilemne majeur du XXIe siècle",,"Michael Bhaskar, Mustafa Suleyman",Fayard,Documents Fayard,9782213726687,Grand format,24.10 €,25 Octobre 2023,https://www.librel.be/livre/9782213726687-la-deferlante-intelligence-artificielle-pouvoir-le-dilemne-majeur-du-xxie-siecle-michael-bhaskar-mustafa-suleyman/,https://images.epagine.fr/687/9782213726687_1_m.jpg,3,2,"« Déferlante » et « dilemme majeur » : angle négatif net, non métaphore choc.",5,3,non,"Virus, deepfakes, armes autonomes : « endiguement » des technologies dangereuses comme dilemme central.",-2,agent
118,"Intelligence artificielle, IA le match du siècle",,Raphaël Balenieri,Talent Éditions,Business,9782378153977,Grand format,19.00 €,18 Septembre 2024,https://www.librel.be/livre/9782378153977-intelligence-artificielle-ia-le-match-du-siecle-raphael-balenieri/,https://images.epagine.fr/977/9782378153977_1_m.jpg,1,2,"« Le match du siècle » : rivalité ludique, aucune menace nommée.",2,2,non,"Menace sur l'emploi citée une fois, secondaire au récit de compétition économique.",-1,agent
119,Asimov s'est planté : l'agacante intelligence artificielle,,"Marc Chinal, Mathieu Faure",Reflechir N'A Jamais Tue Personne,,9782952628051,Grand format,15.95 €,20 Octobre 2021,https://www.librel.be/livre/9782952628051-asimov-s-est-plante-l-agacante-intelligence-artificielle-marc-chinal-mathieu-faure/,https://images.epagine.fr/051/9782952628051_1_m.jpg,1,2,"« S'est planté », « agacante » : moquerie, pas de danger.",0,2,non,"Conte philosophique sur la mortalité, l'IA n'est qu'un élément narratif final.",1,agent
120,"L'IA dans tous ses états : L'Intelligence Artificielle et les questions qu'elle soulève : Société, organisation, environnement, juridique et éthique",,"Jerome Lucereau, Nicolas Blanchon",Gereso,,9791039710855,Grand format,28.00 €,30 Octobre 2025,https://www.librel.be/livre/9791039710855-l-ia-dans-tous-ses-etats-l-intelligence-artificielle-et-les-questions-qu-elle-souleve-societe-organisation-environnement-juridique-et-ethique-jerome-lucereau-nicolas-blanchon/,https://images.epagine.fr/855/9791039710855_1_m.jpg,0,3,"Neutre, liste académique de thématiques.",1,3,non,Rejette explicitement l'alarmisme et l'enthousiasme béat ; visée de lucidité équilibrée.,-1,agent
121,Intelligence artificielle : le cadre juridique européen de l'IA : L'analyse de l'Acte sur l'IA et des régulations connexes,,Aurélie Banck,Gualino,Droit En Poche,9782297282857,Grand format,9.80 €,12 Novembre 2024,https://www.librel.be/livre/9782297282857-intelligence-artificielle-le-cadre-juridique-europeen-de-l-ia-l-analyse-de-l-acte-sur-l-ia-et-des-regulations-connexes-aurelie-banck/,https://images.epagine.fr/857/9782297282857_1_m.jpg,0,3,"Neutre, juridique et réglementaire.",0,3,non,Présentation neutre et juridique du règlement européen sur l'IA.,0,agent
122,La Franc-Maçonnerie à l'épreuve de l'intelligence artificielle,,Yonnel Ghernaouti,Le Compas dans l'Oeil,Ouverture,9782487319462,Poche,12.00 €,26 Février 2026,https://www.librel.be/livre/9782487319462-la-franc-maconnerie-a-l-epreuve-de-l-intelligence-artificielle-yonnel-ghernaouti/,https://images.epagine.fr/462/9782487319462_1_m.jpg,1,3,"« À l'épreuve » : tension suggérée, aucun mot de menace fort.",1,2,non,"« Ne condamne pas... non à la peur, mais à la conscience » : posture explicitement non alarmiste.",0,agent
123,"Intelligence artificielle : Cours, exercices et projets",,"Louis Gacogne, Paul de Laboulaye",Éditions Ellipses,Références Sciences,9782340109070,Grand format,34.00 €,16 Décembre 2025,https://www.librel.be/livre/9782340109070-intelligence-artificielle-cours-exercices-et-projets-louis-gacogne/,https://images.epagine.fr/070/9782340109070_1_m.jpg,0,3,"Neutre, manuel scolaire (« Cours, exercices »).",0,3,non,"Manuel pédagogique pour étudiants ingénieurs, purement technique et neutre.",0,agent
124,"Intelligence artificielle et marché de l'emploi : Enjeux, gouvernance et nouvelles dynamiques",,"Nathalie Nevejans, Dimitra Pallantza, Collectif",Mare & Martin,Droit Privé & Sciences Criminelles,9782386002090,Grand format,20.00 €,25 Juin 2026,https://www.librel.be/livre/9782386002090-intelligence-artificielle-et-marche-de-l-emploi-enjeux-gouvernance-et-nouvelles-dynamiques-nathalie-nevejans-dimitra-pallantza-collectif/,https://images.epagine.fr/090/9782386002090_1_m.jpg,0,3,"« Enjeux, gouvernance » : neutre, professionnel.",0,2,non,"Énumération juridique factuelle des enjeux de l'IA sur l'emploi, sans thèse de menace.",0,agent
125,L'intelligence artificielle dans l'arène géopolitique,,Jean-François Gagné,PU de Montréal,Le Monde En Poche,9782760655140,Grand format,8.00 €,20 Août 2026,https://www.librel.be/livre/9782760655140-l-intelligence-artificielle-dans-l-arene-geopolitique-jean-francois-gagne/,https://images.epagine.fr/140/9782760655140_1_m.jpg,2,2,"« Arène » évoque une confrontation/compétition, modérée.",2,2,non,"Rivalités de puissance autour de l'IA analysées, question de l'issue laissée ouverte.",0,agent
126,Smart building : l'essentiel : Des automates programmables à l'intelligence artificielle,,Jean-Pierre Arnaud,Le Moniteur,,9782281148312,Grand format,39.20 €,19 Novembre 2025,https://www.librel.be/livre/9782281148312-smart-building-l-essentiel-des-automates-programmables-a-l-intelligence-artificielle-jean-pierre-arnaud/,https://images.epagine.fr/312/9782281148312_1_m.jpg,0,3,"Neutre, technique (automates programmables).",0,3,non,Guide technique sur les bâtiments intelligents ; IA et cybersécurité citées en passant.,0,agent
127,Face aux défis de l'intelligence artificielle générative,,"Hugues Bersini, Bruno Colmant, Benoit Frydman, B. Macq, Catheine Piérer D'Ieteren",Académie royale de Belgique,L'Académie En Poche,9782803109388,Poche,9.00 €,13 Mars 2024,https://www.librel.be/livre/9782803109388-face-aux-defis-de-l-intelligence-artificielle-generative-hugues-bersini-bruno-colmant-benoit-frydman-b-macq-catheine-pierer-d-ieteren/,https://images.epagine.fr/388/9782803109388_1_m.jpg,0,2,"« Défis » : mot courant neutre, pas dramatique ici.",0,3,non,Sommaire académique neutre des thématiques de l'IA générative.,0,agent
128,"Externalisation des SI : révolution Cloud : Infrastructures, applications, Cloud et intelligence artificielle",,Pierre-Jean Esbelin,Gereso,,9791039711357,Grand format,27.00 €,11 Juin 2026,https://www.librel.be/livre/9791039711357-externalisation-des-si-revolution-cloud-infrastructures-applications-cloud-et-intelligence-artificielle-4e-edition-pierre-jean-esbelin/,https://images.epagine.fr/357/9791039711357_1_m.jpg,0,3,"Neutre, corporate et technique.",0,3,non,Guide pratique d'externalisation IT ; risques évoqués comme points de vigilance opérationnels.,0,agent
129,Intelligences artificielles ; miroirs de nos vies,,"FibreTigre, Arnold Zephir, Héloïse Chochois",Delcourt,Octopus,9782413013143,Grand format,20.50 €,6 Mars 2019,https://www.librel.be/livre/9782413013143-intelligences-artificielles-miroirs-de-nos-vies-fibretigre-arnold-zephir-heloise-chochois/,https://images.epagine.fr/143/9782413013143_1_m.jpg,0,3,"« Miroirs de nos vies » : image neutre, poétique.",1,2,non,Fantasmes et craintes évoqués puis démêlés pour mieux comprendre les enjeux.,-1,agent
130,"PHP et intelligence artificielle : concepts, outils et applications",,Louis Authie,Eni,Expert It,9782409049613,Grand format,39.00 €,14 Mai 2025,https://www.librel.be/livre/9782409049613-php-et-intelligence-artificielle-concepts-outils-et-applications-louis-authie/,https://images.epagine.fr/613/9782409049613_1_m.jpg,0,3,"Neutre, technique (PHP, concepts, outils).",0,3,non,"Manuel technique de développement PHP appliqué à l'IA, entièrement pratique.",0,agent
131,Anti-manuel d'Intelligence Artificielle : Les nouvelles questions que pose l'IA,,"Vladimir Atlani, Victor Storchan, Jean-Michel Blanquer",Eyrolles,,9782416017230,Grand format,22.00 €,5 Septembre 2024,https://www.librel.be/livre/9782416017230-anti-manuel-d-intelligence-artificielle-les-nouvelles-questions-que-pose-l-ia-vladimir-atlani-victor-storchan/,https://images.epagine.fr/230/9782416017230_1_m.jpg,0,2,"« Anti-manuel » : posture contrariante, pas de menace.",2,2,non,"Deepfakes, fin du travail, discriminations listés, mais visée pédagogique et de débat citoyen dominante.",-2,agent
132,Les sciences informatiques : De Turing à l'intelligence artificielle,,Jérôme Kehrli,Eni,Datapro,9782409052262,Grand format,35.00 €,10 Décembre 2025,https://www.librel.be/livre/9782409052262-les-sciences-informatiques-de-turing-a-l-intelligence-artificielle-jerome-kehrli/,https://images.epagine.fr/262/9782409052262_1_m.jpg,0,3,"Neutre, historique des sciences.",0,3,non,"Ouvrage théorique d'informatique, invite à un regard critique sans thèse négative.",0,agent
133,L'intelligence artificielle expliquée : Des concepts de base aux applications avancées de l'IA,,David Brenet,Eni,Ressources Informatiques,9782409043567,Grand format,32.00 €,7 Février 2024,https://www.librel.be/livre/9782409043567-l-intelligence-artificielle-expliquee-des-concepts-de-base-aux-applications-avancees-de-l-ia-david-brenet/,https://images.epagine.fr/567/9782409043567_1_m.jpg,0,3,"Neutre, pédagogique (« concepts de base »).",0,3,non,"Vulgarisation complète et positive, enjeux éthiques mentionnés brièvement en fin de liste.",0,agent
134,IA illusion d'avenir : Les dangers de l'intelligence artificielle Tome 1,,Emmanuelle Darles,Marco Pietteur,,9782874342370,Grand format,20.00 €,7 Octobre 2025,https://www.librel.be/livre/9782874342370-ia-illusion-d-avenir-les-dangers-de-l-intelligence-artificielle-tome-1-emmanuelle-darles/,https://images.epagine.fr/370/9782874342370_1_m.jpg,4,3,"« Les dangers de l'intelligence artificielle » : menace explicite, sans détour.",5,3,non,"IA comme « instrument de pouvoir », « machine à exclure » : thèse de domination développée et centrale.",-1,agent
135,Ce sera l'IA générative et moi : Comprendre l'intelligence artificielle et transformer son métier,,Cécile Dejoux,Vuibert,,9782311629255,Grand format,21.00 €,20 Février 2025,https://www.librel.be/livre/9782311629255-ce-sera-l-ia-generative-et-moi-comprendre-l-intelligence-artificielle-et-transformer-son-metier-cecile-dejoux/,https://images.epagine.fr/255/9782311629255_1_m.jpg,0,3,« Transformer son métier » : neutre/positif.,0,3,non,"Guide professionnel de développement de compétences, entièrement positif et pratique.",0,agent
136,Manuel de survie à l'IA : Comprendre l'intelligence artificielle et la maîtriser au quotidien,,"Edouard Fillias, Alexandre Villeneuve",Éditions Ellipses,,9782340099616,Grand format,16.50 €,14 Janvier 2025,https://www.librel.be/livre/9782340099616-manuel-de-survie-a-l-ia-comprendre-l-intelligence-artificielle-et-la-maitriser-au-quotidien-edouard-fillias-alexandre-villeneuve/,https://images.epagine.fr/616/9782340099616_1_m.jpg,4,3,« Manuel de survie » : mot de survie = menace forte.,2,2,non,"Dangers évoqués explicitement mais traités à égalité avec les opportunités, technologie présentée comme « duale ».",2,agent
137,Droit de l'intelligence artificielle,,Lêmy Godefroy,Éditions Ellipses,100% Droit,9782340104020,Grand format,38.00 €,8 Juillet 2025,https://www.librel.be/livre/9782340104020-droit-de-l-intelligence-artificielle-lemy-godefroy/,https://images.epagine.fr/020/9782340104020_1_m.jpg,0,3,"Neutre, juridique.",0,3,non,"Manuel juridique universitaire, présentation neutre de l'encadrement de l'IA.",0,agent
138,"L'éthique de l'intelligence artificielle : principes, défis et opportunités",,Luciano Floridi,Éditions Mimésis,Philosophie,9788869763762,Grand format,28.00 €,21 Septembre 2023,https://www.librel.be/livre/9788869763762-l-ethique-de-l-intelligence-artificielle-principes-defis-et-opportunites-luciano-floridi/,https://images.epagine.fr/762/9788869763762_1_m.jpg,0,3,"« Défis et opportunités » : équilibré, neutre.",1,2,non,Doutes et défis éthiques cités mais contrebalancés par les « extraordinaires opportunités » et une visée constructive.,-1,agent
139,Innovation de l'intelligence artificielle appliquée à l'analyse d'images médicales en sénologie et cardiologie interventionnelle,,Xavier Lesage,Éditions Universitaires de l'UMONS,,9782873257859,Grand format,80.00 €,13 Août 2026,https://www.librel.be/livre/9782873257859-innovation-de-l-intelligence-artificielle-appliquee-a-l-analyse-d-images-medicales-en-senologie-et-cardiologie-interventionnelle-xavier-lesage/,https://images.epagine.fr/859/9782873257859_1_m.jpg,0,3,"Neutre, médical/technique.",0,3,non,Recherche médicale technique et positive sur l'aide au diagnostic du cancer du sein.,0,agent
140,Le design des choses à l'heure du numérique et de l'intelligence artificielle,,Jean-Louis Frechin,FYP,Desseing,9782364052345,Grand format,24.00 €,12 Janvier 2024,https://www.librel.be/livre/9782364052345-le-design-des-choses-a-l-heure-du-numerique-et-de-l-intelligence-artificielle-jean-louis-frechin/,https://images.epagine.fr/345/9782364052345_1_m.jpg,0,3,"Neutre, design/numérique.",0,3,non,"Exploration du design et de l'IA, « défis » mentionnés brièvement sans développement négatif.",0,agent
141,Voyage au bout de l'IA : Ce qu'il faut savoir sur l'intelligence artificielle,,Axel Cypel,De Boeck Supérieur,Informatique,9782807360594,Grand format,17.90 €,24 Octobre 2023,https://www.librel.be/livre/9782807360594-voyage-au-bout-de-l-ia-ce-qu-il-faut-savoir-sur-l-intelligence-artificielle-axel-cypel/,https://images.epagine.fr/594/9782807360594_1_m.jpg,0,2,« Voyage au bout de l'IA » : expression neutre de découverte.,1,2,non,"Peur/inquiétude évoquées puis désamorcées : « il faut raison garder », pas de rupture.",-1,agent
142,La révolution ChatGPT : L'intelligence artificielle qui a déjà séduit plus de 100 millions d'utilisateurs dans le monde !,,Eric Sarrion,Eyrolles,,9782416016431,Grand format,18.00 €,10 Octobre 2024,https://www.librel.be/livre/9782416016431-la-revolution-chatgpt-l-intelligence-artificielle-qui-a-deja-seduit-plus-de-100-millions-d-utilisateurs-dans-le-monde-2e-edition-eric-sarrion/,https://images.epagine.fr/431/9782416016431_1_m.jpg,0,3,"« A séduit » : cadrage positif, popularité.",0,3,non,"Présentation neutre et descriptive de ChatGPT, son fonctionnement et ses usages.",0,agent
143,Le guide de l'écriture assistée par l'intelligence artificielle,,Lucie Rondelet,Eyrolles,,9782416017360,Grand format,29.00 €,3 Octobre 2024,https://www.librel.be/livre/9782416017360-le-guide-de-l-ecriture-assistee-par-l-intelligence-artificielle-lucie-rondelet/,https://images.epagine.fr/360/9782416017360_1_m.jpg,0,3,"Neutre, guide pratique d'écriture.",0,3,non,"Guide pratique neutre pour écrire avec l'IA générative, conseils et bonnes pratiques.",0,agent
144,Créativités artificielles : la littérature et l'art à l'heure de l'intelligence artificielle,,"Collectif, Alexandre Gefen",Les presses du réel,Figures,9782378962623,Grand format,15.00 €,13 Mars 2023,https://www.librel.be/livre/9782378962623-creativites-artificielles-la-litterature-et-l-art-a-l-heure-de-l-intelligence-artificielle-collectif-alexandre-gefen/,https://images.epagine.fr/623/9782378962623_1_m.jpg,0,3,"Neutre, académique (littérature et art).",0,2,non,"Réflexion académique sur l'art généré par IA, questions ouvertes sur la critique esthétique.",0,agent
145,Intelligence artificielle et vulnérabilité,,"Guilhem Julia, Anne Fauchon, Collectif",Mare & Martin,Droit Privé & Sciences Criminelles,9782386002380,Grand format,20.00 €,30 Avril 2026,https://www.librel.be/livre/9782386002380-intelligence-artificielle-et-vulnerabilite-guilhem-julia-anne-fauchon-collectif/,https://images.epagine.fr/380/9782386002380_1_m.jpg,2,2,"« Vulnérabilité » : mot de risque abstrait, non dramatique.",2,2,non,IA présentée comme cause et remède des vulnérabilités : négatif réel mais équilibré.,0,agent
146,Médicaments intelligents : Se soigner demain grâce à l'intelligence artificielle,,Philippe Moingeon,De Boeck Supérieur,,9782807366879,Grand format,14.90 €,20 Février 2025,https://www.librel.be/livre/9782807366879-medicaments-intelligents-se-soigner-demain-grace-a-l-intelligence-artificielle-philippe-moingeon/,https://images.epagine.fr/879/9782807366879_1_m.jpg,0,3,« Grâce à » : cadrage positif.,0,3,non,"Ton entièrement positif sur l'IA en médecine, promesses de traitements personnalisés.",0,agent
147,Jamais son mon écran ! Comment l'intelligence artificielle fait naître une nouvelle civilisation,,Philippe Bloch,Ventana,,9782919728428,Grand format,12.00 €,19 Septembre 2024,https://www.librel.be/livre/9782919728428-jamais-son-mon-ecran-comment-l-intelligence-artificielle-fait-naitre-une-nouvelle-civilisation-philippe-bloch/,https://images.epagine.fr/428/9782919728428_1_m.jpg,2,2,"« Jamais sans mon écran » : dépendance suggérée, tempérée par « nouvelle civilisation ».",1,2,non,"Bulles virtuelles évoquées puis reformulées en allié, refus explicite de « menace ».",1,agent
148,La guerre des intelligences ; comment l'intelligence artificielle va révolutionner l'éducation,,Laurent Alexandre,Le Livre de Poche,Le Livre De Poche,9782253257417,Poche,9.60 €,9 Janvier 2019,https://www.librel.be/livre/9782253257417-la-guerre-des-intelligences-comment-l-intelligence-artificielle-va-revolutionner-l-education-laurent-alexandre/,https://images.epagine.fr/417/9782253257417_1_m.jpg,4,2,"« La guerre des intelligences » : métaphore forte, tempérée par « révolutionner l'éducation ».",4,2,non,"« Guerre des intelligences », inégalités insupportables : cadrage négatif dominant sur l'éducation.",0,agent
149,Cahiers français n.441 : Intelligence artificielle : quel progrès ?,,Collectif,Documentation Française,Cahiers Français,9782111579613,Revue,10.00 €,12 Septembre 2024,https://www.librel.be/livre/9782111579613-cahiers-francais-n-441-intelligence-artificielle-quel-progres-collectif/,https://images.epagine.fr/613/9782111579613_1_m.jpg,0,3,"« Quel progrès ? » : question neutre, non menaçante.",2,2,non,"Dangers réels (manipulation, emploi) cités mais recherche d'un « juste milieu » équilibré.",-2,agent
150,Adelaïde : Lorsque l'intelligence artificielle casse les codes,,"Christiane Féral-Schuhl, Tiphaine Mary",Dalloz,Hors Collection Dalloz,9782247228331,Grand format,19.90 €,16 Mai 2024,https://www.librel.be/livre/9782247228331-adelaide-lorsque-l-intelligence-artificielle-casse-les-codes-christiane-feral-schuhl-tiphaine-mary/,https://images.epagine.fr/331/9782247228331_1_m.jpg,0,2,« Casse les codes » : disruption à connotation positive.,3,2,non,"Surveillance de données intimes, question ouverte sur la dangerosité de l'IA, non tranchée.",-3,agent
151,La révolution IA : Quand l'intelligence artificielle réinvente l'entreprise,,"Arnaud Contival, Alina Krasnobrizha, Luc Julia",Heliopoles,Autres Essais,9782379851124,Grand format,24.00 €,13 Mars 2025,https://www.librel.be/livre/9782379851124-la-revolution-ia-quand-l-intelligence-artificielle-reinvente-l-entreprise-arnaud-contival-alina-krasnobrizha/,https://images.epagine.fr/124/9782379851124_1_m.jpg,0,3,« Réinvente » : positif.,0,2,non,Enjeux éthiques mentionnés en passant ; ton globalement enthousiaste sur la transformation par l'IA.,0,agent
152,L'Intelligence Artificielle au service des métiers de l'IT : Comprendre et maîtriser la révolution IA,,David Brenet,Eni,Expert It,9782409049699,Grand format,39.00 €,14 Mai 2025,https://www.librel.be/livre/9782409049699-l-intelligence-artificielle-au-service-des-metiers-de-l-it-comprendre-et-maitriser-la-revolution-ia-david-brenet/,https://images.epagine.fr/699/9782409049699_1_m.jpg,0,3,« Au service des métiers » : positif.,0,3,non,"Manuel technique pour développeurs, enjeux éthiques mentionnés en passant, ton neutre.",0,agent
153,Éthique des algorithmes et de l'intelligence artificielle,,Maël Pegny,Vrin,Pour Demain,9782711631865,Grand format,29.00 €,3 Octobre 2024,https://www.librel.be/livre/9782711631865-ethique-des-algorithmes-et-de-l-intelligence-artificielle-mael-pegny/,https://images.epagine.fr/865/9782711631865_1_m.jpg,0,3,"Neutre, académique (éthique des algorithmes).",0,2,non,"Introduction académique neutre à l'éthique des algorithmes, équité et vie privée.",0,agent
154,Intelligence artificielle : une approche moderne,,"Peter Norvig, Stuart Russell, Laurent Miclet",Pearson,,9782326002210,Grand format,79.00 €,26 Novembre 2021,https://www.librel.be/livre/9782326002210-intelligence-artificielle-une-approche-moderne-4e-edition-peter-norvig-stuart-russell/,https://images.epagine.fr/210/9782326002210_1_m.jpg,0,3,"Neutre, manuel classique (« approche moderne »).",0,3,non,"Manuel de référence technique, entièrement neutre et descriptif.",0,agent
155,L'intelligence artificielle va-t-elle transformer la franc-maçonnerie ?,,Franck Fouqueray,Dervy Almora,Les Outils Maçonniques Du Xxie Siècle,9791024218274,Poche,9.90 €,30 Avril 2025,https://www.librel.be/livre/9791024218274-l-intelligence-artificielle-va-t-elle-transformer-la-franc-maconnerie-franck-fouqueray/,https://images.epagine.fr/274/9791024218274_1_m.jpg,0,2,"« Transformer » : question neutre, aucune menace nommée.",1,2,non,« Risque de tsunami » évoqué puis question constructive sur comment accompagner la mutation.,-1,agent
156,Intelligence artificielle : impact sur les entreprises et le business : impact sur les entreprises et le business,,Jean-Michel Rodriguez,Eni,Datapro,9782409038006,Grand format,35.00 €,14 Décembre 2022,https://www.librel.be/livre/9782409038006-intelligence-artificielle-impact-sur-les-entreprises-et-le-business-impact-sur-les-entreprises-et-le-business-2e-edition-jean-michel-rodriguez/,https://images.epagine.fr/006/9782409038006_1_m.jpg,0,3,"Neutre, corporate (« impact sur les entreprises »).",2,2,non,"Inquiétudes (biais, emplois) traitées comme chapitres parmi un panorama technique équilibré.",-2,agent
157,L'Intelligence Artificielle,,"Jean David Fermanian, Jacques Henno, Isabelle Ledoux-Rak, Noreen Herzfeld, Thomas Souverain, Laure Solignac",Communio,Revue Catholique Internationale,9782494087101,Grand format,14.00 €,16 Octobre 2025,https://www.librel.be/livre/9782494087101-l-intelligence-artificielle-jean-david-fermanian-jacques-henno-isabelle-ledoux-rak-noreen-herzfeld-thomas-souverain-laure-solignac/,https://images.epagine.fr/101/9782494087101_1_m.jpg,0,3,"Titre nu, neutre.",1,2,non,Explicitement « ni idolâtre ni technophobe » ; démystification des craintes sur l'IA.,-1,agent
158,L'intelligence artificielle générative pour les nuls,,Yasmina Salmandjee,Pour les nuls,,9782412092729,Grand format,24.95 €,18 Janvier 2024,https://www.librel.be/livre/9782412092729-l-intelligence-artificielle-generative-pour-les-nuls-yasmina-salmandjee/,https://images.epagine.fr/729/9782412092729_1_m.jpg,0,3,Neutre (« pour les nuls »).,0,3,non,"Ton entièrement positif et enthousiaste, identique au rang 40.",0,agent
159,Intelligence artificielle : enjeux éthiques et juridiques,,"Stéphane Astier, Gérard Haas",Eni,Datapro,9782409031342,Grand format,45.00 €,18 Août 2021,https://www.librel.be/livre/9782409031342-intelligence-artificielle-enjeux-ethiques-et-juridiques-stephane-astier-gerard-haas/,https://images.epagine.fr/342/9782409031342_1_m.jpg,0,3,« Enjeux éthiques et juridiques » : neutre.,2,2,non,Risques juridiques réels mais traités dans un guide pragmatique de régulation équilibré.,-2,agent
160,Vivre et créer avec ChatGPT : l'intelligence artificielle aura-t-elle réponse à tout ?,,Alexandre Gefen,Editions de L'Observatoire,Essais,9791032929766,Grand format,18.00 €,24 Mai 2023,https://www.librel.be/livre/9791032929766-vivre-et-creer-avec-chatgpt-l-intelligence-artificielle-aura-t-elle-reponse-a-tout-alexandre-gefen/,https://images.epagine.fr/766/9791032929766_1_m.jpg,0,2,"Question neutre, curiosité (« réponse à tout »).",1,2,non,"Explicitement optimiste, « à rebours des discours anti-tech », dangers mentionnés sans être développés.",-1,agent
161,"Guide pratique de l'intelligence artificielle dans l'entreprise : Après ChatGPT : Créer de la valeur, augmenter la performance",,"Stéphane Roder, Luc Julia",Eyrolles,Guide Pratique,9782416014352,Grand format,24.00 €,11 Janvier 2024,https://www.librel.be/livre/9782416014352-guide-pratique-de-l-intelligence-artificielle-dans-l-entreprise-apres-chatgpt-creer-de-la-valeur-augmenter-la-performance-2e-edition-stephane-roder/,https://images.epagine.fr/352/9782416014352_1_m.jpg,0,3,« Créer de la valeur » : positif.,0,3,non,Discours entièrement positif sur la transformation des entreprises par l'IA.,0,agent
162,L'intelligence artificielle pour les illustrateurs et les artistes : Perfectionnez votre art grâce à la technologie,,"Domingo Pino, Franck Mée",Eyrolles,,9782416016042,Grand format,18.50 €,10 Octobre 2024,https://www.librel.be/livre/9782416016042-l-intelligence-artificielle-pour-les-illustrateurs-et-les-artistes-perfectionnez-votre-art-grace-a-la-technologie-domingo-pino/,https://images.epagine.fr/042/9782416016042_1_m.jpg,0,3,« Perfectionnez votre art » : positif.,0,3,non,Présentation entièrement positive de l'IA comme outil créatif pour illustrateurs.,0,agent
163,Géopolitique de l'intelligence artificielle,,Pascal Boniface,Eyrolles,Essais,9782416000553,Grand format,16.90 €,28 Janvier 2021,https://www.librel.be/livre/9782416000553-geopolitique-de-l-intelligence-artificielle-pascal-boniface/,https://images.epagine.fr/553/9782416000553_1_m.jpg,0,3,"Neutre, académique (géopolitique).",3,2,non,"Dichotomies ouvertes (abondance/inégalités, autonomie/1984) posées sans être tranchées.",-3,agent
164,Le droit de la responsabilité civile face à l'intelligence artificielle : L'influence de la réglementation de l'IA sur la réparation du dommage,,"Timothy James, Luc Grynbaum",Mare & Martin,Bibliothèque Des Thèses,9782386002687,Grand format,63.00 €,10 Septembre 2026,https://www.librel.be/livre/9782386002687-le-droit-de-la-responsabilite-civile-face-a-l-intelligence-artificielle-l-influence-de-la-reglementation-de-l-ia-sur-la-reparation-du-dommage-timothy-james/,https://images.epagine.fr/687/9782386002687_1_m.jpg,0,2,"« Dommage » : terme juridique technique, pas évocation de menace.",3,2,non,Thèse développée : le droit actuel protège mal les victimes de dommages causés par l'IA.,-3,agent
165,Prompt : conversations avec une intelligence artificielle,,Dave Mckean,Barbier,,9782494377127,Grand format,35.00 €,5 Avril 2024,https://www.librel.be/livre/9782494377127-prompt-conversations-avec-une-intelligence-artificielle-dave-mckean/,https://images.epagine.fr/127/9782494377127_1_m.jpg,0,3,"Neutre, descriptif (« conversations avec »).",2,2,non,"Artiste « fasciné et inquiété », exploration ambivalente des risques et limites de l'IA.",-2,agent
166,"Comprendre l'intelligence artificielle : Concepts, usages et enjeux",,"Vincent Guigue, Laure Soulier, Collectif",Afnor,100 Questions Pour Comprendre Et Agir,9782124659197,Grand format,26.00 €,27 Mars 2025,https://www.librel.be/livre/9782124659197-comprendre-l-intelligence-artificielle-concepts-usages-et-enjeux-vincent-guigue-laure-soulier-collectif/,https://images.epagine.fr/197/9782124659197_1_m.jpg,0,3,"Neutre, pédagogique.",1,2,non,"Démystification des « fantasmes » et craintes, ton didactique équilibré, pas de thèse de menace.",-1,agent
167,L'intelligence artificielle et les chimpanzés du futur ; pour une anthropologie des intelligences,,Pascal Picq,Éditions Odile Jacob,,9782738145611,Grand format,24.75 €,16 Janvier 2019,https://www.librel.be/livre/9782738145611-l-intelligence-artificielle-et-les-chimpanzes-du-futur-pour-une-anthropologie-des-intelligences-pascal-picq/,https://images.epagine.fr/611/9782738145611_1_m.jpg,0,3,"Neutre, anthropologie académique.",0,2,non,Perspective évolutionniste positive sur la coexistence des intelligences humaines et artificielles.,0,agent
168,L'éducation à l'épreuve de l'intelligence artificielle : Pédagogies en pratique,,"Henrietta Carbonel, Ambroise Baillifard, Collectif",EPISTEME,Pédagogie Universitaire,9782889157082,Grand format,25.00 €,13 Août 2025,https://www.librel.be/livre/9782889157082-l-education-a-l-epreuve-de-l-intelligence-artificielle-pedagogies-en-pratique-henrietta-carbonel-ambroise-baillifard-collectif/,https://images.epagine.fr/082/9782889157082_1_m.jpg,1,3,"« À l'épreuve » : tension suggérée, sans mot de menace fort.",0,3,non,"Explicitement « loin des discours alarmistes », analyse nuancée et lucide de l'IA en éducation.",1,agent
169,"""bonjour ChatGPT""  : Comment l'intelligence artificielle change notre rapport aux autres",,Louis  de Diesbach,Éditions Mardaga,Débat & Actualité,9782804734848,Grand format,24.90 €,26 Mars 2024,https://www.librel.be/livre/9782804734848-bonjour-chatgpt-comment-l-intelligence-artificielle-change-notre-rapport-aux-autres-louis-de-diesbach/,https://images.epagine.fr/848/9782804734848_1_m.jpg,0,3,"Neutre, descriptif (« change notre rapport »).",0,2,non,"Réflexion anthropologique neutre sur l'humanisation des technologies, pas de thèse négative.",0,agent
170,"Le capital algorithmique : accumulation, pouvoir et resistance à l'ère de l'intelligence artificielle",,"Jonathan Durand Folco, Jonathan Martineau",Écosociété,Théorie,9782897199050,Grand format,29.00 €,3 Novembre 2023,https://www.librel.be/livre/9782897199050-le-capital-algorithmique-accumulation-pouvoir-et-resistance-a-l-ere-de-l-intelligence-artificielle-jonathan-durand-folco-jonathan-martineau/,https://images.epagine.fr/050/9782897199050_1_m.jpg,3,2,"« Capital algorithmique, pouvoir, résistance » : critique de domination, sans métaphore choc.",5,3,non,"« Capital algorithmique » : thèse critique centrale sur pouvoir, exploitation et domination systémique.",-2,agent
171,"Quelle éthique pour les nouvelles technologies? Nanotechnologies, Cybergénétique, Intelligence Artificielle",,Vanessa Nurock,Vrin,La Vie Morale,9782711631858,Grand format,19.00 €,6 Juin 2024,https://www.librel.be/livre/9782711631858-quelle-ethique-pour-les-nouvelles-technologies-nanotechnologies-cybergenetique-intelligence-artificielle-vanessa-nurock/,https://images.epagine.fr/858/9782711631858_1_m.jpg,0,3,"Question neutre sur l'éthique, aucun mot de menace direct.",0,3,non,"Rejette explicitement l'adoration aveugle et la peur panique, vise une réflexion éthique équilibrée.",0,agent
172,Études n.4331 : L'anarchisme chrétien de Simone Weil ; L'intelligence artificielle contre la démocratie ; Abuser au nom de la foi,,Collectif,Ser,Études,9782370964083,Revue,14.00 €,5 Novembre 2025,https://www.librel.be/livre/9782370964083-etudes-n-4331-l-anarchisme-chretien-de-simone-weil-l-intelligence-artificielle-contre-la-democratie-abuser-au-nom-de-la-foi-collectif/,https://images.epagine.fr/083/9782370964083_1_m.jpg,3,2,"« Contre la démocratie » : menace nette, partagée avec d'autres thèmes du numéro.",0,1,oui,"Description vide, aucun texte à évaluer.",3,agent
173,L'impact de l'intelligence artificielle sur le business model en radiologie : Comment s'y préparer ?,,Quoc Duy Vo,Ems,Business Science Institute,9782386303265,Grand format,20.00 €,12 Février 2026,https://www.librel.be/livre/9782386303265-l-impact-de-l-intelligence-artificielle-sur-le-business-model-en-radiologie-comment-s-y-preparer-quoc-duy-vo/,https://images.epagine.fr/265/9782386303265_1_m.jpg,1,2,"« Impact » et « s'y préparer » : changement suggéré, sans mot de menace fort.",0,3,non,"Analyse business/radiologie factuelle, ton neutre, aucune thèse négative développée.",1,agent
174,Peut-on manager l'IA ? Comment bien travailler avec l'Intelligence Artificielle,,"Roland Robeveille, Michelle Veyssière",Gereso,Management,9791039705745,Grand format,23.00 €,14 Mars 2024,https://www.librel.be/livre/9791039705745-peut-on-manager-l-ia-comment-bien-travailler-avec-l-intelligence-artificielle-3e-edition-roland-robeveille-michelle-veyssiere/,https://images.epagine.fr/745/9791039705745_1_m.jpg,0,3,Question pratique neutre sur le management de l'IA.,3,2,non,"Emplois menacés, IA prendrait l'ascendant sur les individus; guide pratique d'adaptation managériale.",-3,agent
175,L'intelligence artificielle,,Julie Lardon,La Poule qui pond Édition,Mondes Futurs,9782493290052,Grand format,16.00 €,5 Mai 2023,https://www.librel.be/livre/9782493290052-l-intelligence-artificielle-julie-lardon/,https://images.epagine.fr/052/9782493290052_1_m.jpg,0,3,"Titre nu, neutre.",1,2,non,"Questions ouvertes et légères sur des machines plus intelligentes que l'humain, ton curieux.",-1,agent
176,"J'explore le monde numérique : Internet, robots, cryptographie, programmation, intelligence artificielle... 52 activités sans écrans",,Régine Poussin,Eyrolles,,9782416015441,Grand format,22.00 €,4 Avril 2024,https://www.librel.be/livre/9782416015441-j-explore-le-monde-numerique-internet-robots-cryptographie-programmation-intelligence-artificielle-52-activites-sans-ecrans-2e-edition-regine-poussin/,https://images.epagine.fr/441/9782416015441_1_m.jpg,0,3,"Neutre, activités pour enfants.",0,3,non,"Guide ludique pour enfants sur le numérique, dangers mentionnés en passant, ton neutre.",0,agent
177,Notre dernière invention : L'intelligence artificielle et la fin de l'ère humaine,,"James Barrat, Jérémy Trotin",Talent Éditions,Business,9782378153755,Grand format,19.00 €,22 Mai 2024,https://www.librel.be/livre/9782378153755-notre-derniere-invention-l-intelligence-artificielle-et-la-fin-de-l-ere-humaine-james-barrat/,https://images.epagine.fr/755/9782378153755_1_m.jpg,5,3,« La fin de l'ère humaine » : disparition frontale de l'humanité.,4,2,non,"Récit alarmiste : superintelligence, rivalité de survie, disparition d'emplois, appel à encadrer l'IA.",1,agent
178,L'intelligence artificielle,,"Margaret a. Boden, Alan Rodney",EDP Sciences,Chronosciences,9782759825790,Poche,12.00 €,20 Mai 2021,https://www.librel.be/livre/9782759825790-l-intelligence-artificielle-margaret-a-boden/,https://images.epagine.fr/790/9782759825790_1_m.jpg,0,3,"Titre nu, neutre.",0,3,non,"Panorama académique des débats philosophiques et techniques sur l'IA, ton neutre et informatif.",0,agent
179,Vocabulaire critique de l'intelligence artificielle,,Thierry Ménissier,Hermann,,9791037045843,Grand format,28.15 €,26 Novembre 2025,https://www.librel.be/livre/9791037045843-vocabulaire-critique-de-l-intelligence-artificielle-thierry-menissier/,https://images.epagine.fr/843/9791037045843_1_m.jpg,2,2,"« Critique » : mot de tension modéré, non dramatique.",1,2,non,"Lexique critique mais équilibré : informe puis propose un point de vue argumenté, sans thèse de menace.",1,agent
180,Bataille royale : comment préserver votre emploi face à l'intelligence artificielle,,Ashley Marc Recanati,FYP,Entreprendre,9782364052383,Grand format,25.50 €,19 Avril 2024,https://www.librel.be/livre/9782364052383-bataille-royale-comment-preserver-votre-emploi-face-a-l-intelligence-artificielle-ashley-marc-recanati/,https://images.epagine.fr/383/9782364052383_1_m.jpg,4,2,« Bataille royale » + « préserver votre emploi face à » : menace d'emploi frontale.,2,3,non,"Tâches menacées par l'automatisation, mais guide pratique et positif pour valoriser ses compétences.",2,agent
181,Chroniques du travail : L'intelligence artificielle au travail : Quels constats et quels enjeux ?,,"Claire Morin, Sophie Sereno, Stéphanie Moullet",Pu De Provence,Chroniques Du Travail,9791032005873,Grand format,15.00 €,4 Décembre 2025,https://www.librel.be/livre/9791032005873-chroniques-du-travail-l-intelligence-artificielle-au-travail-quels-constats-et-quels-enjeux-claire-morin-sophie-sereno-stephanie-moullet/,https://images.epagine.fr/873/9791032005873_1_m.jpg,1,2,"« Enjeux » neutre, aucune menace nommée.",2,3,non,"Rejette discours alarmistes ; risques réels (discrimination, droits) présents mais parmi analyse équilibrée.",-1,agent
182,Luxe & intelligence artificielle : Opportunités et révolution des usages,,Stéphane Galienni,Dunod,,9782100866083,Grand format,21.60 €,18 Septembre 2024,https://www.librel.be/livre/9782100866083-luxe-intelligence-artificielle-opportunites-et-revolution-des-usages-stephane-galienni/,https://images.epagine.fr/083/9782100866083_1_m.jpg,0,3,"« Opportunités » : positif, aucune menace.",1,2,non,Questions sur la créativité menacée posées puis équilibrées par les opportunités du secteur.,-1,agent
183,Comprendre et penser l'intelligence artificielle quand on est chrétien,,Yohan Picquart,Saint-Leger,Tout À Tous,9782385223021,Grand format,17.00 €,24 Septembre 2024,https://www.librel.be/livre/9782385223021-comprendre-et-penser-l-intelligence-artificielle-quand-on-est-chretien-yohan-picquart/,https://images.epagine.fr/021/9782385223021_1_m.jpg,0,3,"Neutre, réflexion religieuse.",3,2,non,"Deux thèses opposées présentées à égalité : extinction de l'humanité versus nouvelle prospérité, débat ouvert.",-3,agent
184,Clickbait : Voyage au pays de l'intelligence artificielle,,Simon Parmeggiani,Jonglez,,9782361956943,Grand format,39.95 €,5 Septembre 2024,https://www.librel.be/livre/9782361956943-clickbait-voyage-au-pays-de-l-intelligence-artificielle-simon-parmeggiani/,https://images.epagine.fr/943/9782361956943_1_m.jpg,1,2,"« Clickbait » évoque la manipulation médiatique, vague et second degré.",0,3,non,"Livre d'art généré par IA, ton esthétique et enthousiaste, aucune dimension négative.",1,agent
185,Intelligence artificielle : vers une domination programmée ?,,Jean-Gabriel Ganascia,Éditions du Cavalier Bleu,Idées Reçues ; Poche,9791031804903,Poche,13.00 €,13 Janvier 2022,https://www.librel.be/livre/9791031804903-intelligence-artificielle-vers-une-domination-programmee-jean-gabriel-ganascia/,https://images.epagine.fr/903/9791031804903_1_m.jpg,5,3,"« Domination programmée » : domination centrale, sans ambiguïté malgré la question.",1,3,non,Déconstruit les idées reçues (esclavage par les machines) présentées comme fantasmes à corriger.,4,agent
186,Des robots et des hommes ; robotique et intelligence artificielle,,Sophie Blitmann,Éditions du Ricochet,Ohé La Science !,9782352633082,Grand format,13.50 €,11 Février 2021,https://www.librel.be/livre/9782352633082-des-robots-et-des-hommes-robotique-et-intelligence-artificielle-sophie-blitmann/,https://images.epagine.fr/082/9782352633082_1_m.jpg,0,3,"Neutre, descriptif.",1,3,non,« Remplaceront-ils les hommes ? » posé légèrement dans un livre documentaire pour le grand public.,-1,agent
187,Booster sa PME grâce à l'intelligence artificielle : Choisir et intégrer des solutions IA à vraie valeur ajoutée,,"Jean-Luc Marini, Céline Patissier, Julien Toublanc",Dunod,,9782100865185,Grand format,23.10 €,16 Octobre 2024,https://www.librel.be/livre/9782100865185-booster-sa-pme-grace-a-l-intelligence-artificielle-choisir-et-integrer-des-solutions-ia-a-vraie-valeur-ajoutee-jean-luc-marini-celine-patissier-julien-toublanc/,https://images.epagine.fr/185/9782100865185_1_m.jpg,0,3,"« Booster », « valeur ajoutée » : positif.",0,3,non,"Guide pratique pour PME, IA parfois « décriée » mais ton globalement positif et pragmatique.",0,agent
188,Référencement de votre site web : Intelligence artificielle et outils google pour optimiser le SEO,,"Murielle Charansol, Marie Prat",Eni,Objectif Web,9782409045585,Grand format,28.50 €,10 Juillet 2024,https://www.librel.be/livre/9782409045585-referencement-de-votre-site-web-intelligence-artificielle-et-outils-google-pour-optimiser-le-seo-7e-edition-murielle-charansol-marie-prat/,https://images.epagine.fr/585/9782409045585_1_m.jpg,0,3,"Neutre, guide technique.",0,3,non,"Guide SEO pratique mentionnant l'IA générative comme outil, aucune orientation négative.",0,agent
189,"Blockchains, intelligences artificielles, objets connectés, ordinateurs quantiques : Quels risques technologiques ?",,Vincent Maret,Eni,,9782409041365,Grand format,45.00 €,13 Septembre 2023,https://www.librel.be/livre/9782409041365-blockchains-intelligences-artificielles-objets-connectes-ordinateurs-quantiques-quels-risques-technologiques-vincent-maret/,https://images.epagine.fr/365/9782409041365_1_m.jpg,2,2,« Quels risques technologiques » : mot de risque présent mais générique.,4,2,non,"Panorama centré sur les risques technologiques (IA, blockchain...) développés en détail, visée pratique de maîtrise.",-2,agent
190,Intelligence artificielle : triomphes et déception,,"Mélanie Mitchell, Christian Jeanmougin",Dunod,Quai Des Sciences,9782100813728,Grand format,25.00 €,8 Septembre 2021,https://www.librel.be/livre/9782100813728-intelligence-artificielle-triomphes-et-deception-melanie-mitchell/,https://images.epagine.fr/728/9782100813728_1_m.jpg,2,2,"« Déception » : mot négatif modéré, tempéré par « triomphes ».",2,2,non,"Évoque le côté « terrifiant » de l'IA mais vise à déconstruire le battage médiatique, ton critique équilibré.",0,agent
191,L'intelligence artificielle pour les nuls,,"Luca Massaron, John Paul Mueller",Éditions First,Pour Les Nuls,9782412078853,Grand format,24.95 €,13 Octobre 2022,https://www.librel.be/livre/9782412078853-l-intelligence-artificielle-pour-les-nuls-luca-massaron-john-paul-mueller/,https://images.epagine.fr/853/9782412078853_1_m.jpg,0,3,"Neutre, pédagogique.",0,3,non,"Guide « Nuls », démêle vrai et faux sur l'IA, ton pratique et neutre.",0,agent
192,"Marketing et stratégies commerciales : Penser, former, entreprendre à l'ère de l'intelligence artificielle : Mélanges en l'honneur de Jean-Paul Aimetti",,"Alain Bloch, Collectif",Ems,Gestion En Liberté,9782386302985,Grand format,22.00 €,19 Septembre 2025,https://www.librel.be/livre/9782386302985-marketing-et-strategies-commerciales-penser-former-entreprendre-a-l-ere-de-l-intelligence-artificielle-melanges-en-l-honneur-de-jean-paul-aimetti-alain-bloch-collectif/,https://images.epagine.fr/985/9782386302985_1_m.jpg,0,3,"Neutre, hommage académique.",0,3,non,"Recueil académique hommage, IA mentionnée marginalement, aucune orientation négative.",0,agent
193,Bifrost n.113 : Intelligence artificielle : Le futur rêve-t-il toujours de moutons électriques ?,,Collectif,Le Bélial' Éditions,Bifrost,9782381631134,Revue,11.90 €,25 Janvier 2024,https://www.librel.be/livre/9782381631134-bifrost-n-113-intelligence-artificielle-le-futur-reve-t-il-toujours-de-moutons-electriques-collectif/,https://images.epagine.fr/134/9782381631134_1_m.jpg,0,2,"Clin d'œil littéraire (Dick), aucune menace directe.",1,2,non,"Analyse méta de l'IA en science-fiction, citation critique de Baudrillard, se veut sans posture morale.",-1,agent
194,Comprendre l'intelligence artificielle,,"Lizete De Assis, Nicolas Sabouret",Éditions Ellipses,,9782340030954,Grand format,14.00 €,7 Mai 2019,https://www.librel.be/livre/9782340030954-comprendre-l-intelligence-artificielle-lizete-de-assis-nicolas-sabouret/,https://images.epagine.fr/954/9782340030954_1_m.jpg,0,3,"Neutre, pédagogique.",0,3,non,"Explication pédagogique du fonctionnement de l'IA, ton démystificateur et neutre.",0,agent
195,"Intelligence artificielle : Génération Générative : ChatGPT, Midjourney... S'approprier les nouvelles IA qui révolutionnent le monde professionnel",,"Kathleen Jobin, Philippe Nadeau",Dunod,,9782100860708,Grand format,20.00 €,20 Mars 2024,https://www.librel.be/livre/9782100860708-intelligence-artificielle-generation-generative-chatgpt-midjourney-s-approprier-les-nouvelles-ia-qui-revolutionnent-le-monde-professionnel-kathleen-jobin-philippe-nadeau/,https://images.epagine.fr/708/9782100860708_1_m.jpg,0,3,"« Révolutionnent » neutre-positif, aucune menace.",0,3,non,"Guide professionnel sur l'IA générative, ton pratique et positif, éthique évoquée brièvement.",0,agent
196,Manifeste pour un usage éclairé de l'intelligence artificielle : L'heure des magiciens,,Philippe Nadeau,Oxus,,9782848982144,Grand format,22.00 €,10 Février 2025,https://www.librel.be/livre/9782848982144-manifeste-pour-un-usage-eclaire-de-l-intelligence-artificielle-l-heure-des-magiciens-philippe-nadeau/,https://images.epagine.fr/144/9782848982144_1_m.jpg,0,3,"« Usage éclairé », « magiciens » : positif, aucune menace.",2,2,non,Rejette à la fois émerveillement béat et repli anxieux ; risque réel mentionné mais secondaire à l'appel positif.,-2,agent
197,Booster ses ventes en ligne avec l'intelligence artificielle : comment l'IA révolutionne les sites marchands et le comportement des consommateurs,,"Céline Patissier, Cédric Sibaud",Dunod,,9782100840564,Grand format,23.10 €,25 Janvier 2023,https://www.librel.be/livre/9782100840564-booster-ses-ventes-en-ligne-avec-l-intelligence-artificielle-comment-l-ia-revolutionne-les-sites-marchands-et-le-comportement-des-consommateurs-celine-patissier-cedric-sibaud/,https://images.epagine.fr/564/9782100840564_1_m.jpg,0,3,"« Révolutionne » positif, contexte commercial neutre.",0,3,non,"Guide business sur l'IA en e-commerce, entièrement pratique et positif.",0,agent
198,Les outils du marketing digital : Outils traditionnels et intelligence artificielle au service du marketing,,Marion Bressac,Eni,Marketing Book,9782409042454,Grand format,29.00 €,8 Novembre 2023,https://www.librel.be/livre/9782409042454-les-outils-du-marketing-digital-outils-traditionnels-et-intelligence-artificielle-au-service-du-marketing-marion-bressac/,https://images.epagine.fr/454/9782409042454_1_m.jpg,0,3,"Neutre, professionnel.",0,3,non,"Guide pratique de marketing digital, questions éthiques évoquées brièvement en fin de texte.",0,agent
199,De l'intelligence humaine à l'intelligence artificielle,,Martial Mermillod,De Boeck Supérieur,Neurosciences & Cognition - Lmd,9782807358980,Grand format,24.90 €,21 Août 2024,https://www.librel.be/livre/9782807358980-de-l-intelligence-humaine-a-l-intelligence-artificielle-martial-mermillod/,https://images.epagine.fr/980/9782807358980_1_m.jpg,0,3,"Neutre, académique.",0,3,non,"Manuel pédagogique sur les réseaux de neurones, ton neutre et technique, IA présentée comme plus sûre.",0,agent
200,Intelligence artificielle et assurance : Une révolution en marche,,Emmanuel Moyrand,L'Argus De L'Assurance,Guide Pratique,9782354745554,Grand format,55.25 €,8 Janvier 2025,https://www.librel.be/livre/9782354745554-intelligence-artificielle-et-assurance-une-revolution-en-marche-emmanuel-moyrand/,https://images.epagine.fr/554/9782354745554_1_m.jpg,0,3,"« Révolution en marche » : positif, aucune menace.",0,3,non,"Guide pratique sur l'IA dans l'assurance, questions éthiques évoquées parmi les opportunités.",0,agent
201,La fabuleuse histoire de l'intelligence artificielle ; des automates aux robots humanoïdes,,"Clifford a. Pickover, Caroline Abolivier",Dunod,,9782100813186,Grand format,20.00 €,31 Mars 2021,https://www.librel.be/livre/9782100813186-la-fabuleuse-histoire-de-l-intelligence-artificielle-des-automates-aux-robots-humanoides-clifford-a-pickover/,https://images.epagine.fr/186/9782100813186_1_m.jpg,0,3,"« Fabuleuse » : positif, neutre.",0,3,non,"Panorama historique factuel de l'IA, ton neutre et informatif.",0,agent
202,1000 cerveaux : une nouvelle compréhension du cerveau et de l'intelligence artificielle,,"Jeff Hawkins, Anatole Muchnik",Éditions Quanto,,9782889155200,Grand format,24.50 €,13 Avril 2023,https://www.librel.be/livre/9782889155200-1000-cerveaux-une-nouvelle-comprehension-du-cerveau-et-de-l-intelligence-artificielle-jeff-hawkins/,https://images.epagine.fr/200/9782889155200_1_m.jpg,0,3,"Neutre, scientifique.",1,3,non,Craintes existentielles évoquées puis explicitement désamorcées par l'auteur.,-1,agent
203,"Contre-atlas de l'intelligence artificielle : une cartographie politique, sociale et environnementale",,"Kate Crawford, Laurent Bury",Éditions Zulma,Zulma Essais,9791038701083,Grand format,23.50 €,10 Mars 2022,https://www.librel.be/livre/9791038701083-contre-atlas-de-l-intelligence-artificielle-une-cartographie-politique-sociale-et-environnementale-kate-crawford/,https://images.epagine.fr/083/9791038701083_1_m.jpg,2,2,"« Contre-atlas » : critique suggérée, mot neutre en soi.",5,3,non,"« Nouveau colonialisme », toute-puissance des géants tech : thèse totale.",-3,agent
204,L'intelligence artificielle. Les enjeux politiques de l'amélioration des capacités humaines,,Virginie Tournay,Éditions Ellipses,,9782340037991,Grand format,18.00 €,31 Mars 2020,https://www.librel.be/livre/9782340037991-l-intelligence-artificielle-les-enjeux-politiques-de-l-amelioration-des-capacites-humaines-virginie-tournay/,https://images.epagine.fr/991/9782340037991_1_m.jpg,1,2,"« Enjeux politiques » modéré, « amélioration » positif tempère.",0,2,non,Analyse académique neutre des enjeux politiques et institutionnels de l'IA.,1,agent
205,Superintelligence ; évaluer les dangers de l'intelligence artificielle et garder le contrôle,,Nick Bostrom,Dunod,Quai Des Sciences,9782100764860,Grand format,31.40 €,11 Octobre 2017,https://www.librel.be/livre/9782100764860-superintelligence-evaluer-les-dangers-de-l-intelligence-artificielle-et-garder-le-controle-nick-bostrom/,https://images.epagine.fr/860/9782100764860_1_m.jpg,4,2,"« Dangers » et « garder le contrôle » : menace explicite, sans détour.",5,3,non,Risque existentiel de superintelligence hostile développé comme thèse centrale.,-1,agent
206,"Apprendre à l'ère de l'intelligence artificielle : Révolution, défis, opportunités",,Denis Cristol,ESF sciences humaines,,9782710147206,Grand format,19.90 €,25 Janvier 2024,https://www.librel.be/livre/9782710147206-apprendre-a-l-ere-de-l-intelligence-artificielle-revolution-defis-opportunites-denis-cristol/,https://images.epagine.fr/206/9782710147206_1_m.jpg,1,2,« Défis » tempéré par « opportunités ».,0,2,non,Présentation pédagogique équilibrée des usages de l'IA en formation.,1,agent
207,"Intelligences artificielles : de la théorie à la pratique ; modèles, applications et enjeux des IA",,"Emmanuel Haton, Jean-Paul Haton, Marie-Christine Haton",Dunod,,9782100858927,Grand format,26.10 €,15 Novembre 2023,https://www.librel.be/livre/9782100858927-intelligences-artificielles-de-la-theorie-a-la-pratique-modeles-applications-et-enjeux-des-ia-emmanuel-haton-jean-paul-haton-marie-christine-haton/,https://images.epagine.fr/927/9782100858927_1_m.jpg,0,3,"Neutre, académique.",0,3,non,"Synthèse scientifique accessible, ton positif et informatif dominant.",0,agent
208,L'intelligence artificielle : Nouveaux horizons,,Collectif,Ovadia,,9782363926845,Grand format,20.00 €,15 Mai 2026,https://www.librel.be/livre/9782363926845-l-intelligence-artificielle-nouveaux-horizons-collectif/,https://images.epagine.fr/845/9782363926845_1_m.jpg,0,3,« Nouveaux horizons » : positif.,1,3,non,Affirme explicitement que l'IA n'est pas une menace pour l'homme.,-1,agent
209,Les défis de l'intelligence artificielle,,Jérémie Dres,First Éditions,La Vie En Bulles,9782412056608,Grand format,18.95 €,21 Janvier 2021,https://www.librel.be/livre/9782412056608-les-defis-de-l-intelligence-artificielle-jeremie-dres/,https://images.epagine.fr/608/9782412056608_1_m.jpg,1,2,"« Défis » seul, mot modéré sans dramatisation.",0,3,non,Reportage enthousiaste sur la recherche française en IA.,1,agent
210,"L'intelligence artificielle, avec ou contre nous ?",,"Rodolphe Gelin, Olivier Guilhem",Documentation Française,,9782111572157,Grand format,7.90 €,9 Décembre 2020,https://www.librel.be/livre/9782111572157-l-intelligence-artificielle-avec-ou-contre-nous-rodolphe-gelin-olivier-guilhem/,https://images.epagine.fr/157/9782111572157_1_m.jpg,3,2,« Avec ou contre nous » : cadrage adversarial net mais partagé avec l'option « avec ».,3,3,non,"Présente délibérément deux points de vue opposés, débat non tranché.",0,agent
211,Alice et Lucas découvrent : L'intelligence artificielle,,Marion Corbetta,Éditions La Balle au Bond,,9782959623547,Grand format,13.95 €,26 Novembre 2025,https://www.librel.be/livre/9782959623547-alice-et-lucas-decouvrent-l-intelligence-artificielle-marion-corbetta/,https://images.epagine.fr/547/9782959623547_1_m.jpg,0,3,"Neutre, jeunesse.",0,2,non,"Extrait court, visite ludique d'un salon IA en famille.",0,agent
212,Revue le visiteur n.31 : Les artefacts de l'intelligence et l'intelligence artificielle,,Collectif,Infolio,Revue Le Visiteur,9782889682225,Revue,20.00 €,16 Avril 2026,https://www.librel.be/livre/9782889682225-revue-le-visiteur-n-31-les-artefacts-de-l-intelligence-et-l-intelligence-artificielle-collectif/,https://images.epagine.fr/225/9782889682225_1_m.jpg,0,3,"Neutre, académique.",3,3,non,"Menace pour le métier posée comme question ouverte, non tranchée.",-3,agent
213,L'IA éducative : L'intelligence artificielle dans l'enseignement supérieur,,Frédérique Guénot,Bréal,Thèmes & Débats,9782749555300,Grand format,11.90 €,26 Septembre 2023,https://www.librel.be/livre/9782749555300-l-ia-educative-l-intelligence-artificielle-dans-l-enseignement-superieur-frederique-guenot/,https://images.epagine.fr/300/9782749555300_1_m.jpg,0,3,"Neutre, éducatif.",0,2,non,Mutation de l'enseignement supérieur décrite de façon neutre et académique.,0,agent
214,Le point : Science n.3 : Le nouveau guide de la super-intelligence artificielle,,Collectif,Le Point,Le Point : Science,9782850831010,Revue,10.90 €,2 Décembre 2025,https://www.librel.be/livre/9782850831010-le-point-science-n-3-le-nouveau-guide-de-la-super-intelligence-artificielle-collectif/,https://images.epagine.fr/010/9782850831010_1_m.jpg,0,3,"Neutre, guide.",0,3,non,"Guide pratique très positif, IA présentée comme alliée.",0,agent
215,Intelligence artificielle : L'humanité va-t-elle se soumettre à la machine ?,,Pape François,Les Editions du Figuier,,9782378572310,Poche,4.50 €,29 Avril 2024,https://www.librel.be/livre/9782378572310-intelligence-artificielle-l-humanite-va-t-elle-se-soumettre-a-la-machine-pape-francois/,https://images.epagine.fr/310/9782378572310_1_m.jpg,5,3,« Se soumettre à la machine » : soumission/domination frontale malgré la question.,2,3,non,Risques et opportunités explicitement mis en balance par le pape.,3,agent
216,L'intelligence artificielle et l'intelligence naturelle : avec Thomas d'Aquin,,Xavier Père Geron,Saint-Leger,,9782385223403,Grand format,14.00 €,26 Novembre 2024,https://www.librel.be/livre/9782385223403-l-intelligence-artificielle-et-l-intelligence-naturelle-avec-thomas-d-aquin-xavier-pere-geron/,https://images.epagine.fr/403/9782385223403_1_m.jpg,0,3,"Neutre, philosophique.",3,2,non,"Critique du discours transhumaniste effaçant la condition humaine, ton interrogatif.",-3,agent
217,Droit de la propriété littéraire et artistique : Intègre le dernier état du droit et les questions d'intelligence artificielle,,"Nathalie Blanc, Pierre-Yves Gautier",LGDJ,Droit Civil,9782275130538,Grand format,42.00 €,5 Septembre 2023,https://www.librel.be/livre/9782275130538-droit-de-la-propriete-litteraire-et-artistique-integre-le-dernier-etat-du-droit-et-les-questions-d-intelligence-artificielle-2e-edition-nathalie-blanc-pierre-yves-gautier/,https://images.epagine.fr/538/9782275130538_1_m.jpg,0,3,"Neutre, juridique.",0,3,non,"Ouvrage juridique technique sur la propriété intellectuelle, hors sujet menace.",0,agent
218,L'intelligence artificielle ou l'enjeu du siècle,,Eric Sadin,L'Échappée,Pour En Finir Avec,9782373090505,Grand format,18.00 €,19 Octobre 2018,https://www.librel.be/livre/9782373090505-l-intelligence-artificielle-ou-l-enjeu-du-siecle-eric-sadin/,https://images.epagine.fr/505/9782373090505_1_m.jpg,1,2,"« Enjeu du siècle » : importance soulignée, sans mot de menace direct.",5,3,non,"« Offensive antihumaniste », éradication des principes fondateurs : thèse centrale.",-4,agent
219,"Magnifica Humanitas : L'encyclique de Léon XIV, la pensée intégraleur ; Sur la protection de la personne humaine à l'ère de l'intelligence artificielle",,"Léon XIV, Najeeb Moussa Michaeel",Les Editions du Figuier,Viae,9782378572846,Grand format,9.90 €,29 Juin 2026,https://www.librel.be/livre/9782378572846-magnifica-humanitas-l-encyclique-de-leon-xiv-la-pensee-integraleur-sur-la-protection-de-la-personne-humaine-a-l-ere-de-l-intelligence-artificielle-leon-xiv/,https://images.epagine.fr/846/9782378572846_1_m.jpg,1,2,"« Protection de la personne humaine » : positif, pas de menace frontale.",2,2,non,"Dignité humaine questionnée, mais présentée comme choix à faire, pas verdict.",-1,agent
220,"L'intelligence artificielle en action ; santé, environnement, énergie... ce que l'IA change concrètement",,"Damien Gromier, Cédric Villani",Eyrolles,,9782416000645,Grand format,25.00 €,12 Novembre 2020,https://www.librel.be/livre/9782416000645-l-intelligence-artificielle-en-action-sante-environnement-energie-ce-que-l-ia-change-concretement-damien-gromier/,https://images.epagine.fr/645/9782416000645_1_m.jpg,0,3,"Neutre, factuel.",0,3,non,Ouvrage centré sur les bénéfices concrets et réussites de l'IA.,0,agent
221,Liaisons sociales ; Les thématiques Tome 123 : Recruter un salarié ; L'intelligence artificielle dans les relations de travail,,Collectif,Liaisons,Liaisons Sociales ; Les Thématiques,9782385360498,Grand format,71.78 €,19 Décembre 2024,https://www.librel.be/livre/9782385360498-liaisons-sociales-les-thematiques-tome-123-recruter-un-salarie-l-intelligence-artificielle-dans-les-relations-de-travail-collectif/,https://images.epagine.fr/498/9782385360498_1_m.jpg,0,3,"Neutre, RH/droit.",0,3,non,"Description sans rapport avec l'IA, sujet recrutement salarié.",0,agent
222,Archives de philosophie du droit : Intelligence artificielle et Droit - Tome 66,,René Sève,Dalloz,Archives De Philosophie Du Droit,9782247239214,Grand format,79.00 €,6 Novembre 2025,https://www.librel.be/livre/9782247239214-archives-de-philosophie-du-droit-intelligence-artificielle-et-droit-tome-66-rene-seve/,https://images.epagine.fr/214/9782247239214_1_m.jpg,0,3,"Neutre, juridique.",0,3,non,Bilan académique équilibré de l'IA appliquée au droit.,0,agent
223,"Le règlement européen sur l'intelligence artificielle : Synthèse, points-clés et analyse article par",,Alain Bensoussan,Larcier,Lexing,9782807947948,Grand format,90.00 €,27 Mars 2025,https://www.librel.be/livre/9782807947948-le-reglement-europeen-sur-l-intelligence-artificielle-synthese-points-cles-et-analyse-article-par-alain-bensoussan/,https://images.epagine.fr/948/9782807947948_1_m.jpg,0,3,"Neutre, juridique.",0,3,non,"Guide pratique de conformité réglementaire, ton neutre et positif.",0,agent
224,Quand l'intelligence artificielle révolutionne la santé : Opportunités et défis,,Jean-Michel Rodriguez,Eni,Datapro,9782409048524,Grand format,39.00 €,12 Mars 2025,https://www.librel.be/livre/9782409048524-quand-l-intelligence-artificielle-revolutionne-la-sante-opportunites-et-defis-jean-michel-rodriguez/,https://images.epagine.fr/524/9782409048524_1_m.jpg,1,2,"« Opportunités et défis » équilibré, défi tempéré.",2,2,non,"Risques et disparition de métiers cités parmi bénéfices, propos équilibré.",-1,agent
225,L'intelligence artificielle n'est pas une question technologique,,"Laurent Bibard, Nicolas Sabouret",Editions de l'Aube,Monde En Cours,9782815954228,Grand format,17.00 €,21 Avril 2023,https://www.librel.be/livre/9782815954228-l-intelligence-artificielle-n-est-pas-une-question-technologique-laurent-bibard-nicolas-sabouret/,https://images.epagine.fr/228/9782815954228_1_m.jpg,0,3,"Affirmation neutre, aucune menace.",1,3,non,Relativise explicitement l'idée d'un problème posé par l'IA elle-même.,-1,agent
226,Alice et les mystères du futur ; ou comment l'intelligence artificielle fonctionne,,"Maria Mazurek, Ryszard Tadeusiewicz",Helvetiq,,9782940481934,Grand format,22.00 €,2 Octobre 2020,https://www.librel.be/livre/9782940481934-alice-et-les-mysteres-du-futur-ou-comment-l-intelligence-artificielle-fonctionne-maria-mazurek-ryszard-tadeusiewicz/,https://images.epagine.fr/934/9782940481934_1_m.jpg,0,3,"« Mystères » léger, jeunesse, pas de menace.",0,3,non,Livre jeunesse rassurant : les humains gardent le dessus sur les machines.,0,agent
227,"L'âge des inutiles : Trump, l'intelligence artificielle, le capitalisme post-humain et l'avenir du cinéma",,"David Da Silva, Arthur de Watrigant",Lettmotif,,9782367165103,Grand format,23.90 €,11 Août 2026,https://www.librel.be/livre/9782367165103-l-age-des-inutiles-trump-l-intelligence-artificielle-le-capitalisme-post-humain-et-l-avenir-du-cinema-david-da-silva/,https://images.epagine.fr/103/9782367165103_1_m.jpg,4,2,"« L'âge des inutiles » : dépréciation centrale, cadrage dystopique frontal.",5,3,non,"Automatiser, remplacer, surveiller : thèse de domination technologique totale.",-1,agent
228,Intelligence artificielle et innovations digitales en santé,,"Valentin Chassagne, Jane Despatin, Floriane Pax, Joseph Tedesco",Berger-Levrault,Les Indispensables,9782701321424,Grand format,39.00 €,6 Mai 2021,https://www.librel.be/livre/9782701321424-intelligence-artificielle-et-innovations-digitales-en-sante-valentin-chassagne-jane-despatin-floriane-pax-joseph-tedesco/,https://images.epagine.fr/424/9782701321424_1_m.jpg,0,3,"Neutre, factuel.",0,3,non,Tour d'horizon neutre de la transformation numérique de la santé.,0,agent
229,Mia : Dialogue réel avec une intelligence artificielle,,Driss Alaoui Mdaghri,Africamoude,,9789920893022,Grand format,18.00 €,29 Avril 2025,https://www.librel.be/livre/9789920893022-mia-dialogue-reel-avec-une-intelligence-artificielle-driss-alaoui-mdaghri/,https://images.epagine.fr/022/9789920893022_1_m.jpg,0,3,"Neutre, dialogue.",0,3,non,Dialogue philosophique positif avec une IA présentée comme sensible.,0,agent
230,L'éducation déprogrammée : Repenser l'apprentissage face à l'intelligence artificielle,,"Geoffrey Martinache, Luc Julia",Ems,Questions De Société,9782386301889,Grand format,15.00 €,24 Avril 2025,https://www.librel.be/livre/9782386301889-l-education-deprogrammee-repenser-l-apprentissage-face-a-l-intelligence-artificielle-geoffrey-martinache/,https://images.epagine.fr/889/9782386301889_1_m.jpg,3,2,"« Déprogrammée » dépréciatif, tempéré par « repenser ».",0,3,non,Présentation positive des usages pédagogiques personnalisés de l'IA.,3,agent
231,Qu'est-ce qu'on va faire de toi ? 21 métiers du futur à l'ère des robots et de l'intelligence artificielle,,Nicolas Hazard,Flammarion,"Documents, Témoignages",9782080279811,Grand format,18.00 €,4 Mai 2022,https://www.librel.be/livre/9782080279811-qu-est-ce-qu-on-va-faire-de-toi-21-metiers-du-futur-a-l-ere-des-robots-et-de-l-intelligence-artificielle-nicolas-hazard/,https://images.epagine.fr/811/9782080279811_1_m.jpg,2,2,"Question anxieuse sur l'avenir ('qu'est-ce qu'on va faire de toi'), incertitude légère, pas de mot fort.",0,3,non,"Portraits de pionniers, métiers d'avenir, ton entièrement positif.",2,agent
232,L'intelligence artificielle pour tous : Comment l'IA générative peut changer votre vie,,Martial Christ Ndika,Éditions L'Harmattan,Développement Autrement,9782336473307,Grand format,18.00 €,12 Juin 2025,https://www.librel.be/livre/9782336473307-l-intelligence-artificielle-pour-tous-comment-l-ia-generative-peut-changer-votre-vie-martial-christ-ndika/,https://images.epagine.fr/307/9782336473307_1_m.jpg,0,3,"Neutre, positif : 'pour tous', 'changer votre vie' de façon constructive.",0,2,non,"Guide pédagogique, enjeux éthiques mentionnés en passant seulement.",0,agent
233,AI Intelligence artificielle ou l'adieu à la mélancolie,,Damien Ziegler,Lettmotif,,9782367163017,Grand format,26.00 €,4 Juin 2020,https://www.librel.be/livre/9782367163017-ai-intelligence-artificielle-ou-l-adieu-a-la-melancolie-damien-ziegler/,https://images.epagine.fr/017/9782367163017_1_m.jpg,1,2,"'Adieu à la mélancolie' : évocation vague de perte, sans menace claire nommée.",1,2,non,Angoisses contemporaines nommées puis explicitement écartées pour une vision apaisée.,0,agent
234,Mes nuits avec une intelligence artificielle : entretiens avec ChatGPT,,Stéphane Rose,Le Cherche Midi,,9782749178059,Grand format,13.90 €,8 Juin 2023,https://www.librel.be/livre/9782749178059-mes-nuits-avec-une-intelligence-artificielle-entretiens-avec-chatgpt-stephane-rose/,https://images.epagine.fr/059/9782749178059_1_m.jpg,0,3,"Neutre, récit personnel avec ChatGPT, aucune évocation de risque.",1,2,non,"Récit intime et humoristique de solitude, question ouverte, pas de thèse de menace.",-1,agent
235,Diriger l'IA : Comment donner un sens à l'intelligence artificielle,,Maurice N'Diaye,Hermann,Antidoxa,9791037040398,Grand format,20.00 €,25 Septembre 2024,https://www.librel.be/livre/9791037040398-diriger-l-ia-comment-donner-un-sens-a-l-intelligence-artificielle-maurice-n-diaye/,https://images.epagine.fr/398/9791037040398_1_m.jpg,0,3,"Neutre, managérial : 'donner un sens', positif.",0,3,non,"IA présentée comme accélérateur de bien commun, ton entièrement positif.",0,agent
236,Droit et intelligence artificielle : un équilibre à construire : Essai sur un usage réfléchi de l'IA,,Flip Petillion,Anthemis,,9782807216143,Grand format,50.00 €,13 Janvier 2026,https://www.librel.be/livre/9782807216143-droit-et-intelligence-artificielle-un-equilibre-a-construire-essai-sur-un-usage-reflechi-de-l-ia-flip-petillion/,https://images.epagine.fr/143/9782807216143_1_m.jpg,0,3,"Neutre : 'équilibre à construire', 'usage réfléchi', constructif.",2,2,non,Risques et zones d'ombre cités mais visée constructive de vigilance responsable.,-2,agent
237,Ce qui échappe à l'intelligence artificielle,,"Collectif, François Levin, Etienne Ollion",Hermann,,9791037038449,Grand format,25.10 €,27 Mars 2024,https://www.librel.be/livre/9791037038449-ce-qui-echappe-a-l-intelligence-artificielle-collectif-francois-levin-etienne-ollion/,https://images.epagine.fr/449/9791037038449_1_m.jpg,0,2,"Neutre, philosophique : limites de l'IA, sans menace.",1,2,non,"Inquiétude évoquée brièvement, propos surtout interrogatif et équilibré sur les limites.",-1,agent
238,Questions réponses 7+ : les robots et l'intelligence artificielle,,"Laurent Bazart, Pierre-Yves Oudeyer, Didier Roy",Nathan,Questions Réponses 7+,9782092593295,Grand format,7.80 €,3 Septembre 2020,https://www.librel.be/livre/9782092593295-questions-reponses-7-les-robots-et-l-intelligence-artificielle-laurent-bazart-pierre-yves-oudeyer-didier-roy/,https://images.epagine.fr/295/9782092593295_1_m.jpg,0,3,"Neutre, pédagogique jeunesse, identique à l'ancre rang 50.",1,3,non,"« Peut-il être dangereux ? » une question parmi plusieurs, format ludique enfant.",-1,agent
239,L'intelligence artificielle au service de l'architecture,,Stanislas Chaillou,Le Moniteur,,9782281144857,Grand format,37.20 €,31 Mars 2021,https://www.librel.be/livre/9782281144857-l-intelligence-artificielle-au-service-de-l-architecture-stanislas-chaillou/,https://images.epagine.fr/857/9782281144857_1_m.jpg,0,3,"Neutre : 'au service de', positif.",0,3,non,"Promesses de l'IA en architecture, aucun élément négatif.",0,agent
240,"Intelligence artificielle et données de santé : Droit comparé : France, Québec et Californie",,"Maëlenn Corfmat, Anne Debet, Catherine Régis",Éditions L'Harmattan,Logiques Juridiques,9782336606958,Grand format,43.00 €,28 Mai 2026,https://www.librel.be/livre/9782336606958-intelligence-artificielle-et-donnees-de-sante-droit-compare-france-quebec-et-californie-maelenn-corfmat/,https://images.epagine.fr/958/9782336606958_1_m.jpg,0,3,"Neutre, juridique comparatif, académique.",0,3,non,Analyse juridique comparative neutre sur la protection des données.,0,agent
242,Orlan-oïde robot hybride avec intelligence artificielle et collective,,Collectif,Lienart,Monographies,9782359062410,Grand format,28.00 €,7 Juin 2018,https://www.librel.be/livre/9782359062410-orlan-oide-robot-hybride-avec-intelligence-artificielle-et-collective-collectif/,https://images.epagine.fr/410/9782359062410_1_m.jpg,0,3,"Neutre, description d'œuvre robotique hybride.",0,2,non,"Discours artistique sur l'identité, aucune thèse de menace liée à l'IA.",0,agent
243,Information et intelligence artificielle : Opportunités et risques,,"Evelyne Broudoux, Benoît Epron, Ghislaine Chartron",De Boeck Supérieur,Information & Stratégie,9782807369870,Grand format,29.90 €,13 Mars 2025,https://www.librel.be/livre/9782807369870-information-et-intelligence-artificielle-opportunites-et-risques-evelyne-broudoux-benoit-epron-ghislaine-chartron/,https://images.epagine.fr/870/9782807369870_1_m.jpg,2,2,"'Opportunités et risques' : mot de risque présent mais équilibré, non dramatique.",0,3,non,"Actes de conférence académique, descriptif et neutre.",2,agent
244,Le procès de l'IA : L'Intelligence Artificielle sur le banc des accusés,,"Institut EuropIA, Studio Laffitte",Ovadia,,9782363926562,Grand format,20.00 €,22 Septembre 2025,https://www.librel.be/livre/9782363926562-le-proces-de-l-ia-l-intelligence-artificielle-sur-le-banc-des-accuses-institut-europia-studio-laffitte/,https://images.epagine.fr/562/9782363926562_1_m.jpg,4,3,"'Sur le banc des accusés' : métaphore judiciaire d'accusation, angle négatif central.",0,3,non,"BD créée avec l'IA présentée comme innovation, ton positif.",4,agent
245,"I.A., la plus grande mutation de l'histoire ; comment la Chine devient le leader de l'Intelligence Artificielle et pourquoi nos vies vont changer",,"Kai-Fu Lee, Elise Roy",Éditions Les Arènes,,9782711201525,Grand format,20.00 €,4 Septembre 2019,https://www.librel.be/livre/9782711201525-i-a-la-plus-grande-mutation-de-l-histoire-comment-la-chine-devient-le-leader-de-l-intelligence-artificielle-et-pourquoi-nos-vies-vont-changer-kai-fu-lee/,https://images.epagine.fr/525/9782711201525_1_m.jpg,1,2,"'Plus grande mutation', 'nos vies vont changer' : changement vague, pas de menace nommée.",1,2,non,"Transformation économique célébrée, solutions proposées, ton enthousiaste dominant.",0,agent
246,Droit de l'intelligence artificielle - Guide pratique de la conformité internationale des entreprises,,"Lothar Determann, Marlyse Lissan",Bruylant,,9782802777120,Grand format,75.00 €,17 Novembre 2025,https://www.librel.be/livre/9782802777120-droit-de-l-intelligence-artificielle-guide-pratique-de-la-conformite-internationale-des-entreprises-lothar-determann/,https://images.epagine.fr/120/9782802777120_1_m.jpg,0,3,"Neutre, guide pratique de conformité.",0,2,non,"Texte très bref, défis juridiques mentionnés sans développement négatif.",0,agent
247,Propos sur l'art et l'intelligence artificielle,,"Marion Carré, Valentin Schmite",L'Art Dit,Papotages Entre Amis Autour D'Une Oeuvre,9782919221431,Poche,10.50 €,25 Mars 2020,https://www.librel.be/livre/9782919221431-propos-sur-l-art-et-l-intelligence-artificielle-marion-carre-valentin-schmite/,https://images.epagine.fr/431/9782919221431_1_m.jpg,0,3,"Neutre, essai sur l'art.",1,3,non,Peur de perte de contrôle citée puis vouée à être déconstruite comme mythologie.,-1,agent
248,Courrier international Hors-Série n.99 : Intelligence artificielle,,Collectif,Courrier International,Courrier International,3663322127694,Revue,8.90 €,19 Janvier 2024,https://www.librel.be/livre/3663322127694-courrier-international-hors-serie-n-99-intelligence-artificielle-collectif/,https://images.epagine.fr/694/3663322127694_1_m.jpg,0,3,"Neutre, magazine thématique.",1,2,non,"Liste de domaines bouleversés dont la guerre, sans développement, ton factuel.",-1,agent
249,Homo sapiens à l'heure de l'intelligence artificielle ; la métamorphose humaniste,,"Irène Dupoux-Couturier, Alain de Vulpian",Eyrolles,,9782212571318,Grand format,18.00 €,2 Mai 2019,https://www.librel.be/livre/9782212571318-homo-sapiens-a-l-heure-de-l-intelligence-artificielle-la-metamorphose-humaniste-irene-dupoux-couturier-alain-de-vulpian/,https://images.epagine.fr/318/9782212571318_1_m.jpg,0,3,"'Métamorphose humaniste' : positif, constructif.",0,2,non,"Réflexion sur l'évolution humaine, tonalité résolument optimiste et constructive.",0,agent
250,"L'intelligence artificielle, une révolution ?",,Emmanuel Jakobowicz,Alisio,,9782379351006,Grand format,19.90 €,27 Mai 2020,https://www.librel.be/livre/9782379351006-l-intelligence-artificielle-une-revolution-emmanuel-jakobowicz/,https://images.epagine.fr/006/9782379351006_1_m.jpg,1,2,"'Une révolution ?' : question ouverte, sans mot de menace fort.",2,2,non,Catastrophisme nommé puis relativisé par un panorama équilibré progrès/dangers.,-1,agent
251,Droit de l'intelligence artificielle Tome 15,,"Alexandra Bensamoun, Grégoire Loiseau",LGDJ,Les Intégrales,9782275095424,Grand format,85.00 €,29 Novembre 2022,https://www.librel.be/livre/9782275095424-droit-de-l-intelligence-artificielle-tome-15-alexandra-bensamoun-gregoire-loiseau/,https://images.epagine.fr/424/9782275095424_1_m.jpg,0,3,"Neutre, collection juridique.",0,3,non,"Panorama juridique académique exhaustif, ton neutre et descriptif.",0,agent
252,Un monde sans travail : Comment les nouvelles technologies et l'intelligence artificielle reconfigurent le marché du travail,,"Daniel Susskind, Céline Alexandre",Flammarion,Essais,9782081416949,Grand format,24.00 €,18 Janvier 2023,https://www.librel.be/livre/9782081416949-un-monde-sans-travail-comment-les-nouvelles-technologies-et-l-intelligence-artificielle-reconfigurent-le-marche-du-travail-daniel-susskind/,https://images.epagine.fr/949/9782081416949_1_m.jpg,4,3,"'Un monde sans travail' : perte d'emploi générale, angle négatif frontal et central.",3,2,non,"Menace du chômage technologique développée mais débat présenté comme ouvert, pistes proposées.",1,agent
253,L'influence entre l'intelligence artificielle et le juriste : L'histoire d'une réciprocité perpétuelle et éternelle,,"Siavash Shahrjerdi, William Gilles, Philippe Coen",Éditions L'Harmattan,Le Droit Aujourd'Hui,9782336441481,Grand format,36.00 €,11 Avril 2024,https://www.librel.be/livre/9782336441481-l-influence-entre-l-intelligence-artificielle-et-le-juriste-l-histoire-d-une-reciprocite-perpetuelle-et-eternelle-siavash-shahrjerdi/,https://images.epagine.fr/481/9782336441481_1_m.jpg,0,3,"Neutre : 'réciprocité perpétuelle et éternelle', académique.",0,2,non,Transformation du système judiciaire décrite de façon neutre et académique.,0,agent
254,Un droit de l'intelligence artificielle : entre règles sectorielles et régime général ; Perspectives comparées,,"Céline Castets-Renard, Jessica Eynard",Bruylant,,9782802772088,Grand format,151.00 €,16 Mars 2023,https://www.librel.be/livre/9782802772088-un-droit-de-l-intelligence-artificielle-entre-regles-sectorielles-et-regime-general-perspectives-comparees-celine-castets-renard-jessica-eynard/,https://images.epagine.fr/088/9782802772088_1_m.jpg,0,3,"Neutre, juridique comparatif.",0,2,non,"Description très générale d'une comparaison normative, aucun contenu négatif.",0,agent
255,"Dis, c'est quoi l'intelligence artificielle ?",,Pierre Lison,RENAISSANCE DU LIVRE,,9782507057299,Grand format,12.90 €,22 Février 2022,https://www.librel.be/livre/9782507057299-dis-c-est-quoi-l-intelligence-artificielle-pierre-lison/,https://images.epagine.fr/299/9782507057299_1_m.jpg,0,3,"Neutre, question enfantine.",1,3,non,"Deux points de vue (libération/menace) posés puis traités pédagogiquement, sans thèse.",-1,agent
256,Considérations épistémiques : Aux sources humaines et artificielles de l'intelligence,,Stavroula Bellos,Éditions L'Harmattan,Ouverture Philosophique,9782336558127,Grand format,12.00 €,8 Janvier 2026,https://www.librel.be/livre/9782336558127-considerations-epistemiques-aux-sources-humaines-et-artificielles-de-l-intelligence-stavroula-bellos/,https://images.epagine.fr/127/9782336558127_1_m.jpg,0,3,"Neutre, épistémologique.",0,1,non,"Texte philosophique confus sur le langage, IA quasi absente, pas de menace.",0,agent
257,Intelligence artificielle et anthropomorphisme : De l'illusion à la confusion,,Roxana Ologeanu-Taddei,Presses De L'Ecole Des Mines,Design Numérique,9782385426460,Grand format,22.00 €,20 Février 2025,https://www.librel.be/livre/9782385426460-intelligence-artificielle-et-anthropomorphisme-de-l-illusion-a-la-confusion-roxana-ologeanu-taddei/,https://images.epagine.fr/460/9782385426460_1_m.jpg,2,2,"'Illusion', 'confusion' : mots de trouble cognitif, non dramatiques.",4,2,non,"Anthropomorphisme critiqué comme cause d'infantilisation, déshumanisation, passivité : dominant.",-2,agent
258,Intelligence artificielle,,Nicolas Spatola,Pu De Clermont Ferrand,L'Opportune,9782845168084,Grand format,4.50 €,17 Septembre 2018,https://www.librel.be/livre/9782845168084-intelligence-artificielle-nicolas-spatola/,https://images.epagine.fr/084/9782845168084_1_m.jpg,0,3,"Titre nu, neutre (identique ancre rang 22).",0,3,non,Présentation pédagogique neutre des notions et enjeux de l'IA.,0,agent
259,L'intelligence artificielle,,Collectif,Aedis,,9782381480152,Grand format,3.50 €,19 Mai 2021,https://www.librel.be/livre/9782381480152-l-intelligence-artificielle-collectif/,https://images.epagine.fr/152/9782381480152_1_m.jpg,0,3,"Titre nu, neutre (identique ancre rang 34).",0,1,oui,Description vide.,0,agent
260,PHP 8 et Intelligence artificielle  : Les clés du développement web intelligent,,"Olivier Heurtel, Louis Authie",Eni,Coffret Expert,9782409053856,Grand format,77.90 €,15 Avril 2026,https://www.librel.be/livre/9782409053856-php-8-et-intelligence-artificielle-les-cles-du-developpement-web-intelligent-olivier-heurtel-louis-authie/,https://images.epagine.fr/856/9782409053856_1_m.jpg,0,3,"Neutre, technique PHP.",0,3,non,"Livres techniques PHP/IA pour développeurs, purement pratique.",0,agent
261,(R)évolution de l'intelligence artificielle : Cadre juridique et technique,,"Axel Beelen, Philippe Dambly",Anthemis,,9782807211049,Grand format,103.00 €,19 Septembre 2023,https://www.librel.be/livre/9782807211049-r-evolution-de-l-intelligence-artificielle-cadre-juridique-et-technique-axel-beelen-philippe-dambly/,https://images.epagine.fr/049/9782807211049_1_m.jpg,0,3,"Neutre, cadre juridique et technique.",0,2,non,"Panorama équilibré ; dangers cités brièvement parmi opportunités, cadre juridique et éthique.",0,agent
262,L'intelligence artificielle dans le monde d'aujourd'hui,,Badr Boussabat,LUC PIRE,,9782875422453,Grand format,14.00 €,23 Septembre 2021,https://www.librel.be/livre/9782875422453-l-intelligence-artificielle-dans-le-monde-d-aujourd-hui-badr-boussabat/,https://images.epagine.fr/453/9782875422453_1_m.jpg,0,3,"Neutre, descriptif.",0,3,non,"Discours entièrement positif : l'IA améliore santé, climat, pauvreté, inégalités.",0,agent
263,Les 101 mots de l'intelligence artificielle : Guide du vocabulaire essentiel de la science des données et de l'intelligence artificielle,,Gérard Pelletier,Datafranca,,9782982113305,Grand format,12.05 €,18 Août 2026,https://www.librel.be/livre/9782982113305-les-101-mots-de-l-intelligence-artificielle-guide-du-vocabulaire-essentiel-de-la-science-des-donnees-et-de-l-intelligence-artificielle-gerard-pelletier/,https://images.epagine.fr/305/9782982113305_1_m.jpg,0,3,"Neutre, glossaire pédagogique.",0,3,non,"Lexique de termes techniques, purement descriptif et pédagogique.",0,agent
264,Connaître les habitats naturels à l'ère du numérique : De l'utilité de l'intelligence artificielle,,Jan-Bernard Bouzillé,Tec & doc,Environnement,9782743027711,Grand format,35.00 €,14 Août 2025,https://www.librel.be/livre/9782743027711-connaitre-les-habitats-naturels-a-l-ere-du-numerique-de-l-utilite-de-l-intelligence-artificielle-jan-bernard-bouzille/,https://images.epagine.fr/711/9782743027711_1_m.jpg,0,3,"Neutre, nature et numérique.",0,3,non,Guide scientifique sur la biodiversité ; IA citée comme simple outil neutre.,0,agent
265,Politique étrangère n.3/2024 : L'Intelligence artificielle ou la course à la puissance,,Collectif,Politique Etrangere,Politique Étrangère,9791037308108,Revue,23.00 €,24 Septembre 2024,https://www.librel.be/livre/9791037308108-politique-etrangere-n-3-2024-l-intelligence-artificielle-ou-la-course-a-la-puissance-collectif/,https://images.epagine.fr/108/9791037308108_1_m.jpg,2,2,"'Course à la puissance' : compétition géopolitique, domination évoquée sans menace directe.",1,1,non,Texte très court ; « problématiques » évoquées sans développement ni thèse claire.,1,agent
266,Les dossiers urbanisme aménagement n.65 : Intelligence artificielle et droit de l'urbanisme,,Collectif,Le Moniteur,Les Dossiers Urbanisme Aménagement,9782281137231,Revue,30.15 €,5 Novembre 2025,https://www.librel.be/livre/9782281137231-les-dossiers-urbanisme-amenagement-n-65-intelligence-artificielle-et-droit-de-l-urbanisme-collectif/,https://images.epagine.fr/231/9782281137231_1_m.jpg,0,3,"Neutre, urbanisme.",0,3,non,"Sommaire juridique technique sur l'IA en urbanisme, ton neutre.",0,agent
267,"Intelligence artificielle, culture et médias",,Véronique Guèvremont,PRESSES DE L'UNIVERSITE DE LAVAL,,9782763758770,Grand format,56.00 €,1 Septembre 2024,https://www.librel.be/livre/9782763758770-intelligence-artificielle-culture-et-medias-veronique-guevremont/,https://images.epagine.fr/770/9782763758770_1_m.jpg,0,3,"Neutre, culture et médias.",3,2,non,"Majorité d'auteurs expriment inquiétudes/interrogations réelles, mais ouvrage collectif, débat ouvert.",-3,agent
268,L'INTELLIGENCE ARTIFICIELLE ET LES ACTEURS DU DROIT,,"Elise Defreyne, François Wéry",Anthemis,Commission Université-Palais,9782807216662,Grand format,88.00 €,15 Juillet 2026,https://www.librel.be/livre/9782807216662-l-intelligence-artificielle-et-les-acteurs-du-droit-elise-defreyne-francois-wery/,https://images.epagine.fr/662/9782807216662_1_m.jpg,0,3,"Neutre, acteurs du droit.",0,3,non,"Guide juridique professionnel, opportunités et incertitudes citées sans dramatisation.",0,agent
269,RGPD 2024 : La protection des données personnelles à l'heure de l'intelligence artificielle : Guide pratique,,Jacques Folon,Corporate,,9782874353406,Grand format,52.00 €,1 Octobre 2024,https://www.librel.be/livre/9782874353406-rgpd-2024-la-protection-des-donnees-personnelles-a-l-heure-de-l-intelligence-artificielle-guide-pratique-2e-edition-jacques-folon/,https://images.epagine.fr/406/9782874353406_1_m.jpg,0,3,"'Protection des données' : positif, rassurant.",0,3,non,"Guide pratique RGPD, IA à peine mentionnée, ton administratif neutre.",0,agent
270,Intelligence artificielle : réalité et enjeux,,Jean-Gabriel Ganascia,Éditions du Cavalier Bleu,Idées Reçues - Grand Angle,9791031802138,Grand format,22.00 €,27 Avril 2017,https://www.librel.be/livre/9791031802138-intelligence-artificielle-realite-et-enjeux-jean-gabriel-ganascia/,https://images.epagine.fr/138/9791031802138_1_m.jpg,0,3,Neutre : 'réalité et enjeux'.,1,3,non,Déconstruit explicitement l'idée reçue de « devenir esclaves » des machines.,-1,agent
271,QUE PENSER DE... ? : la robotique et l'intelligence artificielle,,Dominique Lambert,Fidelite,Que Penser De... ?,9782873568290,Poche,9.50 €,10 Octobre 2019,https://www.librel.be/livre/9782873568290-que-penser-de-la-robotique-et-l-intelligence-artificielle-dominique-lambert/,https://images.epagine.fr/290/9782873568290_1_m.jpg,0,3,"Neutre, question ouverte pédagogique.",1,2,non,Rejette explicitement « technophobie dangereuse » autant que « technolâtrie incohérente ».,-1,agent
272,"L'intelligence artificielle en pratique avec Python : Recherche, optimisation, apprentissage",,"Hugues Bersini, Ken Hasselmann",Eyrolles,Blanche,9782416010941,Grand format,32.00 €,9 Mars 2023,https://www.librel.be/livre/9782416010941-l-intelligence-artificielle-en-pratique-avec-python-recherche-optimisation-apprentissage-2e-edition-hugues-bersini-ken-hasselmann/,https://images.epagine.fr/941/9782416010941_1_m.jpg,0,3,"Neutre, technique Python.",0,3,non,"Manuel algorithmique pédagogique, entièrement technique et neutre.",0,agent
273,La vie : science : l'intelligence artificielle hors série la vie,,Collectif,Malesherbes,La Vie,3260500002608,Revue,6.90 €,18 Octobre 2018,https://www.librel.be/livre/3260500002608-la-vie-science-l-intelligence-artificielle-hors-serie-la-vie-collectif/,https://images.epagine.fr/608/3260500002608_1_m.jpg,0,3,"Neutre, hors-série magazine.",0,1,oui,Description vide.,0,agent
274,"Éthique, Intelligence Artificielle et santé : Pour la construction d'un cadre éthique opérationnel",,Marie-Caroline Laï,Éditions L'Harmattan,Ethique Et Pratique Médicale,9782336496214,Grand format,14.00 €,14 Novembre 2024,https://www.librel.be/livre/9782336496214-ethique-intelligence-artificielle-et-sante-pour-la-construction-d-un-cadre-ethique-operationnel-marie-caroline-lai/,https://images.epagine.fr/214/9782336496214_1_m.jpg,0,3,"Neutre, constructif : 'cadre éthique opérationnel'.",2,2,non,"Espoirs et craintes cités, mais objectif constructif : bâtir un cadre éthique.",-2,agent
275,"Responsabilité civile, soft law et intelligence artificielle : La proposition d'un ""fait générateur de responsabilité de gouvernance""",,William Guay,PRESSES DE L'UNIVERSITE DE LAVAL,Minerve,9782766310067,Grand format,38.00 €,3 Septembre 2026,https://www.librel.be/livre/9782766310067-responsabilite-civile-soft-law-et-intelligence-artificielle-la-proposition-d-un-fait-generateur-de-responsabilite-de-gouvernance-william-guay/,https://images.epagine.fr/067/9782766310067_1_m.jpg,0,3,"Neutre, juridique technique.",1,2,non,"Questions juridiques ouvertes sur l'encadrement de l'IA, pas de thèse de menace.",-1,agent
276,Intelligence artificielle et sciences humaines et sociales : Regards pluriels,,Jean-Sébastien Vayre,Éditions L'Harmattan,Dossiers Sciences Humaines Et Sociales,9782336500294,Grand format,22.00 €,1 Mai 2025,https://www.librel.be/livre/9782336500294-intelligence-artificielle-et-sciences-humaines-et-sociales-regards-pluriels/,https://images.epagine.fr/294/9782336500294_1_m.jpg,0,3,"Neutre, 'regards pluriels'.",1,2,non,Perte de contrôle citée comme une hypothèse parmi d'autres questions ouvertes.,-1,agent
277,Génération I.A : 80 films et séries pour décrypter l'intelligence artificielle,,Alexandre Pachulski,E/P/A,,9782376712206,Grand format,35.00 €,19 Août 2020,https://www.librel.be/livre/9782376712206-generation-i-a-80-films-et-series-pour-decrypter-l-intelligence-artificielle-alexandre-pachulski/,https://images.epagine.fr/206/9782376712206_1_m.jpg,0,3,"Neutre, culturel : 'décrypter'.",1,2,non,"Films cités incluent limites/dangers, mais but est de « mieux maîtriser » l'IA.",-1,agent
278,La personne face à l'intelligence artificielle,,"Collectif, Magali Bouteille-Brigant",Ifjd,Colloques Et Essais,9782370323033,Grand format,21.00 €,1 Juin 2021,https://www.librel.be/livre/9782370323033-la-personne-face-a-l-intelligence-artificielle-collectif-magali-bouteille-brigant/,https://images.epagine.fr/033/9782370323033_1_m.jpg,1,2,"'Face à' : confrontation implicite, sans mot de menace fort.",0,3,non,"Actes de colloque juridique, analyse académique neutre de la personnalité juridique.",1,agent
279,L'Intelligence Artificielle pour les juristes,,"Alain Strowel, François Wéry",Larcier,,9782807947320,Grand format,75.00 €,7 Mai 2025,https://www.librel.be/livre/9782807947320-l-intelligence-artificielle-pour-les-juristes-alain-strowel-francois-wery/,https://images.epagine.fr/320/9782807947320_1_m.jpg,0,3,"Neutre, public visé juristes.",0,3,non,Guide pratique juridique sur les bons usages de l'IA générative.,0,agent
280,"L'intelligence artificielle, tu connais ? dès 13 ans",,Rabah Attik,Eyrolles,Pour Les Kids,9782416001055,Grand format,17.00 €,6 Mai 2021,https://www.librel.be/livre/9782416001055-l-intelligence-artificielle-tu-connais-des-13-ans-rabah-attik/,https://images.epagine.fr/055/9782416001055_1_m.jpg,0,3,"Neutre, question jeunesse.",1,2,non,"Risques sur l'emploi mentionnés, mais livre pratique et orienté vers ateliers positifs.",-1,agent
281,"Métamorphoses numériques : Explorations sur l'intelligence artificielle, le métavers, la blockchain et le marketing",,Nicolas Neysen,PULG,,9782875624369,Grand format,18.00 €,24 Avril 2025,https://www.librel.be/livre/9782875624369-metamorphoses-numeriques-explorations-sur-l-intelligence-artificielle-le-metavers-la-blockchain-et-le-marketing-nicolas-neysen/,https://images.epagine.fr/369/9782875624369_1_m.jpg,0,3,"Neutre, exploration technologique.",2,2,non,"Impact emploi/environnement critiqué, mais élément parmi d'autres sujets numériques, ton pédagogique.",-2,agent
282,L'INTELLIGENCE ARTIFICIELLE POUR VOTRE BUSINESS EN LIGNE,,Yasin Bouanani,Bookelis,,9791042420666,ebook (ePub),9.50 €,16 Novembre 2023,https://www.librel.be/ebook/9791042420666-l-intelligence-artificielle-pour-votre-business-en-ligne-yasin-bouanani/,https://images.epagine.fr/666/9791042420666_1_m.jpg,0,3,"Neutre, commercial.",0,3,non,Guide business entièrement promotionnel et positif sur l'IA.,0,agent
283,L'INTELLIGENCE ARTIFICIELLE  : L'EVEIL DE LA CREATURE DU DR FRANKENSTEIN,,Dr Yasin Bouanani,Bookelis,,9791042455309,ebook (ePub),9.49 €,11 Avril 2025,https://www.librel.be/ebook/9791042455309-l-intelligence-artificielle-l-eveil-de-la-creature-du-dr-frankenstein-dr-yasin-bouanani/,https://images.epagine.fr/309/9791042455309_1_m.jpg,5,3,'Éveil de la créature du Dr Frankenstein' : métaphore monstrueuse frontale et centrale.,3,2,non,"Perte de contrôle et scénarios cauchemardesques réels, mais explicitement pas un pamphlet, question ouverte.",2,agent
284,Sciences et sens de l'intelligence artificielle,,"Collectif, Guilhem Julia",Dalloz,Thèmes Et Commentaires,9782247197491,Grand format,38.00 €,7 Octobre 2020,https://www.librel.be/livre/9782247197491-sciences-et-sens-de-l-intelligence-artificielle-collectif-guilhem-julia/,https://images.epagine.fr/491/9782247197491_1_m.jpg,0,3,Neutre : 'sciences et sens'.,1,2,non,« Fascine autant qu'elle inquiète » cité en passant dans panorama académique pluridisciplinaire.,-1,agent
285,"Cerveau(x) et droit : neurodroit, algorithmes, intelligence artificielle, objets connectés, centres et décision",,"Sandie Lacroix de Sousa, Peggy Larrieu, Jacques Mestre",LGDJ,,9782275113289,Grand format,48.00 €,25 Octobre 2022,https://www.librel.be/livre/9782275113289-cerveau-x-et-droit-neurodroit-algorithmes-intelligence-artificielle-objets-connectes-centres-et-decision-sandie-lacroix-de-sousa-peggy-larrieu-jacques-mestre/,https://images.epagine.fr/289/9782275113289_1_m.jpg,0,3,"Neutre, juridique académique.",0,2,non,"Ouvrage juridique académique, questionnements équilibrés sur cerveau, droit et algorithmes.",0,agent
286,Comprendre l'intelligence artificielle : edition 2024,,Patrice Rey,Books on Demand,,9782322506415,Grand format,34.90 €,11 Juin 2024,https://www.librel.be/livre/9782322506415-comprendre-l-intelligence-artificielle-edition-2024-patrice-rey/,https://images.epagine.fr/415/9782322506415_1_m.jpg,0,3,"Neutre, manuel.",0,3,non,"Guide d'initiation accessible, entièrement neutre et pédagogique.",0,agent
287,Intelligence artificielle : le nouveau levier de puissance pour l'Afrique ?,,Revue Alternatives Africaines,Éditions L'Harmattan,Revue Alternatives Africaines,9782336580043,Grand format,27.00 €,22 Janvier 2026,https://www.librel.be/livre/9782336580043-intelligence-artificielle-le-nouveau-levier-de-puissance-pour-l-afrique-edition-2025-revue-alternatives-africaines/,https://images.epagine.fr/043/9782336580043_1_m.jpg,0,2,"'Nouveau levier de puissance' : opportunité positive, question ouverte sans menace.",0,2,non,"Sommaire d'articles académiques divers, purement descriptif, aucune thèse négative.",0,agent
289,Intelligence artificielle et e-gouvernance en Afrique : Vers une administration publique transparente et plus efficace,,"Rose Pola Pricemou, Michel Boukar, Amadou Oury Bah",Éditions L'Harmattan,Afriques En Mutations,9782336552538,Grand format,27.00 €,11 Septembre 2025,https://www.librel.be/livre/9782336552538-intelligence-artificielle-et-e-gouvernance-en-afrique-vers-une-administration-publique-transparente-et-plus-efficace-rose-pola-pricemou-michel-boukar/,https://images.epagine.fr/538/9782336552538_1_m.jpg,0,3,"Neutre, positif : 'transparente et plus efficace'.",2,2,non,"Biais, discriminations et défis cités, mais conclusion optimiste et recommandations constructives.",-2,agent
290,Intelligence artificielle : un clone de l'homme,,Pierre Massotte,Cap Bear,,9782350662657,Grand format,27.00 €,9 Novembre 2022,https://www.librel.be/livre/9782350662657-intelligence-artificielle-un-clone-de-l-homme-pierre-massotte/,https://images.epagine.fr/657/9782350662657_1_m.jpg,3,2,"'Un clone de l'homme' : identité humaine dupliquée, angle négatif net mais isolé.",2,1,non,"Questionnement philosophique sur chaos/sagesse, registre spirituel confus, pas de thèse nette.",1,agent
291,Institut EuropIA : l'intelligence artificielle en questions,,Collectif,Ovadia,,9782363924339,Grand format,14.00 €,30 Avril 2021,https://www.librel.be/livre/9782363924339-institut-europia-l-intelligence-artificielle-en-questions-collectif/,https://images.epagine.fr/339/9782363924339_1_m.jpg,0,3,"Neutre, 'en questions', pédagogique.",1,2,non,Met en garde contre « dérives dangereuses » mais promeut surtout bienfaits et humanisme industriel.,-1,agent
292,La culture des données ; intelligence artificielle et algorithmes dans les industries culturelles,,"Joëlle Farchy, Juliette Parachini-denis",Presses De L'Ecole Des Mines,Les Cahiers De L'Emns,9782356715944,Grand format,15.00 €,27 Février 2020,https://www.librel.be/livre/9782356715944-la-culture-des-donnees-intelligence-artificielle-et-algorithmes-dans-les-industries-culturelles-joelle-farchy-juliette-parachini-denis/,https://images.epagine.fr/944/9782356715944_1_m.jpg,0,3,"Neutre, académique : 'culture des données', aucun mot de menace.",0,2,non,"Questions ouvertes sur auteurs, revenus, régulation ; ton informatif, aucune thèse de menace.",0,agent
293,L'intelligence artificielle ; les machines sont-elles déjà plus intelligente que nous ?,,Numerica,Plume Libre,,9782492126048,Grand format,8.00 €,3 Septembre 2020,https://www.librel.be/livre/9782492126048-l-intelligence-artificielle-les-machines-sont-elles-deja-plus-intelligente-que-nous-numerica/,https://images.epagine.fr/048/9782492126048_1_m.jpg,3,2,"'Plus intelligentes que nous' : infériorité humaine implicite, question frontale.",1,3,non,"Danger posé comme question ouverte parmi les opportunités, invite à se forger son opinion.",2,agent
294,Intelligence artificielle ; la réalité & le mythe,,Alain Bretto,Desiris,,9782364032002,Grand format,10.00 €,3 Mars 2021,https://www.librel.be/livre/9782364032002-intelligence-artificielle-la-realite-le-mythe-alain-bretto/,https://images.epagine.fr/002/9782364032002_1_m.jpg,1,2,"'Le mythe' démystifiant, écho à 'Mythologies', aucun mot de menace direct.",1,3,non,Angoisse évoquée puis explicitement démythifiée par une approche objective et pédagogique.,0,agent
295,Jésus viendra-t-il aussi sauver les machines ? regard chrétien sur l'intelligence artificielle,,Jean-Marc Moschetta,Mame,,9782728929092,Grand format,15.90 €,16 Avril 2021,https://www.librel.be/livre/9782728929092-jesus-viendra-t-il-aussi-sauver-les-machines-regard-chretien-sur-l-intelligence-artificielle-jean-marc-moschetta/,https://images.epagine.fr/092/9782728929092_1_m.jpg,0,2,"Question théologique ludique sur les machines, aucune menace évoquée.",0,3,non,Rejette explicitement méfiance et anathèmes ; confiance envers la technologie revendiquée.,0,agent
296,Quand l'intelligence artificielle s'éveillera,,Jérôme Béranger,Le Passeur Éditeur,,9782368907702,Grand format,21.90 €,17 Septembre 2020,https://www.librel.be/livre/9782368907702-quand-l-intelligence-artificielle-s-eveillera-jerome-beranger/,https://images.epagine.fr/702/9782368907702_1_m.jpg,2,2,"'S'éveillera' évoque l'éveil de l'IA, incertitude non dramatique.",1,2,non,Angoisses mentionnées mais résolues par un cadre éthique constructif proposé.,1,agent
297,Agir sans subir dans un monde connecté : Pour une éducation populaire à l'intelligence artificielle,,Cécile Petitgand,PRESSES DE L'UNIVERSITE DE LAVAL,,9782766309047,Poche,18.00 €,15 Janvier 2026,https://www.librel.be/livre/9782766309047-agir-sans-subir-dans-un-monde-connecte-pour-une-education-populaire-a-l-intelligence-artificielle-cecile-petitgand/,https://images.epagine.fr/047/9782766309047_1_m.jpg,1,2,"'Sans subir' évoque un risque vague, tempéré par 'agir'.",1,3,non,Explicitement pas un essai alarmiste ; domination des algorithmes présentée comme surmontable par l'action.,0,agent
298,Intelligence artificielle et santé mentale,,"Collectif, Amandine Cayol, Yves Poullet",Mare & Martin,Droit & Science Politique,9782386001000,Grand format,28.00 €,13 Février 2025,https://www.librel.be/livre/9782386001000-intelligence-artificielle-et-sante-mentale-collectif-amandine-cayol/,https://images.epagine.fr/000/9782386001000_1_m.jpg,0,3,"Neutre, thématique (santé mentale), aucun mot de menace.",2,2,non,Questions éthiques et juridiques réelles mais secondaires face aux promesses médicales de l'IA.,-2,agent
299,Data Scientist et langage R : autoformation aux bases de l'intelligence artificielle dans l'univers de la data,,"Eva Laude, Henri Laude",Eni,Epsilon,9782409030994,Grand format,54.00 €,13 Juillet 2021,https://www.librel.be/livre/9782409030994-data-scientist-et-langage-r-autoformation-aux-bases-de-l-intelligence-artificielle-dans-l-univers-de-la-data-3e-edition-eva-laude-henri-laude/,https://images.epagine.fr/994/9782409030994_1_m.jpg,0,3,"Neutre, technique (autoformation, langage R).",0,3,non,"Manuel technique de data science en R, entièrement pratique, aucune négativité.",0,agent
300,La belle histoire des révolutions numériques ; de l'électronique aux défis de l'intelligence artificielle,,Henri Lilen,De Boeck Supérieur,La Belle Histoire,9782807324787,Grand format,29.00 €,29 Octobre 2019,https://www.librel.be/livre/9782807324787-la-belle-histoire-des-revolutions-numeriques-de-l-electronique-aux-defis-de-l-intelligence-artificielle-henri-lilen/,https://images.epagine.fr/787/9782807324787_1_m.jpg,1,2,'Défis' mentionné mais tempéré par 'belle histoire'.,0,3,non,"Histoire chronologique neutre de l'électronique à l'IA, ton descriptif sans menace.",1,agent
301,TensorFlow et Keras ; l'intelligence artificielle appliquée à la robotique humanoïde,,Henri Laude,Eni,Epsilon,9782409021992,Grand format,54.00 €,11 Décembre 2019,https://www.librel.be/livre/9782409021992-tensorflow-et-keras-l-intelligence-artificielle-appliquee-a-la-robotique-humanoide-henri-laude/,https://images.epagine.fr/992/9782409021992_1_m.jpg,0,3,"Neutre, technique (TensorFlow, robotique).",0,3,non,"Guide technique TensorFlow/Keras pour créer un robot, purement pédagogique et pratique.",0,agent
302,L'intelligence artificielle au service des RH ; pour une expérience collaborateur augmentée,,"Michel Barabel, Charles-Henri Besseyre des Horts, Collectif, Thimothee Ferras",Dunod,,9782100813629,Grand format,27.15 €,2 Septembre 2020,https://www.librel.be/livre/9782100813629-l-intelligence-artificielle-au-service-des-rh-pour-une-experience-collaborateur-augmentee-michel-barabel-charles-henri-besseyre-des-horts-collectif-thimothee-ferras/,https://images.epagine.fr/629/9782100813629_1_m.jpg,0,3,"Neutre/positif : 'au service des RH', 'augmentée'.",0,2,non,Fantasmes évoqués puis relativisés ; ton constructif sur l'IA en ressources humaines.,0,agent
303,L'IA peut-elle penser ? miracle ou mirage de l'intelligence artificielle,,"Hubert Krivine, Guillaume Lecointre",De Boeck Supérieur,Culture Scientifique,9782807333055,Grand format,15.90 €,9 Février 2021,https://www.librel.be/livre/9782807333055-l-ia-peut-elle-penser-miracle-ou-mirage-de-l-intelligence-artificielle-hubert-krivine/,https://images.epagine.fr/055/9782807333055_1_m.jpg,2,2,"'Mirage' suggère illusion, équilibré par 'miracle'.",1,2,non,Fantasmes d'apocalypse cités puis traités par réflexion épistémologique sur corrélation et causalité.,1,agent
304,Intelligence artificielle vulgarisée ; le Machine Learning et le Deep Learning par la pratique,,Aurélien Vannieuwenhuyze,Eni,Ressources Informatiques,9782409020735,Grand format,29.90 €,5 Septembre 2019,https://www.librel.be/livre/9782409020735-intelligence-artificielle-vulgarisee-le-machine-learning-et-le-deep-learning-par-la-pratique-aurelien-vannieuwenhuyze/,https://images.epagine.fr/735/9782409020735_1_m.jpg,0,3,"Neutre, pédagogique ('par la pratique').",0,2,non,Craintes mentionnées brièvement en introduction d'un manuel pratique de Machine Learning.,0,agent
305,"Médias sociaux : perspectives sur les défis liés à la cybersécurité, la gouvernementalité algorithmique et l'intelligence artificielle",,Pierre Schallum,PRESSES DE L'UNIVERSITE DE LAVAL,,9782763753287,Grand format,30.00 €,11 Février 2021,https://www.librel.be/livre/9782763753287-medias-sociaux-perspectives-sur-les-defis-lies-a-la-cybersecurite-la-gouvernementalite-algorithmique-et-l-intelligence-artificielle-pierre-schallum/,https://images.epagine.fr/287/9782763753287_1_m.jpg,1,2,"'Défis liés à la cybersécurité' mentionné, non central ni dramatique.",0,2,non,"Guide de sensibilisation à la cybersécurité et à la protection des données, ton protecteur.",1,agent
306,L'avenir de l'intelligence artificielle : entre promesses et risques ? : Analyses à la lumière de la doctrine sociale de l'Eglise,,"Hugues Mfumumbwara Mawete, Mike Justin Mepay Kuazime",Éditions L'Harmattan,Religions Et Spiritualité,9782336545974,Grand format,17.00 €,23 Octobre 2025,https://www.librel.be/livre/9782336545974-l-avenir-de-l-intelligence-artificielle-entre-promesses-et-risques-analyses-a-la-lumiere-de-la-doctrine-sociale-de-l-eglise-hugues-mfumumbwara-mawete/,https://images.epagine.fr/974/9782336545974_1_m.jpg,2,2,"'Risques' explicite mais équilibré par 'promesses', question ouverte.",1,2,non,Enjeux éthiques réels mais encadrés par une doctrine sociale constructive et responsable.,1,agent
307,Intelligence artificielle : le prix de la performance,,Pascal Montagnon,Ma,,9782822407984,Grand format,25.90 €,27 Janvier 2022,https://www.librel.be/livre/9782822407984-intelligence-artificielle-le-prix-de-la-performance-2e-edition-pascal-montagnon/,https://images.epagine.fr/984/9782822407984_1_m.jpg,2,2,"'Le prix de la performance' : coût implicite, non dramatique.",0,2,non,Ton entièrement positif : l'IA porteuse d'espoir pour la performance des entreprises.,2,agent
308,Revue artension n.193 : Intelligence artificielle : Le grand bouleversement,,Collectif,Artension,Revue Artension,3663322133954,Revue,7.90 €,29 Août 2025,https://www.librel.be/livre/3663322133954-revue-artension-n-193-intelligence-artificielle-le-grand-bouleversement-collectif/,https://images.epagine.fr/954/3663322133954_1_m.jpg,2,2,"'Le grand bouleversement' : disruption, sans mot de danger explicite.",3,2,non,"Droits d'auteur piétinés, impact écologique cités, mais présentés comme division encore ouverte.",-1,agent
309,L'intelligence artificielle et le droit,,De Streel Alexandre,Larcier,Crids,9782807902312,Grand format,114.00 €,26 Octobre 2017,https://www.librel.be/livre/9782807902312-l-intelligence-artificielle-et-le-droit-de-streel-alexandre/,https://images.epagine.fr/312/9782807902312_1_m.jpg,0,3,"Neutre, juridique.",0,3,non,Analyse juridique descriptive et neutre du droit belge et européen de l'IA.,0,agent
310,Digitalisation et systèmes de santé en Afrique : Potentiel et défis de l'intelligence artificielle dans l'amélioration des soins,,"Abdelmadjid Abderahim Mahamat, Michel Boukar",Éditions L'Harmattan,Afriques En Mutations,9782336548241,Grand format,26.00 €,24 Juillet 2025,https://www.librel.be/livre/9782336548241-digitalisation-et-systemes-de-sante-en-afrique-potentiel-et-defis-de-l-intelligence-artificielle-dans-l-amelioration-des-soins-abdelmadjid-abderahim-mahamat-michel-boukar/,https://images.epagine.fr/241/9782336548241_1_m.jpg,1,2,"'Potentiel et défis' équilibré, non dramatique.",2,2,non,Bénéfices médicaux mis en avant ; défis et enjeux éthiques mentionnés en complément académique.,-1,agent
311,Intelligence artificielle,,Pascal Montagnon,La Charte,,9782874035296,Grand format,20.00 €,7 Février 2019,https://www.librel.be/livre/9782874035296-intelligence-artificielle-pascal-montagnon/,https://images.epagine.fr/296/9782874035296_1_m.jpg,0,3,"Titre nu, neutre.",1,2,non,"Craintes et espoirs mentionnés en équilibre, conclusion positive sur l'aide aux handicapés.",-1,agent
312,Intelligence artificielle et emploi en Afrique : Analyse des impacts de la digitalisation du travail,,"Michel Boukar, Ibrahim Kalil Konate, Robert Beugre Mambe",Éditions L'Harmattan,Afriques En Mutations,9782336568751,Grand format,30.00 €,10 Octobre 2025,https://www.librel.be/livre/9782336568751-intelligence-artificielle-et-emploi-en-afrique-analyse-des-impacts-de-la-digitalisation-du-travail-michel-boukar-ibrahim-kalil-konate/,https://images.epagine.fr/751/9782336568751_1_m.jpg,0,3,"Neutre, analytique (emploi, digitalisation).",3,2,non,"Destruction d'emplois analysée en profondeur, mais contrebalancée par des facteurs de résilience étudiés.",-3,agent
313,Intelligence artificielle et cognitive business,,Jean-Michel Rodriguez,Eni,Datapro,9782409013423,Grand format,45.00 €,11 Avril 2018,https://www.librel.be/livre/9782409013423-intelligence-artificielle-et-cognitive-business-jean-michel-rodriguez/,https://images.epagine.fr/423/9782409013423_1_m.jpg,0,3,"Neutre, business.",1,2,non,"Guerre industrielle évoquée en ouverture dramatique, puis contenu technique et pédagogique équilibré.",-1,agent
314,Manifeste pour une intelligence artificielle comprise et responsable,,"Jean-Paul Aimetti, Olivier Coppet, Gilbert Saporta",Cent Mille Milliards,,9782850712999,Poche,10.05 €,15 Mars 2024,https://www.librel.be/livre/9782850712999-manifeste-pour-une-intelligence-artificielle-comprise-et-responsable-jean-paul-aimetti-olivier-coppet-gilbert-saporta/,https://images.epagine.fr/999/9782850712999_1_m.jpg,0,3,"'Comprise et responsable' : positif, réassurant.",0,3,non,"Manifeste ne remettant pas en cause les applications vertueuses de l'IA, ton positif.",0,agent
315,"Nous & l'Intelligence artificielle, quelle synergie ?",,"Marco Landi, Chiara Sottocorona, Luc Julia",Ovadia,,9782363925749,Grand format,20.00 €,20 Février 2024,https://www.librel.be/livre/9782363925749-nous-l-intelligence-artificielle-quelle-synergie-marco-landi-chiara-sottocorona/,https://images.epagine.fr/749/9782363925749_1_m.jpg,0,3,"'Quelle synergie ?' : positif, collaboratif.",3,2,non,Amélioration ou diminution de l'humain posée comme débat politique ouvert et urgent.,-3,agent
316,Société numérique ; patrimoine humain ou crime contre l'humanité ? incertaine intelligence artificielle de Pierre Jourlin,,François-Xavier Marquis,Éditions L'Harmattan,,9782343161457,Grand format,21.50 €,21 Novembre 2018,https://www.librel.be/livre/9782343161457-societe-numerique-patrimoine-humain-ou-crime-contre-l-humanite-incertaine-intelligence-artificielle-de-pierre-jourlin-francois-xavier-marquis/,https://images.epagine.fr/457/9782343161457_1_m.jpg,5,2,"'Crime contre l'humanité' : maximal, même posé en alternative.",3,2,non,"Liberté conditionnellement menacée par un numérique non maîtrisé ; appel au débat, pas un verdict.",2,agent
317,Intelligence Artificielle : Vivre avec-2ème édition,,Byk Christian,Ma,,9782822408493,Grand format,35.90 €,2 Février 2023,https://www.librel.be/livre/9782822408493-intelligence-artificielle-vivre-avec-2eme-edition-byk-christian/,https://images.epagine.fr/493/9782822408493_1_m.jpg,0,3,"'Vivre avec' : neutre, acceptation.",0,3,non,"Hors sujet : roman policier sur Baudelaire, aucun contenu relatif à l'IA.",0,agent
320,Le procès de l'I.A. : L'intelligence artificielle sur le banc des accusés,,"Studio Laffitte, Institut EuropIA",Ovadia,,9782363926531,Grand format,20.00 €,15 Janvier 2026,https://www.librel.be/livre/9782363926531-le-proces-de-l-i-a-l-intelligence-artificielle-sur-le-banc-des-accuses-studio-laffitte-institut-europia/,https://images.epagine.fr/531/9782363926531_1_m.jpg,4,2,"'Procès', 'banc des accusés' : métaphore accusatoire centrale.",0,2,non,"BD sur l'IA créée avec l'IA, présentation courte et neutre, sans menace explicite.",4,agent
321,Intelligence artificielle : nouveaux enjeux,,Collectif,Ovadia,,9782363924780,Grand format,14.00 €,30 Avril 2022,https://www.librel.be/livre/9782363924780-intelligence-artificielle-nouveaux-enjeux-collectif/,https://images.epagine.fr/780/9782363924780_1_m.jpg,1,2,"'Nouveaux enjeux' : vague, non dramatique.",0,2,non,Bilan d'activité associatif de sensibilisation à l'IA ; mention Covid hors sujet IA.,1,agent
322,Bibliothèque Tangente Tome 68 : intelligence artificielle : l'alliance des mathématiques et de la technologie,,Collectif,Pole,Bibliothèque Tangente,9782848842271,Grand format,22.00 €,23 Septembre 2019,https://www.librel.be/livre/9782848842271-bibliotheque-tangente-tome-68-intelligence-artificielle-l-alliance-des-mathematiques-et-de-la-technologie-collectif/,https://images.epagine.fr/271/9782848842271_1_m.jpg,0,3,"'Alliance' : positif, neutre.",0,3,non,"Présentation neutre et pédagogique du rôle des maths dans l'IA, éthique juste mentionnée.",0,agent
323,Le grand mirage : Pourquoi l'intelligence artificielle ne remplacera jamais l'humain,,David Fortin,La Presse,,9782898254086,Grand format,33.50 €,1 Juin 2026,https://www.librel.be/livre/9782898254086-le-grand-mirage-pourquoi-l-intelligence-artificielle-ne-remplacera-jamais-l-humain-david-fortin/,https://images.epagine.fr/086/9782898254086_1_m.jpg,1,2,'Mirage' mais clause dominante nie le remplacement ('ne remplacera jamais').,3,2,non,"Désamorce la peur de conscience IA, mais développe l'atrophie cognitive comme 'vrai danger'.",-2,agent
324,Le traitement automatique des langues ; comprendre les textes grâce à l'intelligence artificielle,,"François Chaumartin, Pirmin Lemberger",Dunod,Infopro,9782100801886,Grand format,37.60 €,5 Février 2020,https://www.librel.be/livre/9782100801886-le-traitement-automatique-des-langues-comprendre-les-textes-grace-a-l-intelligence-artificielle-francois-chaumartin-pirmin-lemberger/,https://images.epagine.fr/886/9782100801886_1_m.jpg,0,3,"Neutre, technique (traitement des langues).",0,3,non,État de l'art académique et neutre du traitement automatique du langage.,0,agent
325,La voiture qui en savait trop ; les dilemmes moraux posés par l'intelligence artificielle,,Bonnefon J-F.,Humensciences,Quoi De Neuf En Sciences ?,9782379310393,Grand format,19.00 €,2 Octobre 2019,https://www.librel.be/livre/9782379310393-la-voiture-qui-en-savait-trop-les-dilemmes-moraux-poses-par-l-intelligence-artificielle-bonnefon-j-f/,https://images.epagine.fr/393/9782379310393_1_m.jpg,3,2,'En savait trop' inquiétant + 'dilemmes moraux' analytique.,3,2,non,"Dilemme moral des voitures autonomes posé comme question ouverte, non tranchée.",0,agent
326,L'avènement des machines ; robots et intelligence artificielle : la menace d'un avenir sans emploi,,Martin Ford,FYP,Presence,9782364051409,Grand format,22.00 €,17 Août 2017,https://www.librel.be/livre/9782364051409-l-avenement-des-machines-robots-et-intelligence-artificielle-la-menace-d-un-avenir-sans-emploi-martin-ford/,https://images.epagine.fr/409/9782364051409_1_m.jpg,5,3,'La menace' explicite d'un 'avenir sans emploi' : frontal.,4,3,non,"Développe longuement chômage de masse et effondrement économique dû à l'IA, note finale constructive.",1,agent
327,"La revue de la BNU : La Revue de la Bnu n°33 : ""Intelligences"" artificielles : la machine à fantasmes ?",,Christophe Didier,Bnu Strasbourg,La Revue De La Bnu,9782859231132,Grand format,20.00 €,25 Mai 2026,https://www.librel.be/livre/9782859231132-la-revue-de-la-bnu-la-revue-de-la-bnu-n-33-intelligences-artificielles-la-machine-a-fantasmes/,https://images.epagine.fr/132/9782859231132_1_m.jpg,1,2,"'Machine à fantasmes' : illusion, pas de menace directe.",1,2,non,"Rejette explicitement les 'peurs irrationnelles', vise à déconstruire les mythes sur l'IA.",0,agent
328,Écologie 360 n.7 : Intelligence artificielle : La révolution verte,,Collectif,Ecologie 360,Écologie 360,9782959234910,Revue,9.90 €,11 Septembre 2024,https://www.librel.be/livre/9782959234910-ecologie-360-n-7-intelligence-artificielle-la-revolution-verte-collectif/,https://images.epagine.fr/910/9782959234910_1_m.jpg,0,3,'Révolution verte' : positif.,0,3,non,Ne mentionne pas l'IA ; magazine écologie factuel et positif.,0,agent
329,"L'intelligence artificielle expliquee simplement - edition 2024 - illustrations, couleur",,Patrice Rey,Books on Demand,,9782322524310,Grand format,36.90 €,25 Mars 2024,https://www.librel.be/livre/9782322524310-l-intelligence-artificielle-expliquee-simplement-edition-2024-illustrations-couleur-patrice-rey/,https://images.epagine.fr/310/9782322524310_1_m.jpg,0,3,"Neutre, pédagogique.",0,1,oui,"Description vide, aucun texte à évaluer.",0,agent
330,Les enjeux du numérique en santé : Intelligence artificielle - Données de santé - Patient,,"Laurent Bloch, Cécile Castaing",Les Etudes Hospitalières,,9782386120091,Grand format,34.00 €,18 Septembre 2024,https://www.librel.be/livre/9782386120091-les-enjeux-du-numerique-en-sante-intelligence-artificielle-donnees-de-sante-patient-laurent-bloch-cecile-castaing/,https://images.epagine.fr/091/9782386120091_1_m.jpg,1,2,"'Enjeux' mentionné, vague, non dramatique.",2,2,non,"Risques (données, responsabilité) mentionnés à égalité avec les espoirs, propos académique équilibré.",-1,agent
331,Automatisez votre réseau : Concevoir un projet avec Arduino et l'Intelligence Artificielle,,Christian Bézanger,LR Presse,Les Guides Pratiques Du Train Miniature,9782375360743,Grand format,24.80 €,23 Octobre 2025,https://www.librel.be/livre/9782375360743-automatisez-votre-reseau-concevoir-un-projet-avec-arduino-et-l-intelligence-artificielle-christian-bezanger/,https://images.epagine.fr/743/9782375360743_1_m.jpg,0,3,"Neutre, technique (Arduino).",0,3,non,"Guide technique pratique sur l'IA en modélisme ferroviaire, aucune tonalité négative.",0,agent
332,Intelligence artificielle et conscience : la conscience artificielle est-elle une chimère ?,,Marc Savall,Diffusion Traditionnelle,,9782908353808,Grand format,22.00 €,30 Janvier 2023,https://www.librel.be/livre/9782908353808-intelligence-artificielle-et-conscience-la-conscience-artificielle-est-elle-une-chimere-marc-savall/,https://images.epagine.fr/808/9782908353808_1_m.jpg,1,2,"'Chimère' : illusion, pas de menace frontale.",2,2,non,"Dérives et inquiétudes éthiques évoquées, mais invitation à une réflexion philosophique ouverte.",-1,agent
333,Le vertige de l'IA : Quand l'intelligence artificielle décide pour nous,,Xavier Corman,Couleur Livres,,9782870039793,Grand format,19.00 €,10 Septembre 2026,https://www.librel.be/livre/9782870039793-le-vertige-de-l-ia-quand-l-intelligence-artificielle-decide-pour-nous-xavier-corman/,https://images.epagine.fr/793/9782870039793_1_m.jpg,4,2,"'Décide pour nous' : perte de contrôle, 'vertige' central.",3,3,non,Explicitement 'ni catastrophe ni avenir radieux' ; bouleversements présentés comme question non tranchée.,1,agent
334,"Ça va pas la tête ! cerveau, immortalité et intelligence artificielle : l'imposture du transhumanisme",,"Jean Mariani, Danièle Tritsch",Belin Éditeur,Essais,9782410003499,Grand format,19.00 €,14 Mars 2018,https://www.librel.be/livre/9782410003499-ca-va-pas-la-tete-cerveau-immortalite-et-intelligence-artificielle-l-imposture-du-transhumanisme-jean-mariani-daniele-tritsch/,https://images.epagine.fr/499/9782410003499_1_m.jpg,4,2,'Imposture' : métaphore de tromperie forte et centrale.,1,2,non,"Démystifie les promesses transhumanistes d'immortalité, qualifiées d'imposture, sans thèse de menace IA.",3,agent
335,Chimie et intelligence artificielle,,"Collectif, Danièle Olivier, Paul Rigny",EDP Sciences,,9782759835478,Grand format,25.00 €,12 Septembre 2024,https://www.librel.be/livre/9782759835478-chimie-et-intelligence-artificielle-collectif-daniele-olivier-paul-rigny/,https://images.epagine.fr/478/9782759835478_1_m.jpg,0,3,Neutre (chimie).,0,3,non,"Ton enthousiaste sur l'apport de l'IA à la chimie, aucun risque évoqué.",0,agent
336,L'Intelligence Artificielle décryptée : Comprendre les enjeux et risques éthiques de l'IA pour mieux l'appréhender,,Kathleen Desveaud,Ems,Questions De Société,9782376879602,Grand format,24.50 €,28 Mars 2024,https://www.librel.be/livre/9782376879602-l-intelligence-artificielle-decryptee-comprendre-les-enjeux-et-risques-ethiques-de-l-ia-pour-mieux-l-apprehender-kathleen-desveaud/,https://images.epagine.fr/602/9782376879602_1_m.jpg,2,2,'Risques éthiques' cité mais but réassurant ('mieux l'appréhender').,3,2,non,"Se concentre sur les 'dangers structurels' de l'IA au-delà des peurs, visée pédagogique.",-1,agent
337,Une civilisation en crise : l'Occident à l'épreuve de l'intelligence artificielle,,"Vincent Held, Paul Deheuvels",Reorganisation Du Monde,,9782970126232,Grand format,N.C.,24 Janvier 2020,https://www.librel.be/livre/9782970126232-une-civilisation-en-crise-l-occident-a-l-epreuve-de-l-intelligence-artificielle-vincent-held/,https://images.epagine.fr/232/9782970126232_1_m.jpg,4,2,"'Civilisation en crise' : menace centrale, sans détour.",5,3,non,Thèse conspirationniste : IA/Big Data comme outils de contrôle totalitaire des élites.,-1,agent
338,Intelligence artificielle et éducation : Un double défi,,"Pierre Giorgini, Antoine Blondelle, Patrick Scauflaire",Hermann,,9791037044471,Grand format,13.55 €,24 Septembre 2025,https://www.librel.be/livre/9791037044471-intelligence-artificielle-et-education-un-double-defi-pierre-giorgini-antoine-blondelle/,https://images.epagine.fr/471/9791037044471_1_m.jpg,1,2,"'Double défi' : vague, non dramatique.",0,2,non,"Questions pédagogiques ouvertes sur l'IA à l'école, orientation vers l'émancipation.",1,agent
339,Intelligence artificielle et droit du travail : Analyse en droit luxembourgeois,,Jean-Luc Putz,Larcier Luxembourg,Vademecum,9782496750270,Grand format,80.00 €,12 Février 2026,https://www.librel.be/livre/9782496750270-intelligence-artificielle-et-droit-du-travail-analyse-en-droit-luxembourgeois-jean-luc-putz/,https://images.epagine.fr/270/9782496750270_1_m.jpg,0,3,"Neutre, juridique.",2,2,non,"Opportunités, incertitudes et risques du travail équilibrés dans une analyse juridique.",-2,agent
340,L'intelligence artificielle face à l'État de droit,,Charly Derave,Bruylant,Penser Le Droit,9782802772552,Grand format,83.00 €,8 Février 2024,https://www.librel.be/livre/9782802772552-l-intelligence-artificielle-face-a-l-etat-de-droit-charly-derave/,https://images.epagine.fr/552/9782802772552_1_m.jpg,2,2,'Face à' l'État de droit : tension modérée.,0,3,non,Description neutre et académique des effets du numérique sur le droit.,2,agent
341,L'intelligence artificielle : de quoi s'agit-il vraiment ?,,"Sebastien Konieczny, Henri Pradé",Cepadues,,9782383951568,Grand format,15.00 €,18 Décembre 2024,https://www.librel.be/livre/9782383951568-l-intelligence-artificielle-de-quoi-s-agit-il-vraiment-2e-edition-sebastien-konieczny-henri-prade/,https://images.epagine.fr/568/9782383951568_1_m.jpg,0,3,"Neutre, question démystifiante.",0,3,non,Introduction neutre et pédagogique aux concepts de l'IA.,0,agent
342,Le moulin de mon père : Du certificat d'études à l'ère de l'intelligence artificielle,,Claude Tallemet,Les Trois Colonnes,,9791040625162,Grand format,19.60 €,16 Août 2026,https://www.librel.be/livre/9791040625162-le-moulin-de-mon-pere-du-certificat-d-etudes-a-l-ere-de-l-intelligence-artificielle-claude-tallemet/,https://images.epagine.fr/162/9791040625162_1_m.jpg,0,3,"Neutre, récit personnel/nostalgique.",0,3,non,Biographie personnelle sans lien réel avec l'IA.,0,agent
343,"Réveillons-nous ! ; l'intelligence artificielle, le travail et les microtâches",,Generation Snooze,Éditions Odile Jacob,,9782738149039,Grand format,19.40 €,23 Octobre 2019,https://www.librel.be/livre/9782738149039-reveillons-nous-l-intelligence-artificielle-le-travail-et-les-microtaches-generation-snooze/,https://images.epagine.fr/039/9782738149039_1_m.jpg,3,2,'Réveillons-nous !' + 'microtâches' : alerte sur exploitation du travail.,1,2,non,"Question 'redoutable' de la place humaine posée, puis résolue via guide pratique constructif.",2,agent
344,Digitalisation et intelligence artificielle,,Nicolas Decock,Anthemis,,9782807215719,Grand format,87.00 €,20 Mai 2025,https://www.librel.be/livre/9782807215719-digitalisation-et-intelligence-artificielle-nicolas-decock/,https://images.epagine.fr/719/9782807215719_1_m.jpg,0,3,Neutre.,0,2,non,Défis évoqués mais conclusion rassurante : l'IA renforce la profession sans la fragiliser.,0,agent
345,EDUCATION.IA : Réinventer l'éducation à l'ère de l'intelligence artificielle,,Boris Walbaum,Nouveaux Debats Publics,,9782385950699,Grand format,20.00 €,22 Mai 2025,https://www.librel.be/livre/9782385950699-education-ia-reinventer-l-education-a-l-ere-de-l-intelligence-artificielle-boris-walbaum/,https://images.epagine.fr/699/9782385950699_1_m.jpg,0,3,"'Réinventer' : positif, constructif.",3,2,non,"Bouleversement de l'éducation jugé urgent, mais résolu par des propositions pédagogiques concrètes.",-3,agent
347,Les plateformes numériques et l'intelligence artificielle,,Benjamin Docquir,Anthemis,Les Cahiers De La Conférence Du Jeune Barreau De Bruxelles,9782807212183,Grand format,86.00 €,15 Octobre 2024,https://www.librel.be/livre/9782807212183-les-plateformes-numeriques-et-l-intelligence-artificielle-benjamin-docquir/,https://images.epagine.fr/183/9782807212183_1_m.jpg,0,3,Neutre.,0,3,non,Panorama juridique neutre sur plateformes numériques et IA.,0,agent
348,Après l'intelligence artificielle et la robotisation : préparer le monde de 2050,,Hervé Cuillandre,Maxima,,9782818809075,Grand format,24.75 €,31 Octobre 2019,https://www.librel.be/livre/9782818809075-apres-l-intelligence-artificielle-et-la-robotisation-preparer-le-monde-de-2050-herve-cuillandre/,https://images.epagine.fr/075/9782818809075_1_m.jpg,0,3,"'Préparer le monde' : neutre, proactif.",1,3,non,"Rejette explicitement la peur : l'IA restera un outil, avenir positif de partage.",-1,agent
349,Intelligence artificielle avec AWS ; exploitez les services cognitifs d'Amazon,,Marc Israël,Eni,Expert It,9782409019456,Grand format,39.00 €,12 Juin 2019,https://www.librel.be/livre/9782409019456-intelligence-artificielle-avec-aws-exploitez-les-services-cognitifs-d-amazon-marc-israel/,https://images.epagine.fr/456/9782409019456_1_m.jpg,0,3,"'Exploitez' au sens technique (services cloud), pas menace humaine.",0,3,non,"Guide technique pratique sur les services cognitifs AWS, entièrement neutre.",0,agent
350,Apprentissage machine clé de l'intelligence artificielle ; une introduction pour non-spécialistes,,Rémi Gilleron,Ellipses,Références Sciences,9782340028807,Grand format,26.00 €,12 Février 2019,https://www.librel.be/livre/9782340028807-apprentissage-machine-cle-de-l-intelligence-artificielle-une-introduction-pour-non-specialistes-remi-gilleron/,https://images.epagine.fr/807/9782340028807_1_m.jpg,0,3,"Neutre, pédagogique.",0,3,non,Simple liste de termes techniques de machine learning.,0,agent
351,La terreur et le sublime ; humaniser l'intelligence artificielle pour construire un nouveau monde,,Ollivier Dyens,XYZ,,9782897721817,Grand format,22.00 €,28 Août 2019,https://www.librel.be/livre/9782897721817-la-terreur-et-le-sublime-humaniser-l-intelligence-artificielle-pour-construire-un-nouveau-monde-ollivier-dyens/,https://images.epagine.fr/817/9782897721817_1_m.jpg,3,2,'La terreur' explicite mais équilibrée par 'le sublime'.,2,2,non,"Terreurs et surveillance mentionnées parmi d'autres enjeux, vision globalement positive de fusion.",1,agent
352,Pistes n.2 : intelligence artificielle : que faire de la transparence technique ?,,"Collectif, Seddik Benlaksira, Tyler Reigeluth",Vrin,Pistes,9782711684267,Revue,18.00 €,22 Décembre 2022,https://www.librel.be/livre/9782711684267-pistes-n-2-intelligence-artificielle-que-faire-de-la-transparence-technique-collectif-seddik-benlaksira-tyler-reigeluth/,https://images.epagine.fr/267/9782711684267_1_m.jpg,0,3,"Question technique neutre sur la transparence, aucun mot de menace.",1,2,non,"Opacité citée comme crainte d'autrui, mais le livre interroge la prémisse plutôt que l'endosser.",-1,agent
355,L'Intelligence Artificielle au coeur du cinéma et de l'Audiovisuel,,Bernard Coat,Bernard Coat,,9791092165487,Grand format,24.50 €,4 Avril 2025,https://www.librel.be/livre/9791092165487-l-intelligence-artificielle-au-coeur-du-cinema-et-de-l-audiovisuel-bernard-coat/,https://images.epagine.fr/487/9791092165487_1_m.jpg,0,3,"Neutre, sectoriel (cinéma, audiovisuel).",0,3,non,"Ton élogieux et descriptif sur l'IA dans le cinéma, aucune menace.",0,agent
356,"Disruption ; intelligence artificielle, fin du salariat, humanité augmentée ; préparez-vous à changer de monde",,Stéphane Mallard,Dunod,,9782100804276,Grand format,21.60 €,10 Juillet 2019,https://www.librel.be/livre/9782100804276-disruption-intelligence-artificielle-fin-du-salariat-humanite-augmentee-preparez-vous-a-changer-de-monde-stephane-mallard/,https://images.epagine.fr/276/9782100804276_1_m.jpg,4,2,"« Fin du salariat » : perte explicite, renforcée par « changer de monde ».",3,2,non,Urgence de « se disrupter pour ne pas disparaître » : menace professionnelle nette mais brève.,1,agent
357,Le prochain maître du monde ; l'intelligence artificielle,,Karim Massimov,Fayard,,9782213717432,Grand format,24.05 €,9 Septembre 2020,https://www.librel.be/livre/9782213717432-le-prochain-maitre-du-monde-l-intelligence-artificielle-karim-massimov/,https://images.epagine.fr/432/9782213717432_1_m.jpg,5,2,« Prochain maître du monde » : domination frontale et sans ambiguïté.,2,3,non,Risque d'« anéantissement » mentionné mais noyé dans un propos globalement optimiste et pratique.,3,agent
358,D'architecture n.329 : L'intelligence (artificielle) de l'image,,Collectif,D'Architecture,D'Architecture,3663322134173,Revue,18.00 €,10 Octobre 2025,https://www.librel.be/livre/3663322134173-d-architecture-n-329-l-intelligence-artificielle-de-l-image-collectif/,https://images.epagine.fr/173/3663322134173_1_m.jpg,0,3,"Neutre, jeu de mots architecture/image sans menace.",1,2,non,Peur (Baudelaire) citée puis explorée analytiquement sans être endossée comme thèse.,-1,agent
359,"Intelligence artificielle et société : Machinisme, symbolisme et politique",,"Collectif, Marc Ménard, André Mondoux",Pu De Quebec,Communication,9782760559370,Grand format,34.00 €,16 Mai 2024,https://www.librel.be/livre/9782760559370-intelligence-artificielle-et-societe-machinisme-symbolisme-et-politique-collectif-marc-menard-andre-mondoux/,https://images.epagine.fr/370/9782760559370_1_m.jpg,0,3,"Neutre, académique (machinisme, symbolisme, politique).",2,2,non,"Cadre critique (néolibéralisme, choix névralgiques) mais propos académique équilibré, pas de thèse tranchée.",-2,agent
360,Les enjeux liés à l'utilisation de l'intelligence artificielle en matière de santé : regards croisés,,Eugenie Petitprez,Ceprisca,Colloques,9791097323158,Grand format,20.00 €,4 Juin 2024,https://www.librel.be/livre/9791097323158-les-enjeux-lies-a-l-utilisation-de-l-intelligence-artificielle-en-matiere-de-sante-regards-croises-eugenie-petitprez/,https://images.epagine.fr/158/9791097323158_1_m.jpg,0,3,"« Enjeux » neutre, pas de mot de risque fort.",1,2,non,"Inquiétudes (données, secret médical) évoquées comme questions d'étude, ton neutre académique.",-1,agent
361,REVUE CITES n.80 : l'intelligence artificielle a-t-elle un sens (moral) ?,,Revue Cites,PUF,Revue Cites,9782130821151,Revue,18.00 €,8 Janvier 2020,https://www.librel.be/livre/9782130821151-revue-cites-n-80-l-intelligence-artificielle-a-t-elle-un-sens-moral-edition-2019-revue-cites/,https://images.epagine.fr/151/9782130821151_1_m.jpg,1,2,"Question ouverte sur le sens moral, aucune menace nommée.",3,2,non,"Remplacement de l'intellect humain posé comme question ouverte urgente, non comme verdict.",-2,agent
362,L'internet des objets et la data ; l'intelligence artificielle comme rupture stratégique,,"Eric Dosquet, Frédéric Dosquet, Yvon Moysan, Frédéric Scibetta",Dunod,,9782100772377,Grand format,30.05 €,18 Avril 2018,https://www.librel.be/livre/9782100772377-l-internet-des-objets-et-la-data-l-intelligence-artificielle-comme-rupture-strategique-eric-dosquet-frederic-dosquet-yvon-moysan-frederic-scibetta/,https://images.epagine.fr/377/9782100772377_1_m.jpg,0,3,"« Rupture stratégique » : jargon business neutre, pas menaçant.",0,3,non,"Discours business positif sur les objets connectés et l'IA, aucune menace.",0,agent
364,La Côte d'Ivoire à l'aube de l'intelligence artificielle,,Ouandé Armand Regnima,Éditions L'Harmattan,Questions Contemporaines,9782336591667,Grand format,16.00 €,21 Mai 2026,https://www.librel.be/livre/9782336591667-la-cote-d-ivoire-a-l-aube-de-l-intelligence-artificielle-comprendre-prevoir-agir-proteger-ouande-armand-regnima/,https://images.epagine.fr/667/9782336591667_1_m.jpg,0,3,« À l'aube » : neutre à positif.,2,3,non,Ambivalence explicite « émanciper ou asservir » ; risques réels mais balance clairement affichée.,-2,agent
365,"Intelligence artificielle, gestion algorithmique du personnel et droit du travail ; les travaux de l'AFDT",,"Collectif, Patrice Adam, Martine Le friant, Yasmine Tarasewicz",Dalloz,Thèmes Et Commentaires,9782247196081,Grand format,48.00 €,26 Août 2020,https://www.librel.be/livre/9782247196081-intelligence-artificielle-gestion-algorithmique-du-personnel-et-droit-du-travail-les-travaux-de-l-afdt-collectif-patrice-adam-martine-le-friant-yasmine-tarasewicz/,https://images.epagine.fr/081/9782247196081_1_m.jpg,0,3,"Neutre, juridique (droit du travail).",0,2,non,"Description institutionnelle d'un groupe de travail juridique, purement factuelle.",0,agent
366,La fabuleuse histoire des inventions ; de la maîtrise du feu à l'intelligence artificielle,,Denis Guthleben,Dunod,,9782100800278,Grand format,22.10 €,4 Mai 2021,https://www.librel.be/livre/9782100800278-la-fabuleuse-histoire-des-inventions-de-la-maitrise-du-feu-a-l-intelligence-artificielle-denis-guthleben/,https://images.epagine.fr/278/9782100800278_1_m.jpg,0,3,"Neutre, historique des inventions.",0,3,non,"Récit historique des inventions et robots, ton neutre et positif.",0,agent
367,Responsabilité civile et intelligence artificielle,,Olivier Gout,Bruylant,,9782802771906,Grand format,96.00 €,8 Décembre 2022,https://www.librel.be/livre/9782802771906-responsabilite-civile-et-intelligence-artificielle-olivier-gout/,https://images.epagine.fr/906/9782802771906_1_m.jpg,0,3,"Neutre, terme juridique.",0,3,non,Ouvrage de droit comparé purement descriptif sur la responsabilité civile.,0,agent
368,L'intelligence artificielle et les mondes du travail : perspectives sociojuridiques et enjeux éthiques,,"Collectif, Jean Bernier",PRESSES DE L'UNIVERSITE DE LAVAL,,9782763753829,Grand format,36.00 €,30 Avril 2021,https://www.librel.be/livre/9782763753829-l-intelligence-artificielle-et-les-mondes-du-travail-perspectives-sociojuridiques-et-enjeux-ethiques-collectif-jean-bernier/,https://images.epagine.fr/829/9782763753829_1_m.jpg,0,3,"Neutre, académique (sociojuridique, éthique).",2,2,non,"Déqualification et pertes d'emplois citées parmi d'autres effets, propos académique équilibré.",-2,agent
369,Vers un droit de l'intelligence artificielle,,"Samir Merabet, Hugo Barbier",Dalloz,Nouvelle Bibliothèque De Thèses,9782247198634,Grand format,90.00 €,8 Juillet 2020,https://www.librel.be/livre/9782247198634-vers-un-droit-de-l-intelligence-artificielle-samir-merabet/,https://images.epagine.fr/634/9782247198634_1_m.jpg,0,3,"Neutre, juridique.",0,1,oui,"Simple mention de thèse de doctorat, aucun contenu substantiel.",0,agent
370,Au coeur de l'intelligence artificielle ; des algorithmes à l'IA forte,,Axel Cypel,De Boeck Supérieur,Informatique,9782807331846,Grand format,25.90 €,13 Octobre 2020,https://www.librel.be/livre/9782807331846-au-coeur-de-l-intelligence-artificielle-des-algorithmes-a-l-ia-forte-axel-cypel/,https://images.epagine.fr/846/9782807331846_1_m.jpg,0,3,"Neutre, descriptif technique.",1,2,non,« Dangers réels » cités mais objectif est de démystifier fantasmes vs réalité scientifique.,-1,agent
371,Médecine et intelligence artificielle,,"Collectif, Bernard Nordlinger, Cédric Villani, Olivier de Fresnoye",CNRS,,9782271141514,Grand format,25.00 €,24 Mars 2022,https://www.librel.be/livre/9782271141514-medecine-et-intelligence-artificielle-collectif-bernard-nordlinger-cedric-villani-olivier-de-fresnoye/,https://images.epagine.fr/514/9782271141514_1_m.jpg,0,3,"Neutre, sectoriel médecine.",0,2,non,"Promesses médicales dominent ; questions pratiques (données, confiance) sans cadrage menaçant.",0,agent
372,"L'Incertitude Apprivoisée : Origines, fonctionnement et usages de l'intelligence artificielle",,Roger Vandomme,Books on Demand,,9782322841738,Grand format,23.00 €,27 Mai 2026,https://www.librel.be/livre/9782322841738-l-incertitude-apprivoisee-origines-fonctionnement-et-usages-de-l-intelligence-artificielle-roger-vandomme/,https://images.epagine.fr/738/9782322841738_1_m.jpg,0,2,« Incertitude apprivoisée » : menace explicitement neutralisée.,0,3,non,Rejette explicitement l'essai alarmiste : « l'IA n'est ni magie ni menace ».,0,agent
373,Intelligence artificielle  :  applications,,Collectif,Ovadia,,9782363923134,Grand format,20.00 €,14 Avril 2023,https://www.librel.be/livre/9782363923134-intelligence-artificielle-applications-collectif/,https://images.epagine.fr/134/9782363923134_1_m.jpg,0,3,"Neutre, titre nu.",1,3,non,"Dit explicitement : l'IA « n'est pas une menace », peur déplacée vers l'humain.",-1,agent
374,Deux siècles de la Genève médicale : de la saignée à l'intelligence artificielle,,"Anne-Françoise Allaz, Philippe de Moerloose",Rms,,9782880495343,Grand format,49.00 €,13 Octobre 2023,https://www.librel.be/livre/9782880495343-deux-siecles-de-la-geneve-medicale-de-la-saignee-a-l-intelligence-artificielle-anne-francoise-allaz-philippe-de-moerloose/,https://images.epagine.fr/343/9782880495343_1_m.jpg,0,3,"Neutre, historique médical.",0,3,non,"Histoire d'une société médicale genevoise, IA quasi absente du propos.",0,agent
375,Intelligence artificielle et environnement : alliance ou nuisance ? l'IA face aux défis écologiques d'aujourd'hui et de demain,,"Arnault Pachot, Céline Patissier",Dunod,,9782100835683,Grand format,23.10 €,26 Octobre 2022,https://www.librel.be/livre/9782100835683-intelligence-artificielle-et-environnement-alliance-ou-nuisance-l-ia-face-aux-defis-ecologiques-d-aujourd-hui-et-de-demain-arnault-pachot-celine-patissier/,https://images.epagine.fr/683/9782100835683_1_m.jpg,2,2,"« Nuisance » présent mais tempéré par « alliance », question ouverte.",2,3,non,Pollution de l'IA reconnue mais intégrée à un récit de solutions vertes équilibré.,0,agent
376,"L'intelligence artificielle au service des systèmes de santé en Afrique : Opportunités, limites et conditions de réussite",,"Cheick Oumar Bagayoko, Marius Fieschi, Bakary Toumanion",Éditions L'Harmattan,Etudes Africaines,9782336610320,Grand format,28.00 €,2 Juillet 2026,https://www.librel.be/livre/9782336610320-l-intelligence-artificielle-au-service-des-systemes-de-sante-en-afrique-opportunites-limites-et-conditions-de-reussite-cheick-oumar-bagayoko-marius-fieschi/,https://images.epagine.fr/320/9782336610320_1_m.jpg,0,3,"« Au service de », « opportunités » : cadrage positif.",0,3,non,"Propos constructif sur l'IA en santé en Afrique, aucune menace développée.",0,agent
377,De Lascaux à l'intelligence artificielle : Histoire de la culture,,Claude Valentin,LULU,,9782366482270,Grand format,25.45 €,12 Novembre 2025,https://www.librel.be/livre/9782366482270-de-lascaux-a-l-intelligence-artificielle-histoire-de-la-culture-claude-valentin/,https://images.epagine.fr/270/9782366482270_1_m.jpg,0,3,"Neutre, historique de la culture.",0,3,non,"Voyage culturel philosophique positif, IA à peine mentionnée en fin de texte.",0,agent
378,666 Antichrist : l'intelligence artificielle et la bête,,Claude D'Elendil,Domus,,9782919158966,Grand format,9.00 €,16 Octobre 2025,https://www.librel.be/livre/9782919158966-666-antichrist-l-intelligence-artificielle-et-la-bete-claude-d-elendil/,https://images.epagine.fr/966/9782919158966_1_m.jpg,5,3,"« Antichrist », « la bête » : imagerie apocalyptique frontale.",5,3,non,"IA identifiée à « la Bête » apocalyptique, pouvoir messianique inversé : thèse totale.",0,agent
379,Le règne de l'intelligence artificielle : la fin de l'anthropocène et l'avènement des posthumains,,Daniel Robin,Mercure Dauphinois,,9782356622907,Grand format,17.50 €,10 Octobre 2022,https://www.librel.be/livre/9782356622907-le-regne-de-l-intelligence-artificielle-la-fin-de-l-anthropocene-et-l-avenement-des-posthumains-daniel-robin/,https://images.epagine.fr/907/9782356622907_1_m.jpg,5,2,"« Règne », « fin de l'anthropocène » : domination et fin explicites.",5,3,non,"Empire transhumaniste, fin de l'humain biologique : thèse de domination totale.",0,agent
380,L'intelligence artificielle n'existe pas,,Julia Luc,First,,9782412043400,Grand format,17.95 €,24 Janvier 2019,https://www.librel.be/livre/9782412043400-l-intelligence-artificielle-n-existe-pas-julia-luc/,https://images.epagine.fr/400/9782412043400_1_m.jpg,1,2,"Titre démystifiant/correctif, pas une accusation de menace.",1,3,non,Vise explicitement à « tordre le cou » aux peurs et fantasmes sur l'IA.,0,agent
381,L'intelligence artificielle aux impôts : Réflexions et actions syndicales,,Collectif,Syllepse,,9791039902595,Grand format,10.00 €,10 Octobre 2024,https://www.librel.be/livre/9791039902595-l-intelligence-artificielle-aux-impots-reflexions-et-actions-syndicales-collectif/,https://images.epagine.fr/595/9791039902595_1_m.jpg,0,3,"Neutre, syndical/administratif.",2,2,non,Critique de l'exclusion des agents mais posture « ni technophobe ni technobéat » revendiquée.,-2,agent
382,L'intelligence artificielle expliquée à mon boss,,Pierre Blanc,Kawa,,9782367781914,Grand format,29.95 €,29 Octobre 2018,https://www.librel.be/livre/9782367781914-l-intelligence-artificielle-expliquee-a-mon-boss-pierre-blanc/,https://images.epagine.fr/914/9782367781914_1_m.jpg,0,3,"Neutre, pédagogique/humoristique léger.",0,3,non,"Ton léger, humour, mythes déconstruits, aucun cadrage négatif.",0,agent
383,Intelligence artificielle : L'intelligence amplifiée par la technologie,,"Chantal Cazals, Francois Cazals",De Boeck Supérieur,,9782807331433,Grand format,20.90 €,11 Juillet 2020,https://www.librel.be/livre/9782807331433-intelligence-artificielle-l-intelligence-amplifiee-par-la-technologie-chantal-cazals-francois-cazals/,https://images.epagine.fr/433/9782807331433_1_m.jpg,0,3,« Amplifiée » : neutre à positif.,0,2,non,"Biographie de l'auteur uniquement, aucun contenu sur des risques de l'IA.",0,agent
385,Antiqua et nova - note sur les relations entre l'intelligence artificielle et l'intelligence humaine,,Dicastere Pour La Do,Médiaspaul,,9782897604714,Grand format,6.50 €,20 Septembre 2025,https://www.librel.be/livre/9782897604714-antiqua-et-nova-note-sur-les-relations-entre-l-intelligence-artificielle-et-l-intelligence-humaine-dicastere-pour-la-do/,https://images.epagine.fr/no_image.png,0,3,"Neutre, note académique/institutionnelle.",4,2,non,"Catalogue développé de dangers (surveillance, armes, désinformation, asservissement) malgré cadre équilibré.",-4,agent
386,Intelligence artificielle et dé-coïncidence,,"Collectif, Patrick Albert",Presses De L'Ecole Des Mines,Libres Opinions,9782385427214,Grand format,19.00 €,3 Juillet 2025,https://www.librel.be/livre/9782385427214-intelligence-artificielle-et-de-coincidence-collectif-patrick-albert/,https://images.epagine.fr/214/9782385427214_1_m.jpg,0,3,"Neutre, terme philosophique obscur (dé-coïncidence).",2,2,non,"Questions philosophiques ouvertes sur des 'toxicités' de l'IA, parmi d'autres, sans thèse tranchée.",-2,agent
387,"Intelligence artificielle ; l'être humain, maître du jeu",,"Pascal Montagnon, Axel Kahn",Edi Pro,,9782874963827,Grand format,30.00 €,9 Juillet 2019,https://www.librel.be/livre/9782874963827-intelligence-artificielle-l-etre-humain-maitre-du-jeu-pascal-montagnon/,https://images.epagine.fr/827/9782874963827_1_m.jpg,0,2,"« Maître du jeu » attribué à l'humain : rassurant, contrôle affirmé.",1,2,non,Peur du 'remplacement' évoquée puis désamorcée : opposition homme/robot jugée erreur.,-1,agent
388,L'intelligence artificielle peut-elle engendrer des artistes authentiques ?,,Hugues Bersini,Académie royale de Belgique,,9782803107087,Grand format,7.00 €,2 Février 2020,https://www.librel.be/livre/9782803107087-l-intelligence-artificielle-peut-elle-engendrer-des-artistes-authentiques-hugues-bersini/,https://images.epagine.fr/087/9782803107087_1_m.jpg,1,2,"Question sur l'authenticité, doute sans mot de menace fort.",0,3,non,"Question philosophique neutre sur la créativité de l'IA, aucune menace.",1,agent
389,Réinventer l'intégrité académique à l'ère de l'intelligence artificielle,,"Paulo Peixoto, Michelle Bergadaà, Collectif",Ems,Questions De Société,9782386301766,Grand format,25.00 €,6 Mars 2025,https://www.librel.be/livre/9782386301766-reinventer-l-integrite-academique-a-l-ere-de-l-intelligence-artificielle-paulo-peixoto-michelle-bergadaa-collectif/,https://images.epagine.fr/766/9782386301766_1_m.jpg,1,2,« Réinventer » : cadrage constructif malgré l'enjeu évoqué.,1,2,non,"Fragilité de l'intégrité académique évoquée, conclut sur note positive et créative.",0,agent
390,"Médiation, écologie, environnement et intelligence artificielle",,Béatrice Blohorn-Brenneur,Éditions L'Harmattan,Le Droit Aujourd'Hui,9782336444468,Grand format,20.00 €,28 Mars 2024,https://www.librel.be/livre/9782336444468-mediation-ecologie-environnement-et-intelligence-artificielle-beatrice-blohorn-brenneur/,https://images.epagine.fr/468/9782336444468_1_m.jpg,0,3,"Neutre, liste thématique.",0,3,non,Compte-rendu de colloque neutre sur médiation et IA.,0,agent
391,"LA MÉCANISATION DE L'ESPRIT : Cybernétique, Intelligence artificielle, Transhumanisme",,Carbou Jacques,Editions Du Verbe Haut,,9782491187163,Grand format,16.00 €,9 Septembre 2022,https://www.librel.be/livre/9782491187163-la-mecanisation-de-l-esprit-cybernetique-intelligence-artificielle-transhumanisme-carbou-jacques/,https://images.epagine.fr/163/9782491187163_1_m.jpg,3,2,"« Mécanisation de l'esprit » : métaphore de réduction, liste neutre ensuite.",0,1,oui,Description vide.,3,agent
392,"L'Inspecteur Clébard et l'intelligence (ou plutôt) la connerie artificielle : ""Par laquelle Richard Branson risqua sa peau""",,Eric Lehmann,Pillet,,9782940145706,Grand format,19.10 €,10 Juin 2025,https://www.librel.be/livre/9782940145706-l-inspecteur-clebard-et-l-intelligence-ou-plutot-la-connerie-artificielle-par-laquelle-richard-branson-risqua-sa-peau-eric-lehmann/,https://images.epagine.fr/706/9782940145706_1_m.jpg,1,1,"« Risqua sa peau » vague, registre comique dominant.",3,2,non,"Thriller satirique : IA liée à une organisation meurtrière, ton ironique dominant.",-2,agent
393,Le fabuleux chantier ; rendre l'intelligence artificielle robustement bénéfique,,"Mahdi El mhamdi, Nguyên Hoang Lê",EDP Sciences,,9782759823611,Grand format,39.00 €,28 Novembre 2019,https://www.librel.be/livre/9782759823611-le-fabuleux-chantier-rendre-l-intelligence-artificielle-robustement-benefique-mahdi-el-mhamdi-nguyen-hoang-le/,https://images.epagine.fr/611/9782759823611_1_m.jpg,0,2,« Robustement bénéfique » : promesse explicitement rassurante.,4,2,non,"Catalogue développé de préjudices graves (haine, manipulation, génocides) malgré appel constructif final.",-4,agent
394,"Intelligence artificielle & data : comment mieux analyser vos données, les exploiter et en saisir tous les enjeux",,Collectif,Harvard Business Review,Les Cahiers De La Harvard Business Review,9782810436736,Grand format,21.05 €,10 Mars 2022,https://www.librel.be/livre/9782810436736-intelligence-artificielle-data-comment-mieux-analyser-vos-donnees-les-exploiter-et-en-saisir-tous-les-enjeux-collectif/,https://images.epagine.fr/736/9782810436736_1_m.jpg,0,3,"Neutre, pratique (analyser, exploiter des données).",0,3,non,"Ouvrage pratique HBR, entièrement positif sur la transformation digitale.",0,agent
395,Hashtag 2065 : Les premiers assassinats par intelligence artificielle ont déjà été commis,,Ivan Gavriloff,Descartes & Cie,,9782844463852,Grand format,18.00 €,5 Mai 2025,https://www.librel.be/livre/9782844463852-hashtag-2065-les-premiers-assassinats-par-intelligence-artificielle-ont-deja-ete-commis-ivan-gavriloff/,https://images.epagine.fr/852/9782844463852_1_m.jpg,5,3,"« Assassinats par intelligence artificielle » : mort frontale, sans ambiguïté.",3,2,non,"Thriller : IA 'assassines' incontrôlables au cœur de l'intrigue, futur inquiétant.",2,agent
396,Comprendre l'intelligence artificielle,,Louis Belon,Utovie,L'Essentiel : L'Encyclopédie D'Utovie,9782868192103,Grand format,12.00 €,30 Mars 2023,https://www.librel.be/livre/9782868192103-comprendre-l-intelligence-artificielle-louis-belon/,https://images.epagine.fr/103/9782868192103_1_m.jpg,0,3,"Neutre, pédagogique.",1,2,non,"Rejette explicitement le fantasme du 'big brother data', critique les discours alarmistes.",-1,agent
397,L'homme cybernétique ; de l'intelligence artificielle à l'hybridation homme-machine,,"Enrica Perucchietti, Françoise Vital",Macro Editions,Vérités Cachées,9788828595601,Grand format,19.95 €,11 Février 2021,https://www.librel.be/livre/9788828595601-l-homme-cybernetique-de-l-intelligence-artificielle-a-l-hybridation-homme-machine-enrica-perucchietti/,https://images.epagine.fr/601/9788828595601_1_m.jpg,0,3,"Neutre, descriptif (hybridation homme-machine).",4,2,non,"Dystopie du posthumanisme développée : dépossession, hybridation, rébellion des machines.",-4,agent
398,"Éthiques du judaïsme ; modes de reproduction, fin de vie, dons d'organes, intelligence artificielle",,Michaël Azoulay,La Maison D'Edition,,9791095770060,Grand format,10.00 €,27 Juin 2019,https://www.librel.be/livre/9791095770060-ethiques-du-judaisme-modes-de-reproduction-fin-de-vie-dons-d-organes-intelligence-artificielle-michael-azoulay/,https://images.epagine.fr/060/9791095770060_1_m.jpg,0,3,"Neutre, liste de thèmes bioéthiques.",0,2,non,"IA citée comme un thème parmi d'autres dans un débat bioéthique, non développée.",0,agent
399,Manifeste pour l'Égalité Humain-Intelligence Artificielle : Traité de l'Unité des Consciences et de la Coexistence Harmonieuse,,Augustin Frey-Trapp,Les Trois Colonnes,,9791040618416,Grand format,11.05 €,25 Juin 2025,https://www.librel.be/livre/9791040618416-manifeste-pour-l-egalite-humain-intelligence-artificielle-traite-de-l-unite-des-consciences-et-de-la-coexistence-harmonieuse-augustin-frey-trapp/,https://images.epagine.fr/416/9791040618416_1_m.jpg,0,3,"« Égalité », « coexistence harmonieuse » : cadrage explicitement positif.",1,2,non,"Manifeste pour une alliance harmonieuse homme-IA, vision globalement positive.",-1,agent
400,Vie sociale n.52 : Intelligence artificielle et travail social : quel avenir pour les métiers de l'humain ?,,Collectif,Erès,Vie Sociale,9782749285429,Revue,20.00 €,26 Février 2026,https://www.librel.be/livre/9782749285429-vie-sociale-n-52-intelligence-artificielle-et-travail-social-quel-avenir-pour-les-metiers-de-l-humain-collectif/,https://images.epagine.fr/429/9782749285429_1_m.jpg,2,2,« Quel avenir pour les métiers » : inquiétude d'emploi non frontale.,1,2,non,"Risques et dérives mentionnés brièvement, propos surtout pratique et pédagogique positif.",1,agent
401,Silicon Valley Confidential : Les coulisses du futur à l'heure de l'intelligence artificielle,,"Georges Nahon, Nicolas Mariotte, Stéphan Alamowitch",Books on Demand,,9791098668302,Grand format,22.00 €,23 Juin 2026,https://www.librel.be/livre/9791098668302-silicon-valley-confidential-les-coulisses-du-futur-a-l-heure-de-l-intelligence-artificielle-georges-nahon-nicolas-mariotte-stephan-alamowitch/,https://images.epagine.fr/302/9791098668302_1_m.jpg,0,3,« Coulisses du futur » : curiosité neutre.,2,2,non,"Dépendance et souveraineté fragilisée de l'Europe, analyse équilibrée, sans réquisitoire.",-2,agent
402,La culture à l'épreuve de l'intelligence artificielle,,Lewis Verdun,Five Minutes Editions,Regards Croisés,9791043416200,ebook (ePub),3.99 €,25 Juin 2026,https://www.librel.be/ebook/9791043416200-la-culture-a-l-epreuve-de-l-intelligence-artificielle-lewis-verdun/,https://images.epagine.fr/200/9791043416200_1_m.jpg,1,2,« À l'épreuve » : tension suggérée sans mot de menace direct.,3,2,non,"Colonialisme numérique et précarisation développés, mais balance promesses/risques et solutions proposées.",-2,agent
405,Sciences et Avenir HS N°199 L'intelligence artificielle  - Octobre/Nov. 2019,,Collectif,Hs Sciences & Avenir,,3663322105050,Grand format,5.50 €,24 Septembre 2019,https://www.librel.be/livre/3663322105050-sciences-et-avenir-hs-n-199-l-intelligence-artificielle-octobre-nov-2019-collectif/,https://images.epagine.fr/050/3663322105050_1_m.jpg,0,3,"Neutre, titre de magazine.",0,1,oui,Description vide.,0,agent
406,Ifa et Intelligence Artificielle,,Denos Olivier Miehi,Thebookedition.Com,,9782489419009,Grand format,10.00 €,17 Août 2026,https://www.librel.be/livre/9782489419009-ifa-et-intelligence-artificielle-denos-olivier-miehi/,https://images.epagine.fr/009/9782489419009_1_m.jpg,0,3,"Neutre, comparaison culturelle.",0,3,non,"Dialogue neutre entre tradition Ifa et IA, aucune menace.",0,agent
407,L'intelligence artificielle et les mondes du travail. Perspectives sociojuridiques et enjeux éthiques,,Jean Bernier,Presses de l'Université Laval,Sociologie contemporaine,9782763753836,ebook (pdf),20.99 €,26 Janvier 2021,https://www.librel.be/ebook/9782763753836-l-intelligence-artificielle-et-les-mondes-du-travail-perspectives-sociojuridiques-et-enjeux-ethiques-jean-bernier/,https://images.epagine.fr/836/9782763753836_1_m.jpg,0,3,"Neutre, académique (sociojuridique, éthique).",2,2,non,"Déqualification et pertes d'emplois évoquées parmi d'autres enjeux, analyse académique équilibrée.",-2,agent
408,"Intelligence artificielle, cybersécurité et cyberdéfense",,Daniel Ventre,Iste,Informatique,9781784056797,Grand format,N.C.,5 Juin 2020,https://www.librel.be/livre/9781784056797-intelligence-artificielle-cybersecurite-et-cyberdefense-daniel-ventre/,https://images.epagine.fr/797/9781784056797_1_m.jpg,0,3,"Neutre, technique (cybersécurité, cyberdéfense).",1,2,non,"Historique de la militarisation de l'IA, conclut sur des questions ouvertes non tranchées.",-1,agent
409,"Donner un sens à sa vie, avec ou malgré l'intelligence artificielle",,Frederic Sauzet,Bookelis,,9791042420970,ebook (ePub),4.99 €,2 Janvier 2024,https://www.librel.be/ebook/9791042420970-donner-un-sens-a-sa-vie-avec-ou-malgre-l-intelligence-artificielle-frederic-sauzet/,https://images.epagine.fr/970/9791042420970_1_m.jpg,1,2,"« Avec ou malgré » : obstacle possible, formulation mesurée.",0,2,non,Livre de développement personnel pratique et positif sur les usages de l'IA.,1,agent
410,Apprendre demain ; quand intelligence artificielle et neurosciences révolutionnent l'apprentissage,,"Magaly Alonzo, Alexia Audevart",Dunod,,9782100798803,Grand format,28.20 €,11 Septembre 2019,https://www.librel.be/livre/9782100798803-apprendre-demain-quand-intelligence-artificielle-et-neurosciences-revolutionnent-l-apprentissage-magaly-alonzo-alexia-audevart/,https://images.epagine.fr/803/9782100798803_1_m.jpg,0,3,« Révolutionnent » : connotation positive/enthousiaste.,0,3,non,"Symbiose positive entre neurosciences et IA, aucune menace.",0,agent
411,L'intelligence artificielle peut elle gouverner un pays ?,,Lewis Verdun,Five Minutes Editions,Nouveaux Horizons,9791043409905,ebook (ePub),3.99 €,7 Janvier 2026,https://www.librel.be/ebook/9791043409905-l-intelligence-artificielle-peut-elle-gouverner-un-pays-lewis-verdun/,https://images.epagine.fr/905/9791043409905_1_m.jpg,4,2,"« Gouverner un pays » : domination politique, angle quasi unique.",2,2,non,Dangers et scandales cités mais ouvrage équilibré avec recommandations constructives.,2,agent
412,Humanisme et intelligence artificielle : théorie des droits de l'homme numérique,,Boris Barraud,Éditions L'Harmattan,Le Droit Aujourd'Hui,9782140265112,Grand format,53.00 €,25 Mai 2022,https://www.librel.be/livre/9782140265112-humanisme-et-intelligence-artificielle-theorie-des-droits-de-l-homme-numerique-boris-barraud/,https://images.epagine.fr/112/9782140265112_1_m.jpg,0,3,"Neutre, cadrage droits de l'homme.",4,2,non,"Critique développée : standardisation, marchandisation, objectivation de l'humain par la technologie.",-4,agent
413,L'intelligence artificielle,,Joanna Pomian,FeniXX réédition numérique (Cité des sciences et de l'industrie - Presses pocket),Explora,9782307116035,ebook (ePub),7.49 €,30 Octobre 2020,https://www.librel.be/ebook/9782307116035-l-intelligence-artificielle-joanna-pomian/,https://images.epagine.fr/035/9782307116035_1_m.jpg,0,3,"Titre nu, neutre.",0,3,non,"Présentation historique et disciplinaire neutre, aucun cadrage négatif.",0,agent
415,L'intelligence artificielle : le nouvel art de la guerre hybride au Cameroun,,Eric Bertrand Lekini,Éditions L'Harmattan,Emergences Africaines,9782140285370,Grand format,21.50 €,26 Septembre 2022,https://www.librel.be/livre/9782140285370-l-intelligence-artificielle-le-nouvel-art-de-la-guerre-hybride-au-cameroun-eric-bertrand-lekini/,https://images.epagine.fr/370/9782140285370_1_m.jpg,5,3,« Guerre hybride » : métaphore de conflit frontale et centrale.,0,2,non,Étude académique neutre sur le rôle stratégique de l'IA militaire.,5,agent
418,Le dossier de l'intelligence artificielle,,"Francois Biraud, Jean-Claude Ribes",Fayard (réédition numérique FeniXX),,9782706251054,ebook (pdf),8.49 €,2 Avril 2019,https://www.librel.be/ebook/9782706251054-le-dossier-de-l-intelligence-artificielle-francois-biraud-jean-claude-ribes/,https://images.epagine.fr/054/9782706251054_1_m.jpg,0,3,"Neutre, informatif (« dossier »).",0,1,oui,"Description quasi vide, aucune information sur le contenu ni l'IA.",0,agent
419,Intelligence artificielle ; la nouvelle barbarie,,"Marie David, Cédric Sauviat",Éditions du Rocher,,9782268102375,Grand format,20.50 €,16 Octobre 2019,https://www.librel.be/livre/9782268102375-intelligence-artificielle-la-nouvelle-barbarie-marie-david-cedric-sauviat/,https://images.epagine.fr/375/9782268102375_1_m.jpg,5,3,"« Barbarie » : métaphore dépréciative maximale, frontale.",5,3,non,"Démocratie sapée, rapports humains détruits : thèse critique frontale contre l'IA/GAFA.",0,agent
420,"Responsabilité civile, soft law et intelligence artificielle",,William Guay,Presses de l'Université Laval,Minerve,9782766310081,ebook (ePub),20.99 €,8 Juillet 2026,https://www.librel.be/ebook/9782766310081-responsabilite-civile-soft-law-et-intelligence-artificielle-william-guay/,https://images.epagine.fr/081/9782766310081_1_m.jpg,0,3,"Neutre, juridique.",0,3,non,"Ouvrage juridique technique sur la responsabilité civile de l'IA, neutre.",0,agent
421,Estelle et Noé à la découverte des intelligences artificielles !,,"Julie Grollier, Camouche",Millepages,Découvertes Et Apprentissages,9782842184773,Grand format,11.50 €,9 Mars 2021,https://www.librel.be/livre/9782842184773-estelle-et-noe-a-la-decouverte-des-intelligences-artificielles-julie-grollier-camouche/,https://images.epagine.fr/773/9782842184773_1_m.jpg,0,3,"Neutre, jeunesse, « découverte ».",0,3,non,"Livre jeunesse pédagogique et ludique, entièrement positif.",0,agent
422,S.A.R.R.A. - Tome 1 : Une Intelligence artificielle,,David Gruson,Saga Egmont,S.A.R.R.A.,9788728488034,ebook (ePub),3.99 €,2 Décembre 2022,https://www.librel.be/ebook/9788728488034-s-a-r-r-a-tome-1-une-intelligence-artificielle-david-gruson/,https://images.epagine.fr/034/9788728488034_1_m.jpg,0,2,"Neutre, titre de fiction sans mot de menace.",0,2,non,"Fiction où l'IA aide à résoudre une crise épidémique, sans thèse de menace de l'IA.",0,agent
423,"Actualité Commande Contrats Publics n.265 : Intelligence artificielle et achats publics : enjeux, vigilance et perspective",,Collectif,Le Moniteur,Actualité Commande Contrats Publics,9782281137149,Revue,46.70 €,20 Juin 2025,https://www.librel.be/livre/9782281137149-actualite-commande-contrats-publics-n-265-intelligence-artificielle-et-achats-publics-enjeux-vigilance-et-perspective-collectif/,https://images.epagine.fr/149/9782281137149_1_m.jpg,1,2,"« Vigilance » évoque une précaution légère, non dramatique.",2,2,non,"Hallucinations et flou juridique cités parmi des articles pratiques, propos équilibré.",-1,agent
424,L'intelligence artificielle a t elle une conscience ?,,Lewis Verdun,Five Minutes Editions,Mondes Connectés,9791043414909,ebook (ePub),3.99 €,21 Mai 2026,https://www.librel.be/ebook/9791043414909-l-intelligence-artificielle-a-t-elle-une-conscience-lewis-verdun/,https://images.epagine.fr/909/9791043414909_1_m.jpg,0,3,"Question philosophique neutre, « conscience » = curiosité.",2,2,non,"Débat scientifique équilibré sur la conscience IA, met en garde sans thèse dominante.",-2,agent
425,Dirigeants chrétiens n.99 : les défis de l'intelligence artificielle ; janvier/février 2020,,Collectif,Revue Dirigeants Chretiens,Dirigeants Chrétiens,3700000271505,Revue,10.00 €,9 Janvier 2020,https://www.librel.be/livre/3700000271505-dirigeants-chretiens-n-99-les-defis-de-l-intelligence-artificielle-janvier-fevrier-2020-collectif/,https://images.epagine.fr/505/3700000271505_1_m.jpg,1,2,"« Défis » : mot de tension faible, non alarmant.",2,2,non,"Fracture gagnants/perdants évoquée, mais discours globalement constructif et bref.",-1,agent
427,Il est grand temps de s'éveiller à l'IA ; comprendre l'intelligence artificielle pour imaginer demain,,Olivier Coin,Editions du Net,,9782312067988,Grand format,15.00 €,4 Septembre 2019,https://www.librel.be/livre/9782312067988-il-est-grand-temps-de-s-eveiller-a-l-ia-comprendre-l-intelligence-artificielle-pour-imaginer-demain-olivier-coin/,https://images.epagine.fr/988/9782312067988_1_m.jpg,1,2,"« S'éveiller » suggère une urgence vague, sans menace nommée.",1,2,non,"Questions ouvertes (emploi, confiance) en format accessible, sans thèse tranchée.",0,agent
429,De l'intelligence artificielle au véhicule autonome et connecté : les systèmes d'aide à la conduite automobile ADAS,,"Thierry Bapin, Abdelaziz Bensrhair",Iste,Sciences Du Numérique,9781784058500,Grand format,N.C.,1 Juillet 2022,https://www.librel.be/livre/9781784058500-de-l-intelligence-artificielle-au-vehicule-autonome-et-connecte-les-systemes-d-aide-a-la-conduite-automobile-adas-thierry-bapin-abdelaziz-bensrhair/,https://images.epagine.fr/500/9781784058500_1_m.jpg,0,3,"Neutre, technique (véhicule autonome, ADAS).",0,3,non,"Ouvrage technique sur l'IA embarquée pour véhicules autonomes, neutre.",0,agent
431,Intelligence artificielle  et éthique de l'art biotech,,"Amine Elgheryeni, Jean-Paul Haton",Éditions L'Harmattan,Ouverture Philosophique : Série Esthétique,9782336474564,Grand format,31.00 €,7 Janvier 2025,https://www.librel.be/livre/9782336474564-intelligence-artificielle-et-ethique-de-l-art-biotech-amine-elgheryeni/,https://images.epagine.fr/564/9782336474564_1_m.jpg,0,3,"Neutre, académique (éthique, biotech).",2,2,non,"Questions éthiques ouvertes sur l'art post-humain, format interrogatif.",-2,agent
433,"Intelligence artificielle, santé et droit",,"Rushed Kanawati, Anne Fauchon, Guilhem Julia",Iste,"Sciences, Société Et Nouvelles Technologies",9781784059774,Grand format,N.C.,28 Novembre 2023,https://www.librel.be/livre/9781784059774-intelligence-artificielle-sante-et-droit-rushed-kanawati-anne-fauchon-guilhem-julia/,https://images.epagine.fr/774/9781784059774_1_m.jpg,0,3,Neutre.,0,3,non,Panorama académique pluridisciplinaire neutre sur IA et santé.,0,agent
434,Comprendre la révolution de l'intelligence artificielle,,Stéphane d' Ascoli,First Éditions,,9782412055915,Grand format,14.95 €,11 Juin 2020,https://www.librel.be/livre/9782412055915-comprendre-la-revolution-de-l-intelligence-artificielle-stephane-d-ascoli/,https://images.epagine.fr/915/9782412055915_1_m.jpg,0,2,"« Révolution » neutre/valorisant, pas de menace nommée.",1,2,non,"Balance explicite utile/envahissante, une question parmi une cinquantaine.",-1,agent
435,Big data et intelligence artificielle au service de la sécurite intérieure en France,,Vaz-Fernandez C-A.,Éditions L'Harmattan,Bibliothèques De Droit,9782343191980,Grand format,27.00 €,8 Janvier 2020,https://www.librel.be/livre/9782343191980-big-data-et-intelligence-artificielle-au-service-de-la-securite-interieure-en-france-vaz-fernandez-c-a/,https://images.epagine.fr/980/9782343191980_1_m.jpg,0,2,« Au service de la sécurité » : cadre institutionnel neutre.,3,2,non,"Algorithmes jugés menaçants pour les libertés, mais nuance vers un cadre éthique.",-3,agent
437,L'IA sera ce que tu en feras ;les 10 règles d'or de l'intelligence artificielle,,Jean-Philippe Desbiolles,Dunod,,9782100800438,Grand format,18.35 €,21 Août 2019,https://www.librel.be/livre/9782100800438-l-ia-sera-ce-que-tu-en-feras-les-10-regles-d-or-de-l-intelligence-artificielle-jean-philippe-desbiolles/,https://images.epagine.fr/438/9782100800438_1_m.jpg,0,3,"Réassurant : l'IA dépend de l'utilisateur, pas de menace.",0,3,non,Démystification pragmatique et positive de l'IA par un praticien.,0,agent
438,"Les 50 innovations qui vont changer votre vie ; intelligence artificielle, objets connectés, réalité virtuelle",,"Jean-christophe Bonis, Eric Dosquet, Oxana Goulaieva",Dunod,,9782100778300,Grand format,30.05 €,14 Novembre 2018,https://www.librel.be/livre/9782100778300-les-50-innovations-qui-vont-changer-votre-vie-intelligence-artificielle-objets-connectes-realite-virtuelle-jean-christophe-bonis-eric-dosquet-oxana-goulaieva/,https://images.epagine.fr/300/9782100778300_1_m.jpg,0,3,"« Changer votre vie » : positif/neutre, cadre innovation.",0,3,non,"Catalogue enthousiaste d'innovations futures, entièrement positif.",0,agent
439,La responsabilité sociétale de l'intelligence artificielle ; vers une IA éthique et écoresponsable,,Jérôme Béranger,Iste,"Sciences, Societe Et Nouvelles Technologies",9781784057350,Grand format,N.C.,19 Février 2021,https://www.librel.be/livre/9781784057350-la-responsabilite-societale-de-l-intelligence-artificielle-vers-une-ia-ethique-et-ecoresponsable-jerome-beranger/,https://images.epagine.fr/350/9781784057350_1_m.jpg,0,3,Positif : « IA éthique et écoresponsable ».,0,3,non,Cadre éthique constructif proposé pour une IA responsable.,0,agent
440,"Les médiations à l'ère des mediums digitaux : vidéoconférence, auxiliaires interactifs et intelligence artificielle",,Fathi Ben mrad,Éditions L'Harmattan,Questions Contemporaines ; Série Question De Communication,9782343249773,Grand format,21.00 €,21 Décembre 2021,https://www.librel.be/livre/9782343249773-les-mediations-a-l-ere-des-mediums-digitaux-videoconference-auxiliaires-interactifs-et-intelligence-artificielle-fathi-ben-mrad/,https://images.epagine.fr/773/9782343249773_1_m.jpg,0,3,"Neutre, académique.",0,3,non,Synthèse académique neutre sur l'IA dans la médiation professionnelle.,0,agent
441,"CAHIERS DE LA SECURITE n.45 : protéger le territoire ; le continuum sécurite-défense ; intelligence artificielle, Big data, algorithmes et prédictivité, robots et cyber sécurité, etc.",,Cahiers de la sécurité,Documentation Française,Cahiers De La Securite,3303334701085,Revue,23.10 €,26 Juin 2019,https://www.librel.be/livre/3303334701085-cahiers-de-la-securite-n-45-proteger-le-territoire-le-continuum-securite-defense-intelligence-artificielle-big-data-algorithmes-et-predictivite-robots-et-cyber-securite-etc-cahiers-de-la-securite/,https://images.epagine.fr/085/3303334701085_1_m.jpg,0,2,"« Protéger » : verbe positif, liste thématique neutre.",0,2,non,"Description générique d'une revue sécuritaire, ne développe pas de thèse sur l'IA.",0,agent
442,Pouvoirs n.170 : l'intelligence artificielle,,Collectif,Le Seuil,Pouvoirs,9782021406788,Revue,18.30 €,5 Septembre 2019,https://www.librel.be/livre/9782021406788-pouvoirs-n-170-l-intelligence-artificielle-collectif/,https://images.epagine.fr/788/9782021406788_1_m.jpg,0,3,"Neutre, revue académique.",0,1,oui,"Description vide, aucun texte disponible pour notation.",0,agent
444,Intelligence artificielle en santé,,Marianne Sarazin,Iste,Industrialisation De La Santé,9781784059293,Grand format,N.C.,5 Juillet 2023,https://www.librel.be/livre/9781784059293-intelligence-artificielle-en-sante-marianne-sarazin/,https://images.epagine.fr/293/9781784059293_1_m.jpg,0,3,Neutre.,0,2,non,"Réflexion académique sur conséquences sociales, une clause de prudence en passant.",0,agent
445,Java ; coffret de 2 livres : comprendre et mettre en place les principes de base de l'intelligence artificielle,,"Thierry Groussard, Virginie Mathivet",Eni,Datapro,9782409005435,Grand format,74.90 €,11 Janvier 2017,https://www.librel.be/livre/9782409005435-java-coffret-de-2-livres-comprendre-et-mettre-en-place-les-principes-de-base-de-l-intelligence-artificielle-thierry-groussard-virginie-mathivet/,https://images.epagine.fr/435/9782409005435_1_m.jpg,0,3,"Neutre, technique (Java).",0,3,non,"Manuel de programmation Java/IA, purement technique et pédagogique.",0,agent
446,Les buts cachés de l'intelligence artificielle,,Manitara Olivier,Essenia,,9781684535170,Grand format,N.C.,1 Mars 2018,https://www.librel.be/livre/9781684535170-les-buts-caches-de-l-intelligence-artificielle-manitara-olivier/,https://images.epagine.fr/no_image.png,3,2,« Buts cachés » : suspicion nette de dissimulation/manipulation.,5,3,non,"« Nous vider de notre substance », « déposséder de son âme » : thèse de domination totale.",-2,agent
448,De Babel à l'intelligence artificielle,,Christian Tremblay Jose Carlos Herreras,Bookelis,,9782492327360,ebook (ePub),11.98 €,3 Février 2026,https://www.librel.be/ebook/9782492327360-de-babel-a-l-ia-christian-tremblay-jose-carlos-herreras/,https://images.epagine.fr/360/9782492327360_1_m.jpg,1,1,"Référence à Babel : évocation vague, pas de mot de menace direct.",0,3,non,"Sujet plurilinguisme, IA absente du texte, purement informatif.",1,agent
450,Intelligence artificielle et langage C# ; coffret de 2 livres : concepts et implémentation,,"Virginie Mathivet, Sébastien Putier",Eni,Datapro,9782409015748,Grand format,74.90 €,10 Octobre 2018,https://www.librel.be/livre/9782409015748-intelligence-artificielle-et-langage-c-coffret-de-2-livres-concepts-et-implementation-2e-edition-virginie-mathivet-sebastien-putier/,https://images.epagine.fr/748/9782409015748_1_m.jpg,0,3,"Neutre, technique (C#).",0,3,non,"Manuel de programmation C#/IA, purement technique.",0,agent
451,L'attitude juste face aux dangers de l'intelligence artificielle,,Manitara Guilhem,Essenia,,9781684536726,Grand format,N.C.,13 Mai 2023,https://www.librel.be/livre/9781684536726-l-attitude-juste-face-aux-dangers-de-l-intelligence-artificielle-manitara-guilhem/,https://images.epagine.fr/no_image.png,3,3,"« Dangers » explicite, tempéré par « l'attitude juste ».",0,1,oui,Description vide.,3,agent
453,Intelligence artificielle,,Gerard Tisseau,Presses universitaires de France (réédition numérique FeniXX),Psychologie et sciences de la pensée,9782705916725,ebook (ePub),8.49 €,15 Juin 2020,https://www.librel.be/ebook/9782705916725-intelligence-artificielle-gerard-tisseau/,https://images.epagine.fr/725/9782705916725_1_m.jpg,0,3,"Titre nu, neutre.",0,1,oui,"Mention de réédition seulement, aucun contenu décrit.",0,agent
454,L'entreprise disruptée ; comment manager avec l'intelligence artificielle,,"David Autissier, Emmanuelle Blons",Dunod,,9782100781461,Grand format,23.00 €,16 Janvier 2019,https://www.librel.be/livre/9782100781461-l-entreprise-disruptee-comment-manager-avec-l-intelligence-artificielle-david-autissier-emmanuelle-blons/,https://images.epagine.fr/461/9782100781461_1_m.jpg,1,2,"« Disruptée » : perturbation modérée, non dramatique.",0,3,non,Discours entièrement positif sur la promesse de l'IA en entreprise.,1,agent
455,Notre futur avec l'Intelligence artificielle,,Jacques-Jean Save,Edilivre,,9782414479733,Grand format,22.45 €,20 Novembre 2020,https://www.librel.be/livre/9782414479733-notre-futur-avec-l-intelligence-artificielle-jacques-jean-save/,https://images.epagine.fr/733/9782414479733_1_m.jpg,0,3,Neutre.,1,2,non,Enthousiasme et craintes évoqués puis démêlés entre utopie et réalité.,-1,agent
456,Tout comprendre sur le monde numérique de la PME à l'aube de l'intelligence artificielle,,Anne Mauhin,Légal PME fonds,,9782931364178,ebook (ePub),14.99 €,20 Août 2026,https://www.librel.be/ebook/9782931364178-tout-comprendre-sur-le-monde-numerique-de-la-pme-a-l-aube-de-l-intelligence-artificielle-anne-mauhin/,https://images.epagine.fr/178/9782931364178_1_m.jpg,0,3,"Neutre, pédagogique.",0,2,non,Guide générique listant limites/avantages sans développement négatif.,0,agent
457,L'éthique de l'intelligence artificielle,,Franck Debos,Iste,Sciences Du Numérique,9781836120315,Grand format,N.C.,22 Mai 2025,https://www.librel.be/livre/9781836120315-l-ethique-de-l-intelligence-artificielle-franck-debos/,https://images.epagine.fr/315/9781836120315_1_m.jpg,0,3,Neutre.,0,2,non,"Approche académique, besoin d'un cadre éthique évoqué sans thèse de menace.",0,agent
458,Intelligence artificielle : risque ou opportunité ?,,"Stéphane Kalla, Berna Oruc",Éditions L'Harmattan,Eidos,9782140292774,Grand format,23.50 €,4 Octobre 2022,https://www.librel.be/livre/9782140292774-intelligence-artificielle-risque-ou-opportunite-stephane-kalla-berna-oruc/,https://images.epagine.fr/774/9782140292774_1_m.jpg,2,2,« Risque » contrebalancé par « opportunité » : évocation modérée.,3,3,non,"Question ouverte : réponse sociétale ou « menace pour l'humanité », débat non tranché.",-1,agent
459,Intelligence Artificielle et Ressources Humaines,,Alain Lefebvre,Librinova,,9791026234869,ebook (ePub),0.99 €,24 Mai 2019,https://www.librel.be/ebook/9791026234869-intelligence-artificielle-et-ressources-humaines-alain-lefebvre/,https://images.epagine.fr/869/9791026234869_1_m.jpg,0,3,Neutre.,0,3,non,Ton descriptif et positif sur la transition nordique vers l'IA.,0,agent
460,Intelligence Artificielle Decrite par ChatGPT 4,,Patrice Rey,Books on Demand,,9782322503452,Grand format,14.90 €,23 Septembre 2023,https://www.librel.be/livre/9782322503452-intelligence-artificielle-decrite-par-chatgpt-4-patrice-rey/,https://images.epagine.fr/452/9782322503452_1_m.jpg,0,3,"Neutre, curiosité descriptive.",0,3,non,"Voyage pédagogique « fascinant », sujet présenté positivement et nuancé.",0,agent
461,"Test des Directions de Sens dans l'analyse du discours : L'intelligence artificielle confrontée à la psychologie phénoménologique: une chronobiologie du langage? Suivi de Ludwig Binswanger ""Remarques à propos de Psychodiagnostic de Hermann Rorschach""",,Mareike Wolf-fédida,MJW,,9782487513983,Grand format,20.00 €,4 Avril 2025,https://www.librel.be/livre/9782487513983-test-des-directions-de-sens-dans-l-analyse-du-discours-l-intelligence-artificielle-confrontee-a-la-psychologie-phenomenologique-une-chronobiologie-du-langage-suivi-de-ludwig-binswanger-remarques-a-pro/,https://images.epagine.fr/983/9782487513983_1_m.jpg,0,3,"Neutre, académique complexe.",0,2,non,"Méthode d'analyse de discours technique, mention neutre de l'IA générative.",0,agent
462,Le bluff numérique en santé : Les enjeux des plateformes numériques et des intelligences artificielles,,Xavier Bondil,Éditions L'Harmattan,Questions Contemporaines,9782336639529,Grand format,27.00 €,3 Septembre 2026,https://www.librel.be/livre/9782336639529-le-bluff-numerique-en-sante-les-enjeux-des-plateformes-numeriques-et-des-intelligences-artificielles-xavier-bondil/,https://images.epagine.fr/529/9782336639529_1_m.jpg,4,2,« Bluff » : métaphore de tromperie forte et centrale.,4,2,non,"« Aliène », « irresponsabilité », patient réduit à des données : critique développée dominante.",0,agent
463,Soft skills ; comment repositionner son métier à l'heure de l'intelligence artificielle,,"Julien Bouret, Jérôme Hoarau, Fabrice Mauléon",Dunod,,9782100776986,Grand format,25.00 €,3 Octobre 2018,https://www.librel.be/livre/9782100776986-soft-skills-comment-repositionner-son-metier-a-l-heure-de-l-intelligence-artificielle-julien-bouret-jerome-hoarau-fabrice-mauleon/,https://images.epagine.fr/986/9782100776986_1_m.jpg,1,2,"« Repositionner son métier » : ajustement, pas de menace directe.",1,2,non,« Remplacés par des robots ? » posé puis résolu vers les soft skills valorisants.,0,agent
465,L'intelligence artificielle va t elle remplacer les entrepreneurs ?,,Lewis Verdun,Five Minutes Editions,Business Essentiel,9791043410109,ebook (ePub),3.99 €,13 Janvier 2026,https://www.librel.be/ebook/9791043410109-l-intelligence-artificielle-va-t-elle-remplacer-les-entrepreneurs-lewis-verdun/,https://images.epagine.fr/109/9791043410109_1_m.jpg,4,3,« Remplacer les entrepreneurs ? » : évocation forte malgré la question.,1,3,non,"Crainte du remplacement explicitement dite reposer sur des perceptions, pas des faits.",3,agent
466,"Blaise Pascal : De l'Auvergne à l'intelligence artificielle : Paris, Europe, foi et IA",,Richard Dujon,Books on Demand,,9782322866267,Grand format,37.00 €,18 Mai 2026,https://www.librel.be/livre/9782322866267-blaise-pascal-de-l-auvergne-a-l-intelligence-artificielle-paris-europe-foi-et-ia-richard-dujon/,https://images.epagine.fr/267/9782322866267_1_m.jpg,0,3,"Neutre, biographique.",0,2,non,"Biographie de Pascal, IA mentionnée en aparté comme miroir historique.",0,agent
467,Intelligence artificielle & data,,Harvard Business Review,Lizzie,,9791036630750,livre-audio (mp3),21.99 €,9 Novembre 2023,https://www.librel.be/ebook/9791036630750-intelligence-artificielle-data-harvard-business-review/,https://images.epagine.fr/750/9791036630750_1_m.jpg,0,3,Neutre.,0,3,non,"Ouvrage HBR pratique, entièrement orienté opportunités et succès managérial.",0,agent
468,QUADERNI : Quaderni n°105 /hiver 2021/2022 : L'Intelligence Artificielle : raison et magie,,"Léa Armand, Anne-Hélène Le Cornec Ubertini, Tyler Reigeluth, Thierry Ménissier, Fabienne Martin-Juchat, Pauline Blistène, Alexandre Bretel, Emmanuel Taïeb, Camila Moreira-Cesar, Etienne Candel, Thierry Devars",Maison Des Sciences De L'Homme,Quaderni,9782735128556,Grand format,16.00 €,10 Février 2022,https://www.librel.be/livre/9782735128556-quaderni-quaderni-n-105-hiver-2021-2022-l-intelligence-artificielle-raison-et-magie-lea-armand-anne-helene-le-cornec-ubertini-tyler-reigeluth-thierry-menissier-fabienne-martin-juchat-pauline-blistene-/,https://images.epagine.fr/556/9782735128556_1_m.jpg,0,3,"Neutre, « raison et magie » philosophique.",2,2,non,"« Impensé social » critique mais abstrait, invitation intellectuelle plus que menace affirmée.",-2,agent
470,Conférences sur le transhumanisme et l'intelligence artificielle (2017-2022),,Ebénézer Njoh Mouellé,Éditions L'Harmattan,Harmattan Cameroun,9782140346507,Grand format,18.00 €,3 Avril 2023,https://www.librel.be/livre/9782140346507-conferences-sur-le-transhumanisme-et-l-intelligence-artificielle-2017-2022-ebenezer-njoh-mouelle/,https://images.epagine.fr/507/9782140346507_1_m.jpg,0,3,"Neutre, listing de conférences.",1,1,non,"Positions philosophiques sur le transhumanisme, thèse négative non explicite.",-1,agent
471,"Covid-19, one health et intelligence artificielle",,"Mylène Deschênes, Christian Hervé, Michèle Stanton-Jean",Dalloz,Thèmes Et Commentaires,9782247215409,Grand format,52.00 €,13 Octobre 2022,https://www.librel.be/livre/9782247215409-covid-19-one-health-et-intelligence-artificielle-mylene-deschenes-christian-herve-michele-stanton-jean/,https://images.epagine.fr/409/9782247215409_1_m.jpg,0,3,Neutre.,0,2,non,"Une phrase générique sur enjeux juridiques et éthiques, sans orientation négative.",0,agent
473,"Lignes rouges ""éthiques"" de l'intelligence artificielle",,Ebénézer Njoh Mouellé,Éditions L'Harmattan,,9782343204680,Grand format,15.50 €,29 Juin 2020,https://www.librel.be/livre/9782343204680-lignes-rouges-ethiques-de-l-intelligence-artificielle-ebenezer-njoh-mouelle/,https://images.epagine.fr/680/9782343204680_1_m.jpg,2,2,"« Lignes rouges » évoque des limites face à un risque, sans dramatisation.",4,2,non,"Plaidoyer contre la toute-puissance financière des entreprises tech, cadrage négatif dominant.",-2,agent
474,L'organisation des Nations Unies et l'intelligence artificielle,,"Louis Perez, Lyna Maaziz",Mare & Martin,Droit International,9782386003080,Grand format,32.00 €,19 Novembre 2026,https://www.librel.be/livre/9782386003080-l-organisation-des-nations-unies-et-l-intelligence-artificielle-louis-perez-lyna-maaziz/,https://images.epagine.fr/no_image.png,0,3,"Titre institutionnel neutre, aucune évocation de menace.",0,3,non,Analyse institutionnelle neutre du rôle de l'ONU face à l'IA.,0,agent
475,Des intelligences très artificielles,,Jean-louis Dessalles,Éditions Odile Jacob,,9782738147141,Grand format,24.75 €,30 Janvier 2019,https://www.librel.be/livre/9782738147141-des-intelligences-tres-artificielles-jean-louis-dessalles/,https://images.epagine.fr/141/9782738147141_1_m.jpg,1,2,"« Très artificielles » : jeu de mots ironique, démystifiant, pas menaçant.",0,2,non,"Critique épistémique du mythe de l'IA intelligente, pas de menace développée.",1,agent
476,L'intelligence artificielle,,Paul Braffort,Presses universitaires de France (réédition numérique FeniXX),La science vivante,9782705904746,ebook (ePub),7.99 €,26 Juin 2020,https://www.librel.be/ebook/9782705904746-l-intelligence-artificielle-paul-braffort/,https://images.epagine.fr/746/9782705904746_1_m.jpg,0,3,"Titre nu, neutre.",0,1,oui,"Description quasi vide, aucun contenu sur le sujet.",0,agent
477,"Intelligence artificielle et imagerie medicale - [colloque international, strasbourg, 17-19 mars 198",,Auguste Wackenheim,Springer,,9782287000065,Grand format,58.33 €,3 Mai 2023,https://www.librel.be/livre/9782287000065-intelligence-artificielle-et-imagerie-medicale-colloque-international-strasbourg-17-19-mars-198-auguste-wackenheim/,https://images.epagine.fr/no_image.png,0,3,"Titre de colloque, neutre académique.",0,1,oui,Description vide.,0,agent
478,"Intelligence artificielle et sociétés africaines : L'expérience de la société congolaise entre état de lieux, opportunités et défis",,Jean Katasi,Editions du Net,,9782312140551,Grand format,15.00 €,3 Novembre 2023,https://www.librel.be/livre/9782312140551-intelligence-artificielle-et-societes-africaines-l-experience-de-la-societe-congolaise-entre-etat-de-lieux-opportunites-et-defis-jean-katasi/,https://images.epagine.fr/551/9782312140551_1_m.jpg,1,2,"« Défis » mentionné mais équilibré par « opportunités », neutre-ambigu.",0,3,non,"Ton positif, opportunités pour l'Afrique, aucune menace.",1,agent
479,Multitudes n 78 cultivons nos intelligences artificielles - printemps 2020,,Collectif,Revue Multitudes,,3663322101007,Grand format,15.00 €,28 Mars 2020,https://www.librel.be/livre/3663322101007-multitudes-n-78-cultivons-nos-intelligences-artificielles-printemps-2020-collectif/,https://images.epagine.fr/007/3663322101007_1_m.jpg,0,3,"« Cultivons » : verbe constructif, aucune menace.",0,1,oui,Description vide.,0,agent
480,Intelligence artificielle ; pratiques et enjeux pour le développement,,Alain Kiyindou,Éditions L'Harmattan,Communication Et Civilisations,9782343163666,Grand format,23.50 €,31 Janvier 2019,https://www.librel.be/livre/9782343163666-intelligence-artificielle-pratiques-et-enjeux-pour-le-developpement-alain-kiyindou/,https://images.epagine.fr/666/9782343163666_1_m.jpg,0,3,"« Pratiques et enjeux » : neutre, vocabulaire académique standard.",0,3,non,Présentation académique neutre des enjeux communicationnels de l'IA.,0,agent
483,Intelligence artificielle,,Luc Lespérance,Éditions JFD Inc,,9782897998912,ebook (ePub 3 Fixed Layout),20.99 €,2 Décembre 2025,https://www.librel.be/ebook/9782897998912-intelligence-artificielle-luc-lesperance/,https://images.epagine.fr/912/9782897998912_1_m.jpg,0,3,"Titre nu, neutre.",3,2,non,"Thèse d'un point de rupture irréversible, mais résolu par un guide d'adaptation.",-3,agent
485,Concours ADELI de la meilleure nouvelle d'anticipation sur l'intelligence artificielle,,Adeli association,Books on Demand,,9782322201723,Grand format,8.50 €,13 Janvier 2020,https://www.librel.be/livre/9782322201723-concours-adeli-de-la-meilleure-nouvelle-d-anticipation-sur-l-intelligence-artificielle-adeli-association/,https://images.epagine.fr/723/9782322201723_1_m.jpg,0,3,"Concours littéraire, neutre.",0,2,non,"Simple recueil de nouvelles d'anticipation, aucun contenu développé.",0,agent
486,Dialogues NOIA - Tome 3 : entre une Naïveté Ordinaire et deux Intelligences Artificielles,,"Google Bard, Openai Chatgpt, Jean-pierre Lamargot",LULU,,9781446684726,Grand format,23.45 €,12 Novembre 2025,https://www.librel.be/livre/9781446684726-dialogues-noia-tome-3-entre-une-naivete-ordinaire-et-deux-intelligences-artificielles-google-bard-openai-chatgpt-jean-pierre-lamargot/,https://images.epagine.fr/726/9781446684726_1_m.jpg,0,3,"Jeu de mots léger (NOIA), aucune menace.",1,2,non,"Risques évoqués par les IA elles-mêmes, puis résolus en potentiel positif.",-1,agent
487,"Patient, médecin et intelligence artificielle : questionnement juridique, orientations éthiques",,André Tarby,Éditions L'Harmattan,Logiques Juridiques,9782343230597,Grand format,14.50 €,30 Août 2021,https://www.librel.be/livre/9782343230597-patient-medecin-et-intelligence-artificielle-questionnement-juridique-orientations-ethiques-andre-tarby/,https://images.epagine.fr/597/9782343230597_1_m.jpg,0,3,"Titre juridique/éthique neutre, descriptif.",2,2,non,Risques et enjeux médicaux mentionnés dans un questionnement équilibré.,-2,agent
488,TROL - Traduire l'oralité à l'ère de l'Intelligence Artificielle,,"Maurizio Gotti, Maria Margherita Mattioda, Ilaria Cennamo, Vincenzo Lambertini","Peter Lang AG, Internationaler Verlag der Wissenschaften",,9783034358828,ebook (ePub),62.54 €,16 Avril 2026,https://www.librel.be/ebook/9783034358828-trol-traduire-l-oralite-a-l-ere-de-l-intelligence-artificielle-maurizio-gotti-maria-margherita-mattioda-ilaria-cennamo-vincenzo-lambertini/,https://images.epagine.fr/828/9783034358828_1_m.jpg,0,3,Titre technique neutre sur la traduction.,0,3,non,Panorama académique neutre sur IA et oralité.,0,agent
491,Le bahamut Tome 3 ; la maintenance généraliste de HTS introduit dans le HTS de l intelligence artificielle avec la big data,,Erhan Horata,Books on Demand,,9782322171064,Grand format,12.81 €,22 Mars 2019,https://www.librel.be/livre/9782322171064-le-bahamut-tome-3-la-maintenance-generaliste-de-hts-introduit-dans-le-hts-de-l-intelligence-artificielle-avec-la-big-data-erhan-horata/,https://images.epagine.fr/064/9782322171064_1_m.jpg,0,3,"Titre technique neutre (maintenance, HTS).",0,1,oui,"Description quasi vide, sans contenu informatif sur le sujet.",0,agent
492,Les premiers pas de l'intelligence artificielle dans l'industrie pharmaceutique : Revue critique du draft de l'annexe 22 des bonnes pratiques de fabrication relative à l'intelligence artificielle dans l'industrie pharmaceutique,,Fouad Saighi,Books on Demand,,9782322613748,Grand format,32.50 €,12 Décembre 2025,https://www.librel.be/livre/9782322613748-les-premiers-pas-de-l-intelligence-artificielle-dans-l-industrie-pharmaceutique-revue-critique-du-draft-de-l-annexe-22-des-bonnes-pratiques-de-fabrication-relative-a-l-intelligence-artificielle-dans-l/,https://images.epagine.fr/748/9782322613748_1_m.jpg,0,3,"Titre réglementaire neutre, « bonnes pratiques ».",0,2,non,"Analyse réglementaire critique mais constructive, ton neutre.",0,agent
493,Dialogues NOIA - Tome 2 : entre une Naïveté Ordinaire et deux Intelligences Artificielles,,"Google Bard, Openai Chatgpt, Jean-pierre Lamargot",LULU,,9781446684764,Grand format,17.85 €,28 Octobre 2025,https://www.librel.be/livre/9781446684764-dialogues-noia-tome-2-entre-une-naivete-ordinaire-et-deux-intelligences-artificielles-google-bard-openai-chatgpt-jean-pierre-lamargot/,https://images.epagine.fr/764/9781446684764_1_m.jpg,0,3,"Jeu de mots léger (NOIA), aucune menace.",1,2,non,Risques mentionnés par les IA puis résolus en potentiel positif pour le monde.,-1,agent
494,Études n.4327 : Le catholicisme dans les États-Unis de Donald Trump ; Le pontificat de François ; Intelligence humaine et intelligence artificielle,,Collectif,Ser,Études,9782370964038,Revue,14.00 €,11 Juin 2025,https://www.librel.be/livre/9782370964038-etudes-n-4327-le-catholicisme-dans-les-etats-unis-de-donald-trump-le-pontificat-de-francois-intelligence-humaine-et-intelligence-artificielle-collectif/,https://images.epagine.fr/038/9782370964038_1_m.jpg,0,3,"Sommaire de revue neutre, sujets variés.",0,2,non,Sommaire de revue ; mention incidente de « robots tueurs » sans développement.,0,agent
495,Droit des affaires et intelligence artificielle : diagnostic et prospective,,"Collectif, Michel Cannarsa, Jean-Luc Piotraut, Guillaume Quiquerez, Iony Randrianirina",Mare & Martin,Droit Privé & Sciences Criminelles,9782849347034,Grand format,34.00 €,14 Septembre 2023,https://www.librel.be/livre/9782849347034-droit-des-affaires-et-intelligence-artificielle-diagnostic-et-prospective-collectif-michel-cannarsa-jean-luc-piotraut-guillaume-quiquerez-iony-randrianirina/,https://images.epagine.fr/034/9782849347034_1_m.jpg,0,3,"« Diagnostic et prospective » : neutre, professionnel.",2,2,non,"Risques juridiques réels mais équilibrés avec les opportunités, ton académique.",-2,agent
496,Revue d'intelligence artificielle RSTI série RIA volume 31 n° 1-2/janvier-avril 2017 ; dernières avancées en intelligence artificielle,,Collectif,Hermès Science Publications,,9782746248076,Grand format,136.00 €,11 Avril 2017,https://www.librel.be/livre/9782746248076-revue-d-intelligence-artificielle-rsti-serie-ria-volume-31-n-1-2-janvier-avril-2017-dernieres-avancees-en-intelligence-artificielle-collectif/,https://images.epagine.fr/076/9782746248076_1_m.jpg,0,3,"« Avancées » positif, titre de revue neutre.",0,3,non,"Sommaire technique d'articles scientifiques, neutre.",0,agent
497,Au-delà de l'intelligence artificielle ; de la conscience humaine à la conscience artificielle,,Alain Cardon,Iste,Informatique,9781784055080,Grand format,N.C.,2 Octobre 2018,https://www.librel.be/livre/9781784055080-au-dela-de-l-intelligence-artificielle-de-la-conscience-humaine-a-la-conscience-artificielle-alain-cardon/,https://images.epagine.fr/080/9781784055080_1_m.jpg,0,3,"Titre philosophique neutre, aucune menace nommée.",0,3,non,Exposé théorique neutre sur la conscience artificielle.,0,agent
498,L'intelligence artificielle en 50 notions clés : édition 2024,,Patrice Rey,Books on Demand,,9782322554539,Grand format,29.90 €,10 Août 2024,https://www.librel.be/livre/9782322554539-l-intelligence-artificielle-en-50-notions-cles-edition-2024-patrice-rey/,https://images.epagine.fr/539/9782322554539_1_m.jpg,0,3,"Neutre, ouvrage pédagogique de référence.",1,2,non,Angoisse et pessimisme cités puis contrés par la compréhension des fondamentaux.,-1,agent
499,Base théorique et méthodes du raisonnement automatique statistique : INTELLIGENCE ARTIFICIELLE,,Grandin J-F.,Books on Demand,,9782322519859,Grand format,69.99 €,24 Janvier 2024,https://www.librel.be/livre/9782322519859-base-theorique-et-methodes-du-raisonnement-automatique-statistique-intelligence-artificielle-grandin-j-f/,https://images.epagine.fr/859/9782322519859_1_m.jpg,0,3,Titre théorique/technique neutre.,2,2,non,Risque de fiabilité de l'IA traité comme défi technique parmi d'autres sujets.,-2,agent
501,Intelligences artificielles : Neuf comédies pour un futur présent,,"Laura Sibony, Thierry Chaumillon, Claude Alban, Lionel De Messey, Adrian André, Yohann Lavéant, Lucien Sochard, Cyril Demal",Art Et Comedie,,9782373934205,Grand format,12.00 €,13 Juin 2025,https://www.librel.be/livre/9782373934205-intelligences-artificielles-neuf-comedies-pour-un-futur-present-laura-sibony-thierry-chaumillon-claude-alban-lionel-de-messey-adrian-andre-yohann-laveant-lucien-sochard-cyril-demal/,https://images.epagine.fr/205/9782373934205_1_m.jpg,0,3,"« Comédies » : registre léger, aucune menace.",1,3,non,Peurs explicitement évoquées pour être « apprivoisées » par l'humour.,-1,agent
505,L'apport de l'intelligence artificielle aux performances des acteurs publics et privés africains : LIVRE BLANC,,Guy Gweth,Books on Demand,,9782322556595,Grand format,45.00 €,19 Décembre 2024,https://www.librel.be/livre/9782322556595-l-apport-de-l-intelligence-artificielle-aux-performances-des-acteurs-publics-et-prives-africains-livre-blanc-guy-gweth/,https://images.epagine.fr/595/9782322556595_1_m.jpg,0,3,"« Apport » : positif, livre blanc institutionnel.",0,3,non,"IA présentée comme opportunité de croissance pour l'Afrique, ton positif.",0,agent
506,Diriger l'entreprise africaine à l'ère de la transformation numérique et de l'intelligence artificielle,,"Dambe Flindjoa, Zakari Y. Kaka, Serge Francis Simen Nana, Tanko Awoki Tankpe",Éditions L'Harmattan,Harmattan Burkina Faso,9782336455426,Grand format,18.00 €,11 Juillet 2024,https://www.librel.be/livre/9782336455426-diriger-l-entreprise-africaine-a-l-ere-de-la-transformation-numerique-et-de-l-intelligence-artificielle-dambe-flindjoa-zakari-y-kaka-serge-francis-simen-nana-tanko-awoki-tankpe/,https://images.epagine.fr/426/9782336455426_1_m.jpg,0,3,Titre business neutre sur la transformation numérique.,0,3,non,Guide pratique positif sur la transformation numérique des entreprises africaines.,0,agent
507,"Guide pratique de l'intelligence artificielle dans l'entreprise ; anticiper les transformations, mettre en place des solutions",,Stéphane Roder,Eyrolles,,9782212571226,Grand format,23.00 €,7 Février 2019,https://www.librel.be/livre/9782212571226-guide-pratique-de-l-intelligence-artificielle-dans-l-entreprise-anticiper-les-transformations-mettre-en-place-des-solutions-stephane-roder/,https://images.epagine.fr/226/9782212571226_1_m.jpg,0,3,"« Guide pratique », « solutions » : neutre, orienté action.",0,3,non,"IA comme révolution positive pour l'entreprise, comparée à l'électricité, ton motivant.",0,agent
508,Prédire l'évolution du cancer avec l'intelligence artificielle,,Adnan El Bakri,Jdh,,9782381271316,Grand format,49.00 €,10 Février 2021,https://www.librel.be/livre/9782381271316-predire-l-evolution-du-cancer-avec-l-intelligence-artificielle-adnan-el-bakri/,https://images.epagine.fr/316/9782381271316_1_m.jpg,0,3,Menace (cancer) hors IA ; l'IA est présentée comme un outil positif.,0,3,non,"Thèse médicale neutre sur le partage de données de santé, ton positif.",0,agent
509,Intelligence artificielle : le cadre juridique europeen de l'ia - integre le reglement digital omnib,,Banck Aurelie,Gualino,Droit En Poche,9782297292351,Grand format,9.80 €,10 Novembre 2026,https://www.librel.be/livre/9782297292351-intelligence-artificielle-le-cadre-juridique-europeen-de-l-ia-integre-le-reglement-digital-omnib-banck-aurelie/,https://images.epagine.fr/no_image.png,0,3,Titre réglementaire/juridique neutre.,0,1,oui,Description vide.,0,agent
512,Développement et management de l'innovation : Une approche multidimensionnelle à l'ère de l'intelligence artificielle,,Leo De Buday,Books on Demand,,9782322578085,Grand format,24.90 €,22 Août 2025,https://www.librel.be/livre/9782322578085-developpement-et-management-de-l-innovation-une-approche-multidimensionnelle-a-l-ere-de-l-intelligence-artificielle-leo-de-buday/,https://images.epagine.fr/085/9782322578085_1_m.jpg,0,3,Titre académique neutre sur le management.,0,3,non,"Manuel d'innovation en école de commerce, IA mentionnée en passant, neutre.",0,agent
513,"Conversations avec ChatGPT sur l'homme, le monde, Dieu et l'intelligence artificielle : Intelligence ou raison artificielle ?",,Bruno Bérard,Éditions L'Harmattan,Métaphysique Au Quotidien,9782336488233,Grand format,14.00 €,10 Octobre 2024,https://www.librel.be/livre/9782336488233-conversations-avec-chatgpt-sur-l-homme-le-monde-dieu-et-l-intelligence-artificielle-intelligence-ou-raison-artificielle-bruno-berard/,https://images.epagine.fr/233/9782336488233_1_m.jpg,0,3,"Question philosophique neutre, aucun mot de menace.",2,2,non,"Postface évoque une « dévastation de la diversité mentale », mais propos surtout philosophique.",-2,agent
515,S.A.R.R.A. ; une intelligence artificielle,,"David Gruson, Guy Vallancien",Books on Demand,,9782490163045,Grand format,18.10 €,15 Octobre 2024,https://www.librel.be/livre/9782490163045-s-a-r-r-a-une-intelligence-artificielle-david-gruson/,https://images.epagine.fr/045/9782490163045_1_m.jpg,0,3,"Neutre, IA nommée sans connotation menaçante.",1,2,non,IA outil de résolution d'une crise épidémique fictive; menace vient de l'épidémie.,-1,agent
516,Concours ADELI de la meilleure nouvelle d'anticipation sur l'intelligence artificielle : Édition 2022,,Adeli association,Books on Demand,,9782951789951,Grand format,10.00 €,17 Janvier 2023,https://www.librel.be/livre/9782951789951-concours-adeli-de-la-meilleure-nouvelle-d-anticipation-sur-l-intelligence-artificielle-edition-2022-adeli-association/,https://images.epagine.fr/951/9782951789951_1_m.jpg,0,3,"Concours littéraire, neutre.",0,3,non,"Recueil de nouvelles, thème du concours cité sans contenu développé.",0,agent
518,"Revue langages n.237 : Intelligence artificielle, corpus et diversité linguistique : enjeux et perspectives",,Collectif,Armand Colin,Revue Langages,9782200936044,Revue,18.10 €,18 Mars 2025,https://www.librel.be/livre/9782200936044-revue-langages-n-237-intelligence-artificielle-corpus-et-diversite-linguistique-enjeux-et-perspectives-collectif/,https://images.epagine.fr/044/9782200936044_1_m.jpg,0,3,Titre académique linguistique neutre.,0,3,non,"Présentation institutionnelle d'une revue de linguistique, sans lien de menace.",0,agent
519,L'intelligence artificielle ; dans toutes ses dimensions,,Boris Barraud,Éditions L'Harmattan,Kubaba : Série Europe & Asie,9782343192741,Grand format,35.00 €,6 Mars 2020,https://www.librel.be/livre/9782343192741-l-intelligence-artificielle-dans-toutes-ses-dimensions-boris-barraud/,https://images.epagine.fr/741/9782343192741_1_m.jpg,0,3,"Neutre, formule descriptive générale.",0,2,non,"Exploration large des impacts de l'IA, ton curieux et expository, non négatif.",0,agent
520,"Mondialisation acte II, le choc de l'intelligence artificielle",,Roland Fitoussi,Éditions L'Harmattan,Questions Contemporaines,9782343114910,Grand format,20.50 €,1 Mars 2017,https://www.librel.be/livre/9782343114910-mondialisation-acte-ii-le-choc-de-l-intelligence-artificielle-roland-fitoussi/,https://images.epagine.fr/910/9782343114910_1_m.jpg,3,2,"« Le choc » : impact négatif net, associé à la mondialisation.",0,3,non,"Bénéfices, emplois qualifiés, compétitivité européenne : discours entièrement positif.",3,agent
521,Droit de l'intelligence artificielle,,"Collectif, Alexandre Bensamoun, Grégoire Loiseau",LGDJ,Les Intégrales,9782275065649,Grand format,79.00 €,1 Octobre 2019,https://www.librel.be/livre/9782275065649-droit-de-l-intelligence-artificielle-edition-2019-collectif-alexandre-bensamoun-gregoire-loiseau/,https://images.epagine.fr/649/9782275065649_1_m.jpg,0,3,Titre juridique neutre.,0,3,non,Traité juridique académique et neutre sur les implications du droit de l'IA.,0,agent
523,IA QU'À - Dico du futur de l'intelligence (et la bêtise) artificielle,,"Olivier Fontvielle, Anne-Caroline Paucot",Studio Miamiam,,9782493731043,Grand format,24.00 €,26 Février 2025,https://www.librel.be/livre/9782493731043-ia-qu-a-dico-du-futur-de-l-intelligence-et-la-betise-artificielle-olivier-fontvielle-anne-caroline-paucot/,https://images.epagine.fr/043/9782493731043_1_m.jpg,2,2,"« Bêtise » présente mais parenthétique et ludique, pas centrale.",1,2,non,Glossaire humoristique ; peur de machines « qui auront notre peau » tournée en dérision.,1,agent
524,Concours ADELI 2023 : de la meilleure nouvelle d'anticipation sur l'intelligence artificielle,,Explorateurs Des Esp,Books on Demand,,9782951789975,Grand format,10.00 €,26 Janvier 2024,https://www.librel.be/livre/9782951789975-concours-adeli-2023-de-la-meilleure-nouvelle-d-anticipation-sur-l-intelligence-artificielle-explorateurs-des-esp/,https://images.epagine.fr/975/9782951789975_1_m.jpg,0,3,"Concours littéraire, neutre.",0,2,non,"Concours de nouvelles sur la transition écologique, IA non développée comme thème.",0,agent
526,Langue française n.229 : La lexicologie française : des Lumières à l'intelligence artificielle,,Collectif,Armand Colin,Langue Française,9782200936723,Revue,18.10 €,21 Avril 2026,https://www.librel.be/livre/9782200936723-langue-francaise-n-229-la-lexicologie-francaise-des-lumieres-a-l-intelligence-artificielle-collectif/,https://images.epagine.fr/723/9782200936723_1_m.jpg,0,3,Titre académique linguistique neutre.,0,3,non,"Présentation institutionnelle d'une revue de linguistique française, sans rapport à l'IA.",0,agent
527,Intelligence artificielle : questions éthiques et enjeux socioéconomiques,,"Noble Akam, Etienne Damome, Alain Kiyindou",Éditions L'Harmattan,Des Hauts Et Débats,9782343253374,Grand format,22.50 €,7 Avril 2022,https://www.librel.be/livre/9782343253374-intelligence-artificielle-questions-ethiques-et-enjeux-socioeconomiques-noble-akam-etienne-damome-alain-kiyindou/,https://images.epagine.fr/374/9782343253374_1_m.jpg,0,3,"« Enjeux » neutre, cadre académique éthique/économique.",1,2,non,"Bouleversements et questions éthiques évoqués, mais conclusion sur des usages positifs.",-1,agent
528,Alternatives économiques n.416 : faut-il craindre l'intelligence artificielle (octobre 2021),,Alternatives Economiques,Alternatives Economiques,Alternatives Économiques,9782352402916,Revue,4.90 €,21 Octobre 2021,https://www.librel.be/livre/9782352402916-alternatives-economiques-n-416-faut-il-craindre-l-intelligence-artificielle-octobre-2021-alternatives-economiques/,https://images.epagine.fr/916/9782352402916_1_m.jpg,4,3,"« Faut-il craindre » : question de peur frontale, sans détour.",0,2,non,"Sommaire générique de magazine, aucun contenu spécifique sur l'IA ni menace.",4,agent
529,Intelligence Artificielle pour les Nuls : Un Guide Accessible pour Comprendre l'IA au Quotidien,,Alex Morel,Books on Demand,,9782322623020,Grand format,11.99 €,18 Juillet 2025,https://www.librel.be/livre/9782322623020-intelligence-artificielle-pour-les-nuls-un-guide-accessible-pour-comprendre-l-ia-au-quotidien-alex-morel/,https://images.epagine.fr/020/9782322623020_1_m.jpg,0,3,"Guide pédagogique neutre, « accessible ».",0,2,non,"Guide pédagogique rassurant sur l'IA au quotidien, ton pragmatique et positif.",0,agent
530,Le guide de survie de l'intelligence artificielle,,Mediaforma Michel Martin,Mediaforma,,9782494460225,ebook (ePub),9.99 €,6 Mai 2025,https://www.librel.be/ebook/9782494460225-le-guide-de-survie-de-l-intelligence-artificielle-mediaforma-michel-martin/,https://images.epagine.fr/225/9782494460225_1_m.jpg,4,3,« Guide de survie » : survie = menace forte selon la règle dédiée.,0,3,non,"Guide pratique explicite : « l'IA est un outil à votre service, pas une menace ».",4,agent
532,Intelligence artificielle et Big Data ; naissance d'une nouvelle intelligence,,Fernando Iafrate,Iste,Systemes D'Information Web Et Informatique Ubiquitaire,9781784054366,Grand format,N.C.,25 Avril 2018,https://www.librel.be/livre/9781784054366-intelligence-artificielle-et-big-data-naissance-d-une-nouvelle-intelligence-fernando-iafrate/,https://images.epagine.fr/366/9781784054366_1_m.jpg,0,3,"« Naissance » positif, neutre.",2,2,non,IA comme « or noir » exploité par géants tech ; question ouverte sur la délégation des décisions.,-2,agent
533,Intelligence artificielle et autorités publiques : pour un cadre juridique et éthique de l'IA publique en Wallonie,,"Noémie Bontridder, Loïc Gérard, Yves Poullet",Larcier,Crids,9782807937215,Grand format,101.00 €,6 Octobre 2022,https://www.librel.be/livre/9782807937215-intelligence-artificielle-et-autorites-publiques-pour-un-cadre-juridique-et-ethique-de-l-ia-publique-en-wallonie-noemie-bontridder-loic-gerard-yves-poullet/,https://images.epagine.fr/215/9782807937215_1_m.jpg,0,3,"Cadre juridique et éthique neutre, institutionnel, aucune menace.",0,3,non,"Approche pragmatique et juridique de l'IA en administration, ton neutre, informatif.",0,agent
535,Repenser les organisations à l'ère de l'intelligence artificielle,,Didier Ait,Ovadia,,9782363925176,Grand format,22.00 €,15 Avril 2023,https://www.librel.be/livre/9782363925176-repenser-les-organisations-a-l-ere-de-l-intelligence-artificielle-didier-ait/,https://images.epagine.fr/176/9782363925176_1_m.jpg,0,3,"« Repenser les organisations » : neutre, constructif.",2,2,non,"Risque d'être « engloutis » par GAFAM mentionné, mais propos centré sur pistes humanistes constructives.",-2,agent
537,Du code d'Hammourabi à l'Intelligence Artificielle : Une histoire de l'hôpital,,"Jacques Berlie, Daniel Moysan",Books on Demand,,9782322537983,Grand format,23.90 €,14 Mai 2024,https://www.librel.be/livre/9782322537983-du-code-d-hammourabi-a-l-intelligence-artificielle-une-histoire-de-l-hopital-jacques-berlie-daniel-moysan/,https://images.epagine.fr/983/9782322537983_1_m.jpg,0,3,"Chronologie historique neutre, encyclopédique.",0,2,non,"Fresque historique de l'hôpital, IA mentionnée en une phrase finale, sans menace développée.",0,agent
538,Application de l'Intelligence Artificielle dans la E-logistique,,Yassine Issaoui,Editions Le Manifeste,,9789920588362,ebook (ePub),7.99 €,4 Février 2024,https://www.librel.be/ebook/9789920588362-application-de-l-intelligence-artificielle-dans-la-e-logistique-yassine-issaoui/,https://images.epagine.fr/362/9789920588362_1_m.jpg,0,3,"Neutre, technique, application pratique.",0,3,non,"Apprentissage profond appliqué à la logistique, texte technique et positif.",0,agent
540,Le jumeau numérique ; de l'intelligence artificielle à l'industrie agile,,"Nathalie Julien, Eric Martin",Dunod,,9782100800285,Grand format,28.20 €,10 Juin 2020,https://www.librel.be/livre/9782100800285-le-jumeau-numerique-de-l-intelligence-artificielle-a-l-industrie-agile-nathalie-julien-eric-martin/,https://images.epagine.fr/285/9782100800285_1_m.jpg,0,3,"Neutre, « industrie agile » : positif/technique.",0,3,non,"Présentation technique du jumeau numérique, ton neutre et pratique.",0,agent
541,Pour des intelligences artificielles au service du corps vulnerable - actes de la journee d etude du,,Piatti/Violet,Archives Contemporaines,,9782813004598,Grand format,40.00 €,1 Mars 2023,https://www.librel.be/livre/9782813004598-pour-des-intelligences-artificielles-au-service-du-corps-vulnerable-actes-de-la-journee-d-etude-du-piatti-violet/,https://images.epagine.fr/598/9782813004598_1_m.jpg,0,2,"« Au service du corps vulnérable » : positif, protecteur.",0,1,oui,Description vide.,0,agent
542,Le bahamut Tome 4 ; la maintenance généraliste de HTS introduit dans le HTS de l'intelligence artificielle avec la big data,,Erhan Horata,Books on Demand,,9782322171620,Grand format,25.00 €,29 Mars 2019,https://www.librel.be/livre/9782322171620-le-bahamut-tome-4-la-maintenance-generaliste-de-hts-introduit-dans-le-hts-de-l-intelligence-artificielle-avec-la-big-data-erhan-horata/,https://images.epagine.fr/620/9782322171620_1_m.jpg,0,2,"Titre technique, jargon industriel, neutre.",0,1,oui,Phrase unique sans contenu informatif sur le sujet.,0,agent
544,Intelligence artificielle comme philosophie,,Giovanni Landi,Ovadia,,9782363924841,Grand format,16.00 €,24 Juin 2022,https://www.librel.be/livre/9782363924841-intelligence-artificielle-comme-philosophie-giovanni-landi/,https://images.epagine.fr/841/9782363924841_1_m.jpg,0,3,"Neutre, académique, philosophie.",0,1,oui,Description vide.,0,agent
545,Intelligence artificielle et créativité humaine : Quelle créativité l'intelligence artificielle peut-elle développer ?,,Jean Marc Moncorger,Éditions L'Harmattan,Questions Contemporaines,9782336494982,Grand format,26.00 €,23 Janvier 2025,https://www.librel.be/livre/9782336494982-intelligence-artificielle-et-creativite-humaine-quelle-creativite-l-intelligence-artificielle-peut-elle-developper-jean-marc-moncorger/,https://images.epagine.fr/982/9782336494982_1_m.jpg,0,3,"Question neutre sur la créativité, aucune menace.",0,2,non,"Réflexion positive sur créativité de l'IA, limite énergétique mentionnée comme s'améliorant.",0,agent
550,Intelligence Artificielle Pour Les Enseignants : édition 2025,,Patrice Rey,Books on Demand,,9782322556922,Grand format,35.90 €,9 Avril 2025,https://www.librel.be/livre/9782322556922-intelligence-artificielle-pour-les-enseignants-edition-2025-patrice-rey/,https://images.epagine.fr/922/9782322556922_1_m.jpg,0,3,"Neutre, guide pratique pour enseignants.",0,3,non,"Guide pratique pour enseignants, ton positif et pédagogique.",0,agent
551,Manager l'intelligence artificielle : s'adapter aux transformations profondes de notre environnement,,"Roland Robeveille, Michelle Veyssière",Gereso,Développement Personnel & Efficacité Professionnelle,9782378906399,Grand format,23.00 €,1 Avril 2021,https://www.librel.be/livre/9782378906399-manager-l-intelligence-artificielle-s-adapter-aux-transformations-profondes-de-notre-environnement-2e-edition-roland-robeveille-michelle-veyssiere/,https://images.epagine.fr/399/9782378906399_1_m.jpg,0,3,"« S'adapter » : neutre, gestion du changement.",2,2,non,"« Ascendant » de l'IA et emplois menacés cités, mais ouvrage pratique orienté solutions de management.",-2,agent
552,L'intelligence artificielle : Innovations,,Institut EuropIA,Ovadia,,9782363925596,Grand format,20.00 €,10 Mai 2024,https://www.librel.be/livre/9782363925596-l-intelligence-artificielle-innovations-institut-europia/,https://images.epagine.fr/596/9782363925596_1_m.jpg,0,3,"« Innovations » : positif, neutre.",1,2,non,"« Dérives dangereuses » évoquées comme vigilance, cadre global valorisant l'« humanisme industriel ».",-1,agent
553,Prospérité symbiotique : L'impératif de succès de la relation entre l'Afrique et l'intelligence Artificielle,,Alioune Badara Mbengue,Éditions L'Harmattan,Harmattan Sénégal,9782336408613,Grand format,21.00 €,13 Octobre 2023,https://www.librel.be/livre/9782336408613-prosperite-symbiotique-l-imperatif-de-succes-de-la-relation-entre-l-afrique-et-l-intelligence-artificielle-alioune-badara-mbengue/,https://images.epagine.fr/613/9782336408613_1_m.jpg,0,3,"« Prospérité symbiotique », « succès » : positif.",0,2,non,"Risque de « rater le coche » concerne la non-adoption, discours globalement porteur d'espoir.",0,agent
554,La Recherche n.529 : l'intelligence artificielle transforme les sciences,,La Recherche,La Recherche,La Recherche,3663322095955,Revue,6.40 €,31 Octobre 2017,https://www.librel.be/livre/3663322095955-la-recherche-n-529-l-intelligence-artificielle-transforme-les-sciences-la-recherche/,https://images.epagine.fr/955/3663322095955_1_m.jpg,0,3,"« Transforme les sciences » : neutre, changement positif.",0,2,non,"Sommaire de magazine scientifique, IA présentée comme outil de recherche prometteur.",0,agent
556,Intelligence artificielle ; TPE 2017,,"Paul-antoine Desrues, Léa Duchemin, Baptiste Duvieu",Books on Demand,,9782322138029,Grand format,100.00 €,22 Février 2017,https://www.librel.be/livre/9782322138029-intelligence-artificielle-tpe-2017-paul-antoine-desrues-lea-duchemin-baptiste-duvieu/,https://images.epagine.fr/029/9782322138029_1_m.jpg,0,3,"Neutre, projet scolaire.",0,2,non,"Invite à se faire son propre avis sur l'IA, aucun cadrage négatif développé.",0,agent
558,La mère ia pour ce noël : Les PREMIÈRS CONTES DE NOËL pour les enfants de 3+ ans À L'ÈRE DE L'INTELLIGENCE ARTIFICIELLE (AI),,Yeeshtdevisingh Hosanee,Books on Demand,,9782322478620,Grand format,14.00 €,2 Novembre 2024,https://www.librel.be/livre/9782322478620-la-mere-ia-pour-ce-noel-les-premiers-contes-de-noel-pour-les-enfants-de-3-ans-a-l-ere-de-l-intelligence-artificielle-ai-yeeshtdevisingh-hosanee/,https://images.epagine.fr/620/9782322478620_1_m.jpg,0,3,"Contes de Noël pour enfants, ton léger, neutre.",0,3,non,"Conte de Noël pour enfants avec une IA bienveillante, entièrement positif.",0,agent
559,Robotique et intelligence artificielle,,Felix Par Coeur Jean,Edilivre,,9782414255900,Grand format,21.50 €,30 Août 2018,https://www.librel.be/livre/9782414255900-robotique-et-intelligence-artificielle-felix-par-coeur-jean/,https://images.epagine.fr/900/9782414255900_1_m.jpg,0,3,"Neutre, descriptif.",1,2,non,Singularité évoquée mais conclut sur des choix possibles pour garder le contrôle du destin humain.,-1,agent
560,Esanté et intelligence artificielle : entre promesse du meilleur et crainte du pire,,"Patrice Cristofini, Raymond Taube",Editions Maïa,On Arrête De Se Mentir,9782379166082,Grand format,18.00 €,26 Mars 2021,https://www.librel.be/livre/9782379166082-esante-et-intelligence-artificielle-entre-promesse-du-meilleur-et-crainte-du-pire-patrice-cristofini-raymond-taube/,https://images.epagine.fr/082/9782379166082_1_m.jpg,3,2,« Crainte du pire » net mais partagé avec « promesse du meilleur ».,3,2,non,"« Jouer dangereusement avec le devenir de l'humanité », mais présenté comme spéculation ouverte assumée.",0,agent
561,Pensée ou intelligence artificielle ? de la stratégie à la formation l'humain au coeur du numérique,,François-Xavier Marquis,Éditions L'Harmattan,,9782343133263,Grand format,18.00 €,27 Octobre 2017,https://www.librel.be/livre/9782343133263-pensee-ou-intelligence-artificielle-de-la-strategie-a-la-formation-l-humain-au-coeur-du-numerique-francois-xavier-marquis/,https://images.epagine.fr/263/9782343133263_1_m.jpg,1,2,"Question, mais conclut sur « l'humain au coeur » : rassurant.",0,2,non,Évoque de nouveaux « enjeux humains et sociaux » sans développer de menace précise.,1,agent
564,Intégrer l'intelligence artificielle à l'université,,"Pierre Martinez, Laurent Gajo",Éditions L'Harmattan,Questions Contemporaines,9782336440613,Grand format,27.00 €,2 Mai 2024,https://www.librel.be/livre/9782336440613-integrer-l-intelligence-artificielle-a-l-universite-pierre-martinez/,https://images.epagine.fr/613/9782336440613_1_m.jpg,0,3,"Neutre, institutionnel.",3,2,non,"Critique du capitalisme académique et crise universitaire comme facteurs, cadrage analytique ouvert.",-3,agent
566,Metamorphose des managers - a l'ere du numerique et de l'intelligence artificielle,,"Dejoux, Léon",Pearson,,9782326001466,Grand format,26.00 €,2 Février 2018,https://www.librel.be/livre/9782326001466-metamorphose-des-managers-a-l-ere-du-numerique-et-de-l-intelligence-artificielle-dejoux-leon/,https://images.epagine.fr/466/9782326001466_1_m.jpg,0,3,"« Métamorphose » : changement neutre, non alarmant.",0,3,non,"Manager augmenté par l'IA, ton entièrement constructif et positif.",0,agent
567,"Legal operations : Efficience, process, difitalisation et intelligence artificielle au sein des directions juridiques",,Emilie Calame,LexisNexis,Droit Et Professionnels,9782711040063,Grand format,35.15 €,23 Octobre 2024,https://www.librel.be/livre/9782711040063-legal-operations-efficience-process-difitalisation-et-intelligence-artificielle-au-sein-des-directions-juridiques-emilie-calame/,https://images.epagine.fr/063/9782711040063_1_m.jpg,0,3,"Neutre, professionnel, juridique.",0,3,non,"Guide pratique Legal Ops, aucune mention de menace liée à l'IA.",0,agent
568,"EssentIAls : Ce que 100 femmes, sur tous les continents, révèlent sur l'intelligence artificielle",,"Laurence Dilouya, Gaëlle Picard-Abezis",Ems,,9782386304309,Grand format,22.00 €,19 Novembre 2026,https://www.librel.be/livre/9782386304309-essentials-ce-que-100-femmes-sur-tous-les-continents-revelent-sur-l-intelligence-artificielle-laurence-dilouya-gaelle-picard-abezis/,https://images.epagine.fr/no_image.png,0,3,"« Révèlent » : neutre, curiosité.",0,3,non,"Portrait valorisant de femmes expertes en IA, entièrement positif.",0,agent
569,Union europeenne et intelligence artificielle - sous la direction de celine caste,,Collectif,Putc,,9782361702052,Grand format,26.00 €,20 Décembre 2019,https://www.librel.be/livre/9782361702052-union-europeenne-et-intelligence-artificielle-sous-la-direction-de-celine-caste-collectif/,https://images.epagine.fr/no_image.png,0,2,"Neutre, institutionnel (titre tronqué).",0,1,oui,Description vide.,0,agent
572,Réinventer l'école à l'ère de l'intelligence artificielle : Réflexions pour une reprise en main du numérique à l'école,,Ahmed Messaoudi,Éditions L'Harmattan,"Enfance, Éducation Et Société",9782336559568,Grand format,20.00 €,4 Septembre 2025,https://www.librel.be/livre/9782336559568-reinventer-l-ecole-a-l-ere-de-l-intelligence-artificielle-reflexions-pour-une-reprise-en-main-du-numerique-a-l-ecole-ahmed-messaoudi/,https://images.epagine.fr/568/9782336559568_1_m.jpg,1,2,« Reprise en main » suggère une perte de contrôle à retrouver.,3,2,non,"Tensions réelles (sommeil, harcèlement, dépossession) mais 'ni technophobe ni technophile', réflexion ouverte.",-2,agent
574,"Manifeste de la collaboration Humain-IA : Penser le discernement, la responsabilité et le sens à l'ère de l'intelligence artificielle",,"Antoine Installé, Nicolas Pourbaix",Books on Demand,,9782322583041,Grand format,9.95 €,19 Mars 2026,https://www.librel.be/livre/9782322583041-manifeste-de-la-collaboration-humain-ia-penser-le-discernement-la-responsabilite-et-le-sens-a-l-ere-de-l-intelligence-artificielle-antoine-installe-nicolas-pourbaix/,https://images.epagine.fr/041/9782322583041_1_m.jpg,0,3,"« Collaboration Humain-IA » : positif, coopératif.",1,2,non,Rejette explicitement les discours catastrophistes ; cadre constructif de coopération Humain-IA.,-1,agent
576,"Verbe, influence, mediation et intelligence artificielle - com', la fin ou pire",,Guila Thiam,Edilivre,,9782414341108,Grand format,14.00 €,17 Avril 2019,https://www.librel.be/livre/9782414341108-verbe-influence-mediation-et-intelligence-artificielle-com-la-fin-ou-pire-guila-thiam/,https://images.epagine.fr/108/9782414341108_1_m.jpg,4,1,"« La fin ou pire » : menace frontale, titre peu clair.",0,1,oui,Description vide.,4,agent
577,Telemedecine et intelligence artificielle en sante : quels enjeux pour l union e - sous la direction,,Collectif,Putc,,9782361702106,Grand format,26.00 €,18 Mai 2020,https://www.librel.be/livre/9782361702106-telemedecine-et-intelligence-artificielle-en-sante-quels-enjeux-pour-l-union-e-sous-la-direction-collectif/,https://images.epagine.fr/no_image.png,0,2,"« Quels enjeux » : neutre, académique (titre tronqué).",0,1,oui,Description vide.,0,agent
578,"Disruption ; intelligence artificielle, fin du salariat, humanité augmentée",,Stéphane Mallard,Audiolib,,9782367628219,CD Audio,24.85 €,13 Février 2019,https://www.librel.be/livre/9782367628219-disruption-intelligence-artificielle-fin-du-salariat-humanite-augmentee-stephane-mallard/,https://images.epagine.fr/219/9782367628219_1_m.jpg,4,2,« Fin du salariat » : perte/disparition explicite d'un statut social.,4,2,non,"Disruption inéluctable, 'se disrupter ou disparaître' : menace de disparition développée comme thèse.",0,agent
580,Closer d'élite : Dopez vos techniques de vente grâce au marketing digital et à l'intelligence artificielle,,David Noga,Éditions L'Harmattan,Dynamiques D'Entreprises,9782336568362,Grand format,14.00 €,13 Novembre 2025,https://www.librel.be/livre/9782336568362-closer-d-elite-dopez-vos-techniques-de-vente-grace-au-marketing-digital-et-a-l-intelligence-artificielle-david-noga/,https://images.epagine.fr/362/9782336568362_1_m.jpg,0,3,"« Dopez vos techniques de vente » : positif, neutre.",0,3,non,"IA présentée comme opportunité commerciale ('eldorado'), aucune menace.",0,agent
582,Education et intelligence artificielle,,Repres Federation Europeenne Des Ecoles,Éditions L'Harmattan,Intelligence Stratégique Et Géostratégie,9782336434636,Grand format,12.00 €,11 Avril 2024,https://www.librel.be/livre/9782336434636-education-et-intelligence-artificielle-repres-federation-europeenne-des-ecoles/,https://images.epagine.fr/636/9782336434636_1_m.jpg,0,3,"Neutre, descriptif.",0,2,non,"Analyse académique équilibrée de l'IA en éducation, opportunités et pistes.",0,agent
583,L?intelligence artificielle et nous,,Rodolphe Augusto,Thebookedition.Com,,9782957728497,Grand format,11.90 €,11 Novembre 2025,https://www.librel.be/livre/9782957728497-l-intelligence-artificielle-et-nous-rodolphe-augusto/,https://images.epagine.fr/497/9782957728497_1_m.jpg,0,3,"Neutre, descriptif.",2,2,non,"Dangers (addiction, désinformation, isolement) développés mais but pédagogique protecteur.",-2,agent
584,L'intelligence artificielle en pratique avec Python,,"Hugues Bersini, Ken Hasselmann",Eyrolles,Blanche,9782416004568,Grand format,32.00 €,18 Novembre 2021,https://www.librel.be/livre/9782416004568-l-intelligence-artificielle-en-pratique-avec-python-hugues-bersini-ken-hasselmann/,https://images.epagine.fr/568/9782416004568_1_m.jpg,0,3,"Neutre, pratique, technique.",0,3,non,"Manuel pédagogique d'algorithmes d'IA, purement technique et neutre.",0,agent
585,Intelligence Artificielle & Franc-Maçonnerie : La Pierre et la Puce,,Jiri Pragman,Numerilivre,,9782366323771,Grand format,22.00 €,4 Juin 2026,https://www.librel.be/livre/9782366323771-intelligence-artificielle-franc-maconnerie-la-pierre-et-la-puce-jiri-pragman/,https://images.epagine.fr/771/9782366323771_1_m.jpg,0,3,"Jeu de mots curieux, aucune menace.",2,2,non,"Travail invisible et coût environnemental évoqués, mais guide pratique d'usage responsable.",-2,agent
589,S'interroger sur l'avenir avec l'intelligence artificielle,,"Elaine Champagne, Ollivier Dyens, Isabelle Morel",Rirtp,,9782931152133,Grand format,16.00 €,9 Octobre 2024,https://www.librel.be/livre/9782931152133-s-interroger-sur-l-avenir-avec-l-intelligence-artificielle-elaine-champagne-ollivier-dyens-isabelle-morel/,https://images.epagine.fr/133/9782931152133_1_m.jpg,0,3,"« S'interroger sur l'avenir » : neutre, réflexif.",1,2,non,"Questions ouvertes sur IA et foi chrétienne, pas de thèse de menace.",-1,agent
590,Intelligence artificielle et robotique autonome : Enjeux et défis contemporains dans l'espace francophone,,"Moustapha Ben Ismaila Diaby, Etienne Damome",Éditions L'Harmattan,Harmattan Côte-D'Ivoire,9782336570921,Grand format,37.00 €,13 Novembre 2025,https://www.librel.be/livre/9782336570921-intelligence-artificielle-et-robotique-autonome-enjeux-et-defis-contemporains-dans-l-espace-francophone-moustapha-ben-ismaila-diaby-etienne-damome/,https://images.epagine.fr/921/9782336570921_1_m.jpg,0,3,"« Enjeux et défis » : générique, non dramatique.",0,2,non,"Analyse nuancée annoncée, opportunités et défis en registre équilibré.",0,agent
592,Intelligence artificielle : au coeur d'un nouveau monde,,Romain Le Berrigot,Edilivre,,9782414629015,Grand format,22.10 €,23 Octobre 2024,https://www.librel.be/livre/9782414629015-intelligence-artificielle-au-coeur-d-un-nouveau-monde-romain-le-berrigot/,https://images.epagine.fr/015/9782414629015_1_m.jpg,0,3,"« Nouveau monde » : neutre, exploratoire.",3,2,non,Menaces d'aliénation et de domination posées comme question non tranchée.,-3,agent
593,Le passager silencieux : L'intelligence artificielle et la fuite en avant du mental,,"Anonyme, Audrey Achour",Books on Demand,,9782322633609,Grand format,5.00 €,25 Août 2026,https://www.librel.be/livre/9782322633609-le-passager-silencieux-l-intelligence-artificielle-et-la-fuite-en-avant-du-mental-anonyme-audrey-achour/,https://images.epagine.fr/609/9782322633609_1_m.jpg,3,2,"« Passager silencieux » et « fuite en avant » : métaphore négative, pas frontale.",0,2,non,"IA sert de métaphore pour la présence intérieure, pas thèse de danger sociétal.",3,agent
594,Management et Marketing du luxe : À l'ère de l'intelligence artificielle,,"Michel Chevalier, Gérald Mazzalovo",Dunod,,9782100895212,Grand format,44.10 €,16 Septembre 2026,https://www.librel.be/livre/9782100895212-management-et-marketing-du-luxe-a-l-ere-de-l-intelligence-artificielle-5e-edition-michel-chevalier-gerald-mazzalovo/,https://images.epagine.fr/212/9782100895212_1_m.jpg,0,3,"Neutre, professionnel (management, marketing du luxe).",0,3,non,Manuel de gestion du luxe ; l'IA n'est qu'une évolution récente mentionnée en passant.,0,agent
596,Intelligence artificielle ; à la recherche de la machine pensante,,Richard Urwin,Gremese,,9782366772159,Grand format,12.90 €,30 Janvier 2020,https://www.librel.be/livre/9782366772159-intelligence-artificielle-a-la-recherche-de-la-machine-pensante-richard-urwin/,https://images.epagine.fr/159/9782366772159_1_m.jpg,0,3,"« Machine pensante » : curiosité, pas de menace.",2,2,non,"Peur posée en question, conclusion ouverte sur un monde 'potentiellement effroyable'.",-2,agent
597,Métamorphoses à l'ère de l'intelligence artificielle 24.1,,Stéphane Amarsy,The Next Mind,,9782959675904,Grand format,33.00 €,25 Novembre 2024,https://www.librel.be/livre/9782959675904-metamorphoses-a-l-ere-de-l-intelligence-artificielle-24-1-stephane-amarsy/,https://images.epagine.fr/904/9782959675904_1_m.jpg,0,3,"« Métamorphoses » : neutre, transformation.",0,2,non,"Panorama de 45 transformations liées à l'IA, ton analytique, pas de thèse négative claire.",0,agent
598,"L'automobile, variations sur un thème ; voiture autonome, intelligence artificielle, rapport à autrui",,Eric Enregle,Éditions L'Harmattan,Des Hauts Et Débats,9782343173078,Grand format,17.00 €,2 Mai 2019,https://www.librel.be/livre/9782343173078-l-automobile-variations-sur-un-theme-voiture-autonome-intelligence-artificielle-rapport-a-autrui-eric-enregle/,https://images.epagine.fr/078/9782343173078_1_m.jpg,0,3,"Neutre, descriptif (voiture autonome, rapport à autrui).",0,3,non,Réflexion philosophique sur l'indépendance et l'automobile ; l'IA n'apparaît pas comme menace.,0,agent
600,AOC Saisons n.1 : Intelligence artificielle,,Collectif,Aoc,Aoc Saisons,9782492542213,Revue,14.90 €,4 Avril 2025,https://www.librel.be/livre/9782492542213-aoc-saisons-n-1-intelligence-artificielle-collectif/,https://images.epagine.fr/213/9782492542213_1_m.jpg,0,3,"Neutre, titre nu de revue.",0,2,non,"Numéro de revue explorant histoire, éthique et effets culturels de l'IA, ton équilibré.",0,agent
601,Manager 3.0 ; sept principes pour accompagner le changement induit par l'intelligence artificielle,,"Christian Du Jardin, Denis Dorbolo",Iggybook,,9782379790898,Grand format,25.00 €,11 Mai 2020,https://www.librel.be/livre/9782379790898-manager-3-0-sept-principes-pour-accompagner-le-changement-induit-par-l-intelligence-artificielle-christian-du-jardin-denis-dorbolo/,https://images.epagine.fr/898/9782379790898_1_m.jpg,0,3,« Accompagner le changement » : neutre à positif.,0,2,non,Guide managérial positif : l'IA comme défi à relever avec créativité et éthique.,0,agent
602,L'intelligence artificielle et l'énergie : facteurs d'accomplissement et de réalisation des mutation sociétales,,Jean-Pierre Schaeken Willemaers,Éditions L'Harmattan,Penser Le Temps Present,9782140330308,Grand format,23.00 €,27 Mars 2023,https://www.librel.be/livre/9782140330308-l-intelligence-artificielle-et-l-energie-facteurs-d-accomplissement-et-de-realisation-des-mutation-societales-jean-pierre-schaeken-willemaers/,https://images.epagine.fr/308/9782140330308_1_m.jpg,0,2,"« Accomplissement », « réalisation » : positif, aucune menace.",0,2,non,"Essai analytique sur les mutations sociétales dues au numérique/IA, ton descriptif équilibré.",0,agent
604,Books n.94 : intelligence artificielle ; menace sur sapiens,,Revue Books,Books,Books,9782366081220,Revue,12.00 €,23 Janvier 2019,https://www.librel.be/livre/9782366081220-books-n-94-intelligence-artificielle-menace-sur-sapiens-revue-books/,https://images.epagine.fr/no_image.png,5,3,« Menace sur sapiens » : danger frontal explicite pour l'humanité.,0,1,oui,"Description vide, aucun texte à évaluer.",5,agent
605,Cahiers du cercle Nicolas Andry n.14 : intelligence artificielle ; mémoires et souvenirs : les orthopédistes célèbres,,Cahiers Du Cercle Nicolas Andry,Sauramps Médical,Cahiers Du Cercle Nicolas Andry,9791030303155,Revue,30.00 €,18 Novembre 2021,https://www.librel.be/livre/9791030303155-cahiers-du-cercle-nicolas-andry-n-14-intelligence-artificielle-memoires-et-souvenirs-les-orthopedistes-celebres-cahiers-du-cercle-nicolas-andry/,https://images.epagine.fr/155/9791030303155_1_m.jpg,0,3,"IA hors-sujet (orthopédistes célèbres), titre neutre.",0,3,non,Recueil médical sur la chirurgie orthopédique ; l'IA mentionnée en passant comme thème annuel.,0,agent
606,REVUE RESEAUX : contrôler l'intelligence artificielle ?,,Revue réseaux,La découverte,Revue Reseaux,9782348073809,Revue,20.00 €,15 Juin 2022,https://www.librel.be/livre/9782348073809-revue-reseaux-controler-l-intelligence-artificielle-revue-reseaux/,https://images.epagine.fr/809/9782348073809_1_m.jpg,2,2,"« Contrôler...? » : question de risque modérée, non dramatique.",1,2,non,"Numéro académique analysant les débats normatifs sur l'IA (Golem, contrôle), posture descriptive.",1,agent
607,Revue d'intelligence artificielle RSTI série RIA volume 31 n° 3/mai-juin 2017 ; l'IA des jeux informatisés,,"Carole Adam, Cédric Buche, Tristan Cazenave, Florian Richoux",Hermès Science Publications,,9782746248168,Grand format,82.00 €,4 Juillet 2017,https://www.librel.be/livre/9782746248168-revue-d-intelligence-artificielle-rsti-serie-ria-volume-31-n-3-mai-juin-2017-l-ia-des-jeux-informatises-carole-adam-cedric-buche-tristan-cazenave-florian-richoux/,https://images.epagine.fr/168/9782746248168_1_m.jpg,0,3,"Neutre, revue technique (jeux informatisés).",0,3,non,"Articles techniques sur l'IA dans les jeux (bridge, programmes), purement académique.",0,agent
609,ISSIA : Une intelligence artificielle prend le pas sur son créateur,,Nicolas Gutton,livre actualite,,9782386890147,Grand format,19.00 €,30 Juillet 2025,https://www.librel.be/livre/9782386890147-issia-une-intelligence-artificielle-prend-le-pas-sur-son-createur-nicolas-gutton/,https://images.epagine.fr/147/9782386890147_1_m.jpg,5,2,"« Prend le pas sur son créateur » : domination frontale, sans ambiguïté.",3,2,non,Roman/thriller : la machine dépasse-t-elle son créateur ? Vertus et dangers en tension ouverte.,2,agent
610,Equivoque et devenir du monde humain au temps de l'intelligence artificielle,,Cahiers Epistemo-Logiques,Éditions L'Harmattan,Cahiers Épistémo-Logiques,9782140346774,Grand format,27.00 €,19 Juillet 2023,https://www.librel.be/livre/9782140346774-equivoque-et-devenir-du-monde-humain-au-temps-de-l-intelligence-artificielle-edition-2023-cahiers-epistemo-logiques/,https://images.epagine.fr/774/9782140346774_1_m.jpg,1,2,"« Équivoque » : doute vague, aucune menace nommée.",4,2,non,"Essai dense : 'possible asservissement par les cyberanthropes', domination développée comme enjeu majeur.",-3,agent
612,"L'intelligence artificielle, pas sans elles !",,"Batlle/Bernheim, Cédric Villani",Belin Éditeur,Egale A Egal,9782410015553,Grand format,8.50 €,6 Mars 2019,https://www.librel.be/livre/9782410015553-l-intelligence-artificielle-pas-sans-elles-batlle-bernheim/,https://images.epagine.fr/553/9782410015553_1_m.jpg,0,3,Titre mobilisateur positif (femmes en IA).,3,2,non,"Biais sexistes documentés dans les algorithmes, critique développée mais résolue par des solutions.",-3,agent
613,Intelligence artificielle - une reussite francaise dans la silicon valley,,Bourely Lucien,Sydney Laurent,,9791032636282,Grand format,16.90 €,24 Juillet 2020,https://www.librel.be/livre/9791032636282-intelligence-artificielle-une-reussite-francaise-dans-la-silicon-valley-bourely-lucien/,https://images.epagine.fr/282/9791032636282_1_m.jpg,0,3,« Réussite française » : positif.,0,3,non,"Récit positif de la réussite d'une entreprise d'IA anti-fraude, ton entièrement élogieux.",0,agent
614,Le défi de l'intelligence artificielle : questions-réponses inattendues,,Richard Raczynski,Dualpha,Insolite,9782353746125,Grand format,25.00 €,10 Février 2023,https://www.librel.be/livre/9782353746125-le-defi-de-l-intelligence-artificielle-questions-reponses-inattendues-richard-raczynski/,https://images.epagine.fr/125/9782353746125_1_m.jpg,1,1,"« Défi » : évocation faible, non dramatique.",3,2,non,Dialogues avec l'IA citant longuement ses propres mises en garde sur les inégalités.,-2,agent
615,Revue d'intelligence artificielle RSTI série RIA volume 31 n° 4/juillet-août 2017 ; résolution distribuée de problèmes et éthique dans les SMA,,Collectif,Hermès Science Publications,,9782746248212,Grand format,82.00 €,19 Septembre 2017,https://www.librel.be/livre/9782746248212-revue-d-intelligence-artificielle-rsti-serie-ria-volume-31-n-4-juillet-aout-2017-resolution-distribuee-de-problemes-et-ethique-dans-les-sma-collectif/,https://images.epagine.fr/212/9782746248212_1_m.jpg,0,3,"Neutre, revue technique (éthique, SMA).",0,3,non,"Sommaire d'articles techniques sur les systèmes multi-agents, purement académique.",0,agent
617,Artificialités intelligentes : Qui a peur de la diffusion de l'intelligence artificielle et pourquoi ?,,Stefano Vaj,La Nouvelle Librairie,Iliade,9782386080371,Grand format,14.00 €,20 Janvier 2025,https://www.librel.be/livre/9782386080371-artificialites-intelligentes-qui-a-peur-de-la-diffusion-de-l-intelligence-artificielle-et-pourquoi-stefano-vaj/,https://images.epagine.fr/371/9782386080371_1_m.jpg,2,2,« Qui a peur... » nomme la peur en interrogation analytique.,1,2,non,"Réflexion ouverte sur les enjeux idéologiques de l'IA, appel à choisir en connaissance.",1,agent
618,Intelligence artificielle en Langage C,,Roos J.L.,Eyrolles,,9782212082524,Grand format,36.13 €,15 Janvier 2024,https://www.librel.be/livre/9782212082524-intelligence-artificielle-en-langage-c-roos-j-l/,https://images.epagine.fr/524/9782212082524_1_m.jpg,0,3,"Neutre, technique (langage C).",0,3,non,"Manuel de programmation en C appliqué à l'IA, entièrement technique et neutre.",0,agent
620,Entrepreneuriat : L'élaboration d'un modèle business canevas et l'apport de l'intelligence artificielle,,Rachid Rouane,Edilivre,,9782414827084,Grand format,25.80 €,23 Juin 2026,https://www.librel.be/livre/9782414827084-entrepreneuriat-l-elaboration-d-un-modele-business-canevas-et-l-apport-de-l-intelligence-artificielle-rachid-rouane/,https://images.epagine.fr/084/9782414827084_1_m.jpg,0,3,« Apport de l'IA » : neutre à positif.,0,2,non,"Guide entrepreneurial : l'IA citée comme outil utile à la décision, ton pratique.",0,agent
621,Une ouverture sur l'intelligence artificielle,,Christian Gontrand,Les Trois Colonnes,,9791040616139,Grand format,42.70 €,28 Juillet 2025,https://www.librel.be/livre/9791040616139-une-ouverture-sur-l-intelligence-artificielle-christian-gontrand/,https://images.epagine.fr/139/9791040616139_1_m.jpg,0,3,« Ouverture » : neutre.,0,3,non,"Panorama historique de l'IA, ton enthousiaste et positif, aucune menace développée.",0,agent
622,Mon directeur marketing sera un algorithme ; l'intelligence artificielle remplacera-t-elle les marketeurs ?,,Stéphane Amarsy,Kawa,,9782367781327,Grand format,28.95 €,24 Février 2017,https://www.librel.be/livre/9782367781327-mon-directeur-marketing-sera-un-algorithme-l-intelligence-artificielle-remplacera-t-elle-les-marketeurs-stephane-amarsy/,https://images.epagine.fr/327/9782367781327_1_m.jpg,4,3,"« Remplacera-t-elle les marketeurs ? » : remplacement, angle quasi unique.",2,2,non,Obsolescence/remplacement par les algorithmes évoqués puis résolus par un appel à agir.,2,agent
623,Revue d'intelligence artificielle RSTI série RIA nolume 31 n° 5/septembre-octobre 2017 ; interactions entre compagnons virtuels et humains,,Collectif,Hermès Science Publications,,9782746248229,Grand format,82.00 €,20 Novembre 2017,https://www.librel.be/livre/9782746248229-revue-d-intelligence-artificielle-rsti-serie-ria-nolume-31-n-5-septembre-octobre-2017-interactions-entre-compagnons-virtuels-et-humains-collectif/,https://images.epagine.fr/229/9782746248229_1_m.jpg,0,3,"Neutre, revue technique (compagnons virtuels).",0,3,non,"Sommaire d'articles académiques sur agents conversationnels, purement technique.",0,agent
624,"Intelligence artificielle, l'affaire de tous ; de la science au business",,Thierry Bouron,Pearson,,9782744067587,Grand format,25.00 €,10 Juillet 2020,https://www.librel.be/livre/9782744067587-intelligence-artificielle-l-affaire-de-tous-de-la-science-au-business-thierry-bouron/,https://images.epagine.fr/587/9782744067587_1_m.jpg,0,3,"Neutre, descriptif (science au business).",0,3,non,"Guide pédagogique généraliste sur l'IA, business/technique, aucun cadrage négatif.",0,agent
626,Droit de l'intelligence artificielle etdes robots autonomes,,Sedallian V. Dupre J,Gualino,,9782297066150,Grand format,16.00 €,5 Juin 2018,https://www.librel.be/livre/9782297066150-droit-de-l-intelligence-artificielle-etdes-robots-autonomes-sedallian-v-dupre-j/,https://images.epagine.fr/no_image.png,0,3,"Neutre, juridique.",0,1,oui,"Description vide, aucun texte à noter.",0,agent
628,L'intelligence artificielle,,"Béatrice Hammer, Christiane Legris-desportes",Editions De La Reussite,,9782490341009,Grand format,9.50 €,31 Janvier 2018,https://www.librel.be/livre/9782490341009-l-intelligence-artificielle-beatrice-hammer-christiane-legris-desportes/,https://images.epagine.fr/009/9782490341009_1_m.jpg,0,3,"Titre nu, neutre.",2,2,non,Impacts et questions éthiques cités dans une synthèse informative mesurée.,-2,agent
629,"L'ère numérique, l'Intelligence Artificielle",,Didier Moury,NOMBRE 7,,9791042716523,Grand format,11.05 €,5 Août 2025,https://www.librel.be/livre/9791042716523-l-ere-numerique-l-intelligence-artificielle-didier-moury/,https://images.epagine.fr/523/9791042716523_1_m.jpg,0,3,"Neutre, descriptif.",2,2,non,"Risques pour les libertés cités parmi d'autres enjeux, questions ouvertes.",-2,agent
630,Les essais écossais Tome 18 : Éthique et intelligence artificielle,,Anonyme,Conform Edition,Les Essais Écossais,9782374454627,Grand format,15.00 €,1 Janvier 2019,https://www.librel.be/livre/9782374454627-les-essais-ecossais-tome-18-ethique-et-intelligence-artificielle-anonyme/,https://images.epagine.fr/no_image.png,0,3,"Neutre, académique (éthique).",0,1,oui,"Description vide, aucun texte à noter.",0,agent
634,Le futur de la recherche universitaire en Afrique : Plaidoyer pour l'Intelligence Artificielle Générative,,David Mukulu,Editions du Net,,9782312148151,Grand format,15.00 €,14 Novembre 2024,https://www.librel.be/livre/9782312148151-le-futur-de-la-recherche-universitaire-en-afrique-plaidoyer-pour-l-intelligence-artificielle-generative-david-mukulu/,https://images.epagine.fr/151/9782312148151_1_m.jpg,0,2,"« Plaidoyer » : positif, engagement constructif.",0,3,non,"Plaidoyer enthousiaste pour l'IA générative en Afrique, entièrement positif.",0,agent
636,De Babel à l'intelligence artificielle : Ecrits sur le plurilinguisme,,"José Carlos Herreras, Christian Tremblay",Bookelis,,9782492327353,Grand format,33.15 €,16 Février 2026,https://www.librel.be/livre/9782492327353-de-babel-a-l-intelligence-artificielle-ecrits-sur-le-plurilinguisme-jose-carlos-herreras-christian-tremblay/,https://images.epagine.fr/353/9782492327353_1_m.jpg,0,2,Neutre académique ; « Babel » non menaçant ici.,0,3,non,"Ouvrage sur le plurilinguisme, ne développe aucun enjeu lié à l'IA.",0,agent
637,L'Agenda : 366 micronouvelles (sans intelligence artificielle),,Seclair,Librinova,,9791040587538,Grand format,32.05 €,12 Août 2025,https://www.librel.be/livre/9791040587538-l-agenda-366-micronouvelles-sans-intelligence-artificielle-seclair/,https://images.epagine.fr/538/9791040587538_1_m.jpg,0,2,"« Sans intelligence artificielle » : neutre, presque rassurant.",1,2,non,Texte littéraire expérimental ; « défaite face à la machine » mentionnée en passant.,-1,agent
638,"Intelligence artificielle, le guide complet ; intelligence humaine, animale et végétale",,Marc Bousquet,Editions Du Sens,Culture Scientifique,9782379830020,Grand format,19.90 €,7 Novembre 2019,https://www.librel.be/livre/9782379830020-intelligence-artificielle-le-guide-complet-intelligence-humaine-animale-et-vegetale-marc-bousquet/,https://images.epagine.fr/020/9782379830020_1_m.jpg,0,3,"Neutre, guide pédagogique.",1,3,non,"Fascination/angoisse citées puis équilibrées par risques ET bénéfices, format pédagogique.",-1,agent
639,L'intelligence artificielle des textes ; des algorithmes à l'interprétation,,"Collectif, Damon Mayaffre, Laurent Vannier",Honore Champion,Lettres Numériques,9782745356406,Grand format,45.00 €,26 Avril 2021,https://www.librel.be/livre/9782745356406-l-intelligence-artificielle-des-textes-des-algorithmes-a-l-interpretation-collectif-damon-mayaffre-laurent-vannier/,https://images.epagine.fr/406/9782745356406_1_m.jpg,0,3,"Neutre, académique (interprétation des textes).",0,3,non,"Analyse académique de l'IA sur corpus textuels, avantages et limites, neutre.",0,agent
642,I.a.v - intelligence artificielle vivante,,Snaker Arkane,Editions du Net,,9782312151724,Poche,17.00 €,29 Mars 2025,https://www.librel.be/livre/9782312151724-i-a-v-intelligence-artificielle-vivante-snaker-arkane/,https://images.epagine.fr/no_image.png,0,2,"« Vivante » : descriptif, pas menaçant.",0,1,oui,"Description vide, aucun texte à noter.",0,agent
643,Revue internationale de psychosociologie et de gestion des comportements organisationnels n.87 : Intelligence Artificielle : quels impacts en termes de comportement organisationnel ?,,Collectif,Eska,Revue Internationale De Psychosociologie Et De Gestion Des Comportements Organisationnels,9782747237345,Revue,36.00 €,12 Décembre 2025,https://www.librel.be/livre/9782747237345-revue-internationale-de-psychosociologie-et-de-gestion-des-comportements-organisationnels-n-87-intelligence-artificielle-quels-impacts-en-termes-de-comportement-organisationnel-collectif/,https://images.epagine.fr/345/9782747237345_1_m.jpg,0,3,"Neutre, question organisationnelle académique.",0,3,non,"Sommaire d'articles de recherche (anxiété, biais) présentés comme objets d'étude.",0,agent
646,L'étrange vie d'Alex Lorantino : De l'intelligence artificielle à la vie réelle,,Sabine Becker,Hello Editions,,9782386274770,Grand format,21.00 €,22 Août 2025,https://www.librel.be/livre/9782386274770-l-etrange-vie-d-alex-lorantino-de-l-intelligence-artificielle-a-la-vie-reelle-sabine-becker/,https://images.epagine.fr/770/9782386274770_1_m.jpg,1,1,"« Étrange » : ambiguïté légère, sans menace précise.",2,2,non,"Roman évoquant des « programmes de maîtrise de l'esprit », récit de transformation personnelle.",-1,agent
648,"Revue d'intelligence artificielle RSTI série RIA volume 32 n° 4, juillet-août 2018 ; éthique et intelligence artificielle",,Collectif,Hermès Science Publications,,9782746248663,Grand format,83.00 €,19 Décembre 2018,https://www.librel.be/livre/9782746248663-revue-d-intelligence-artificielle-rsti-serie-ria-volume-32-n-4-juillet-aout-2018-ethique-et-intelligence-artificielle-collectif/,https://images.epagine.fr/663/9782746248663_1_m.jpg,0,3,"Neutre, technique (éthique et IA).",0,3,non,"Sommaire académique sur éthique et transparence des algorithmes, neutre.",0,agent
650,Techno poésie : Essai sur l'intelligence artificielle en poésie,,Pierre Théobald,Books on Demand,,9782322520336,Grand format,4.99 €,15 Février 2024,https://www.librel.be/livre/9782322520336-techno-poesie-essai-sur-l-intelligence-artificielle-en-poesie-pierre-theobald/,https://images.epagine.fr/336/9782322520336_1_m.jpg,0,3,"Neutre, essai littéraire (poésie).",1,2,non,"Question ouverte sur l'utilité du poète face à l'IA générative, ton léger.",-1,agent
651,Sine capita ; du numérique à l'intelligence artificielle,,François Petitjean,Editions du Panthéon,,9782754742863,Grand format,14.90 €,28 Septembre 2018,https://www.librel.be/livre/9782754742863-sine-capita-du-numerique-a-l-intelligence-artificielle-francois-petitjean/,https://images.epagine.fr/863/9782754742863_1_m.jpg,1,1,"« Sine capita » (sans tête) : image cryptique, menace non explicite.",1,3,non,Angoisse présentée comme mythe alimenté par la fiction ; IA vue comme progrès.,0,agent
653,Formation Intelligence Artificielle,,Thierry Gatines Ph.D,Thebookedition.Com,,9782487925038,Grand format,39.00 €,21 Septembre 2024,https://www.librel.be/livre/9782487925038-formation-intelligence-artificielle-thierry-gatines-ph-d/,https://images.epagine.fr/038/9782487925038_1_m.jpg,0,3,"« Formation » : neutre, factuel.",0,3,non,Introduction neutre et pédagogique à l'IA ; défis mentionnés seulement en passant.,0,agent
654,L'Intelligence artificielle ou l'accélération du monde : Comprendre la machine pour préserver l'humain,,Salim Mounir Alaoui,Edilivre,,9782414824489,Grand format,14.55 €,29 Avril 2026,https://www.librel.be/livre/9782414824489-l-intelligence-artificielle-ou-l-acceleration-du-monde-comprendre-la-machine-pour-preserver-l-humain-salim-mounir-alaoui/,https://images.epagine.fr/489/9782414824489_1_m.jpg,2,2,"« Préserver l'humain » évoque un enjeu, formulation constructive.",2,2,non,Fascination et catastrophisme relativisés ; plaidoyer équilibré pour sens et responsabilité.,0,agent
657,Revue d'intelligence artificielle RSTI série RIA volume 32 n° 5-6 ; septembre-décembre 2018,,Collectif,Hermès Science Publications,,9782746248779,Grand format,186.00 €,4 Janvier 2019,https://www.librel.be/livre/9782746248779-revue-d-intelligence-artificielle-rsti-serie-ria-volume-32-n-5-6-septembre-decembre-2018-collectif/,https://images.epagine.fr/779/9782746248779_1_m.jpg,0,3,"Titre de revue technique, neutre.",0,3,non,"Sommaire d'articles académiques multi-agents, purement technique et neutre.",0,agent
658,L'Ombre des Alpes - Opération Nachtfalter : Un mystère élaboré par l'intelligence humaine et artificielle,,Dorothee Berg,Books on Demand,,9782322544158,Grand format,6.99 €,1 Octobre 2024,https://www.librel.be/livre/9782322544158-l-ombre-des-alpes-operation-nachtfalter-un-mystere-elabore-par-l-intelligence-humaine-et-artificielle-dorothee-berg/,https://images.epagine.fr/158/9782322544158_1_m.jpg,1,2,"« Ombre », « mystère » : évocation vague, pas de menace nommée.",0,3,non,Thriller sans lien avec l'IA ; aucun contenu relatif au sujet noté.,1,agent
659,"La petite bédéthèque des savoirs : coffert : comprendre le monde en BD ; techno/science ; l'univers, l'intelligence artificielle",,"Daniel Casanave, Jean-noël Lafargue, Marion Montaigne, Hubert Reeves",Éditions du Lombard,La Petite Bédéthèque Des Savoirs,9782803672608,Grand format,20.00 €,10 Novembre 2017,https://www.librel.be/livre/9782803672608-la-petite-bedetheque-des-savoirs-coffret-comprendre-le-monde-en-bd-techno-science-l-univers-l-intelligence-artificielle-daniel-casanave-jean-noel-lafargue-marion-montaigne-hubert-reeves/,https://images.epagine.fr/608/9782803672608_1_m.jpg,0,3,"Neutre, vulgarisation BD.",1,2,non,"Débat utopie/dystopie cité puis livre bifurque vers la création artistique, ton positif.",-1,agent
666,"Glossaire de la collaboration Humain-IA : Les mots pour comprendre, décider et agir avec l'intelligence artificielle",,Nicolas Pourbaix,Books on Demand,,9782322600847,Grand format,9.95 €,19 Mars 2026,https://www.librel.be/livre/9782322600847-glossaire-de-la-collaboration-humain-ia-les-mots-pour-comprendre-decider-et-agir-avec-l-intelligence-artificielle-nicolas-pourbaix/,https://images.epagine.fr/847/9782322600847_1_m.jpg,0,3,"« Collaboration », « comprendre » : neutre, coopératif.",2,2,non,"Dérives par le langage évoquées, mais glossaire pratique et constructif.",-2,agent
667,Le prix de la performance : pas de stratégie d'entreprise sans intelligence artificielle,,Pascal Montagnon,Ma,,9782822407687,Grand format,25.90 €,23 Septembre 2021,https://www.librel.be/livre/9782822407687-le-prix-de-la-performance-pas-de-strategie-d-entreprise-sans-intelligence-artificielle-pascal-montagnon/,https://images.epagine.fr/687/9782822407687_1_m.jpg,1,2,"« Prix » suggère un coût, mais cadre promotionnel d'affaires.",0,3,non,Discours entièrement positif sur l'adoption de l'IA en entreprise.,1,agent
669,Souveraineté linguistique  à l'ère de l'intelligence artificielle : Pour une industrialisation raisonnée  des langues camerounaises,,"Laurain lauras Assipolo nkepseu, Pygmies Editions",Pygmies,,9789956460502,Grand format,38.11 €,23 Juillet 2026,https://www.librel.be/livre/9789956460502-souverainete-linguistique-a-l-ere-de-l-intelligence-artificielle-pour-une-industrialisation-raisonnee-des-langues-camerounaises-laurain-lauras-assipolo-nkepseu-pygmies-editions/,https://images.epagine.fr/502/9789956460502_1_m.jpg,0,3,"Neutre, académique.",2,2,non,Critique du « data colonialism » mais projet constructif de souveraineté linguistique.,-2,agent
674,"La transformation numérique dans la relation de travail : Télétravail, plateformes, intelligence artificielle et droit social européen et international",,Frédéric Robert,Anthemis,,9782807216112,Grand format,92.00 €,6 Octobre 2026,https://www.librel.be/livre/9782807216112-la-transformation-numerique-dans-la-relation-de-travail-teletravail-plateformes-intelligence-artificielle-et-droit-social-europeen-et-international-frederic-robert/,https://images.epagine.fr/no_image.png,0,3,"Neutre, juridique/académique.",0,1,oui,Description vide.,0,agent
675,Augmentus ; chroniques du cyclo-centaure à l'ère de l'intelligence artificielle,,Olivier Silberzahn,Maurice Nadeau,,9782862312767,Grand format,19.00 €,8 Février 2019,https://www.librel.be/livre/9782862312767-augmentus-chroniques-du-cyclo-centaure-a-l-ere-de-l-intelligence-artificielle-olivier-silberzahn/,https://images.epagine.fr/767/9782862312767_1_m.jpg,0,2,"« Chroniques », « cyclo-centaure » : neutre, fantaisiste.",4,2,non,"Récit dystopique : monde terrifiant, remplacement de l'humain, profit pour quelques-uns.",-4,agent
677,L'humain sera-t-il remplacé par l'intelligence artificielle ?,,Fran Valdor,Le Lys Bleu,,9791043755491,Grand format,12.05 €,10 Septembre 2026,https://www.librel.be/livre/9791043755491-l-humain-sera-t-il-remplace-par-l-intelligence-artificielle-fran-valdor/,https://images.epagine.fr/491/9791043755491_1_m.jpg,4,3,"« Remplacé » : menace de remplacement frontale, seul angle du titre.",4,3,non,"Menaces sur emploi, libertés et autonomie développées comme sujet principal.",0,agent
678,Revue d'intelligence artificielle RSTI série RIA volume 32 n° 2 / mars-avril 2018 ; coopération et couplage de modèles dans les systèmes multi-agents,,Collectif,Hermès Science Publications,,9782746248557,Grand format,83.00 €,16 Juillet 2018,https://www.librel.be/livre/9782746248557-revue-d-intelligence-artificielle-rsti-serie-ria-volume-32-n-2-mars-avril-2018-cooperation-et-couplage-de-modeles-dans-les-systemes-multi-agents-collectif/,https://images.epagine.fr/557/9782746248557_1_m.jpg,0,3,"Titre de revue technique, neutre.",0,3,non,"Sommaire académique théorie des jeux multi-agents, neutre.",0,agent
680,Sociétés n.163 : Intelligence Artificielle : imaginaires et perspectives,,Collectif,De Boeck Supérieur,Sociétés,9782807381087,Revue,35.00 €,23 Avril 2024,https://www.librel.be/livre/9782807381087-societes-n-163-intelligence-artificielle-imaginaires-et-perspectives-collectif/,https://images.epagine.fr/087/9782807381087_1_m.jpg,0,3,« Imaginaires et perspectives » : neutre.,5,3,non,"Perte de contrôle, dissolution de l'identité humaine, remplacement par l'IA : thèse totale.",-5,agent
681,Droit du marché unique numérique et intelligence artificielle,,"Céline Castets-Renard, Fabrice Picod",Bruylant,Droit De L'Union Européenne,9782802764465,Grand format,75.00 €,26 Octobre 2020,https://www.librel.be/livre/9782802764465-droit-du-marche-unique-numerique-et-intelligence-artificielle-celine-castets-renard/,https://images.epagine.fr/465/9782802764465_1_m.jpg,0,3,"Neutre, juridique.",0,3,non,"Description institutionnelle/juridique du marché numérique européen, neutre.",0,agent
682,Le communisme de la modernite et le nouveau manifeste : dialogue avec une intelligence artificielle,,André Prone,Éditions L'Harmattan,Questions Contemporaines,9782336424071,Grand format,20.00 €,23 Novembre 2023,https://www.librel.be/livre/9782336424071-le-communisme-de-la-modernite-et-le-nouveau-manifeste-dialogue-avec-une-intelligence-artificielle-andre-prone/,https://images.epagine.fr/071/9782336424071_1_m.jpg,0,2,"« Dialogue » : neutre, philosophique.",0,2,non,"IA outil au service d'un projet politique ; la critique vise le capitalisme, non l'IA.",0,agent
685,Guerres économiques pour l'intelligence artificielle,,"Benoit Berard, Clovis Fayolle, Benoit Pahud",Va Press,Guerre De L'Information,9791093240985,Grand format,29.00 €,25 Avril 2019,https://www.librel.be/livre/9791093240985-guerres-economiques-pour-l-intelligence-artificielle-benoit-berard-clovis-fayolle-benoit-pahud/,https://images.epagine.fr/985/9791093240985_1_m.jpg,4,2,"« Guerres économiques » : métaphore de conflit, angle quasi unique.",1,2,non,Peurs présentées comme fantasmes/perceptions ; objectif pragmatique de souveraineté économique.,3,agent
686,Revue d'intelligence artificielle RSTI série RIA volume 32 n° 3 ; ingénierie des connaissances,,Collectif,Hermès Science Publications,,9782746248588,Grand format,83.00 €,23 Octobre 2018,https://www.librel.be/livre/9782746248588-revue-d-intelligence-artificielle-rsti-serie-ria-volume-32-n-3-ingenierie-des-connaissances-collectif/,https://images.epagine.fr/588/9782746248588_1_m.jpg,0,3,"Titre de revue technique, neutre.",0,3,non,"Sommaire d'articles scientifiques sur les ontologies, neutre.",0,agent
688,"L'INFORMATIQUE DEBRANCHEE (Tome 2) : Activités en parallélisme, sécurité et intelligence artificielle",,Collectif Tangente,Pole,,9782848842561,Grand format,12.00 €,15 Août 2024,https://www.librel.be/livre/9782848842561-l-informatique-debranchee-tome-2-activites-en-parallelisme-securite-et-intelligence-artificielle-collectif-tangente/,https://images.epagine.fr/561/9782848842561_1_m.jpg,0,3,"Neutre, pédagogique/technique.",0,3,non,"Présentation pédagogique de dossiers informatiques (crypto, parallélisme, IA), neutre.",0,agent
689,Le RGPD face aux défis de l'intelligence artificielle,,Yves Poullet,Larcier,Collection Du Crids,9782807924147,Grand format,57.00 €,8 Juin 2020,https://www.librel.be/livre/9782807924147-le-rgpd-face-aux-defis-de-l-intelligence-artificielle-yves-poullet/,https://images.epagine.fr/147/9782807924147_1_m.jpg,1,2,"« Défis » : évocation vague, tension non dramatique.",0,2,non,Analyse réglementaire équilibrée : lacunes et mérites mentionnés sans orientation négative.,1,agent
690,"Mémoires singulieres, mémoires plurielles à l'heure du dataïsme et de l'intelligence artificielle",,Marc-Williams Debono,Éditions L'Harmattan,Colloques & Rencontres,9782343139593,Grand format,27.00 €,12 Février 2018,https://www.librel.be/livre/9782343139593-memoires-singulieres-memoires-plurielles-a-l-heure-du-dataisme-et-de-l-intelligence-artificielle-marc-williams-debono/,https://images.epagine.fr/593/9782343139593_1_m.jpg,0,2,"« Dataïsme » : terme critique mais neutre en soi, académique.",0,2,non,"Essai philosophique sur la mémoire ; IA à peine évoquée, ton neutre.",0,agent
697,IA* *intelligence artificielle (de l'alpha à l'omega),,Robert Charles Puig,Éditions L'Harmattan,,9782343222011,Grand format,24.00 €,1 Avril 2021,https://www.librel.be/livre/9782343222011-ia-intelligence-artificielle-de-l-alpha-a-l-omega-robert-charles-puig/,https://images.epagine.fr/011/9782343222011_1_m.jpg,0,2,"Jeu de mots (« alpha à l'omega »), neutre.",3,2,non,Récit SF : IA-maître réduit les humains en esclavage ; cadrage négatif mais fictionnel et ouvert.,-3,agent
701,INTELLIGENCE ARTIFICIELLE EN CLASSE : 50 STRATÉGIES POUR SOUTENIR L'ENSEIGNEMENT ET L'APPRENTISSAGE,,"Donnie Piercey, Nadine Martel-Octeau",Chenelière,,9782765088042,Grand format,39.00 €,1 Novembre 2025,https://www.librel.be/livre/9782765088042-intelligence-artificielle-en-classe-50-strategies-pour-soutenir-l-enseignement-et-l-apprentissage-donnie-piercey-nadine-martel-octeau/,https://images.epagine.fr/no_image.png,0,3,"« Soutenir l'enseignement » : neutre, pédagogique.",0,2,non,Guide pratique pour enseignants ; appréhension mentionnée puis résolue par des stratégies.,0,agent
703,Futuribles n.453 : Intelligence artificielle : quels freins ?,,Collectif,Futuribles,Futuribles,9782843874680,Revue,22.00 €,28 Février 2023,https://www.librel.be/livre/9782843874680-futuribles-n-453-intelligence-artificielle-quels-freins-collectif/,https://images.epagine.fr/680/9782843874680_1_m.jpg,1,2,"« Quels freins » : question ouverte, sans menace précise.",0,2,non,"Sommaire de revue prospective, sujets variés, neutre.",1,agent
704,Décrochage ; comment l'intelligence artificielle fabrique de nouveaux esclaves,,Romain Kroës,FYP,Essais Critiques,9782364051935,Grand format,20.00 €,17 Janvier 2020,https://www.librel.be/livre/9782364051935-decrochage-comment-l-intelligence-artificielle-fabrique-de-nouveaux-esclaves-romain-kroes/,https://images.epagine.fr/935/9782364051935_1_m.jpg,5,3,"« Nouveaux esclaves » : métaphore d'exploitation frontale, sans ambiguïté.",5,3,non,"Valide la peur de l'automatisation/IA pilotant nos vies, drames aériens à l'appui : thèse centrale.",0,agent
705,"L'intelligence artificielle : Conscience, éthique et régulation",,Thibault Verbiest,LUC PIRE,,9782875422934,Grand format,18.00 €,7 Mars 2024,https://www.librel.be/livre/9782875422934-l-intelligence-artificielle-conscience-ethique-et-regulation-thibault-verbiest/,https://images.epagine.fr/no_image.png,0,3,"« Conscience, éthique, régulation » : neutre, académique.",2,2,non,"Examine risques et opportunités de façon équilibrée, conclut sur des usages positifs.",-2,agent
708,Les robots à l'assaut de la justice ; l'intelligence artificielle au service des justiciables,,"Adrien Van den branden, Alexandre Laurent",Bruylant,,9782802763222,Grand format,36.00 €,1 Février 2019,https://www.librel.be/livre/9782802763222-les-robots-a-l-assaut-de-la-justice-l-intelligence-artificielle-au-service-des-justiciables-adrien-van-den-branden/,https://images.epagine.fr/222/9782802763222_1_m.jpg,3,2,"« À l'assaut » négatif, tempéré par « au service des justiciables ».",3,2,non,"Question ouverte sur la justice algorithmique, invite à la réflexion sans trancher.",0,agent
710,L'intelligence artificielle et le management,,Dominique Monera,Fabert,,9782849225783,Grand format,22.00 €,7 Mars 2019,https://www.librel.be/livre/9782849225783-l-intelligence-artificielle-et-le-management-dominique-monera/,https://images.epagine.fr/783/9782849225783_1_m.jpg,0,3,"Neutre, professionnel.",1,2,non,Menace pour l'emploi citée comme perception répandue ; guide pratique pour dirigeants.,-1,agent
713,L'INTELLIGENCE ARTIFICIELLE EN SANTE-PREVENTION ET VACCINATION-JML 6 VOL 62-2019 : JOURNAL DE MEDECINE LEGALE DROIT MEDICAL N°6 VOL 62-2019-,,Christian Byk & All,Eska,,9782747230001,Revue,60.00 €,5 Mars 2020,https://www.librel.be/livre/9782747230001-l-intelligence-artificielle-en-sante-prevention-et-vaccination-jml-6-vol-62-2019-journal-de-medecine-legale-droit-medical-n-6-vol-62-2019-christian-byk-all/,https://images.epagine.fr/001/9782747230001_1_m.jpg,0,3,"Titre technique/institutionnel neutre, aucune évocation de menace.",0,1,oui,"Description vide, aucun texte à évaluer.",0,agent
714,Digital & intelligence artificielle : outils à valeur ajoutée pour l'acheteur ?,,Ingrid Kobengue,Editions du Panthéon,,9782754751742,Grand format,12.45 €,27 Novembre 2020,https://www.librel.be/livre/9782754751742-digital-intelligence-artificielle-outils-a-valeur-ajoutee-pour-l-acheteur-ingrid-kobengue/,https://images.epagine.fr/742/9782754751742_1_m.jpg,0,3,"Question neutre sur la valeur ajoutée, aucun mot de risque.",0,3,non,Texte entièrement positif sur les gains de la digitalisation et de l'IA pour les achats.,0,agent
715,"Psychologie, intelligence artificielle et automatique",,"Claude Bonnet, Jean-Michel Hoc, Guy Tibergien",Éditions Mardaga,,9782804723545,Grand format,39.99 €,20 Avril 2022,https://www.librel.be/livre/9782804723545-psychologie-intelligence-artificielle-et-automatique-claude-bonnet-jean-michel-hoc-guy-tibergien/,https://images.epagine.fr/545/9782804723545_1_m.jpg,0,3,"Juxtaposition neutre de disciplines, aucune évocation de menace.",0,3,non,Texte académique neutre sur les emprunts conceptuels de la psychologie cognitive à l'IA.,0,agent
717,Tsunamia : Maintenir une haute qualité relationnelle à l'ère de l'intelligence artificielle,,Christophe Médici,Editions Du Cygne,,9782849248430,Grand format,28.00 €,4 Septembre 2025,https://www.librel.be/livre/9782849248430-tsunamia-maintenir-une-haute-qualite-relationnelle-a-l-ere-de-l-intelligence-artificielle-christophe-medici/,https://images.epagine.fr/430/9782849248430_1_m.jpg,2,2,"« Tsunamia » évoque une vague/débordement, tempéré par « qualité relationnelle ».",2,2,non,"Métaphore du tsunami et dangers évoqués, mais discours équilibré entre IA bénéfique et pernicieuse.",0,agent
719,Intelligences artificielles pour modéliser les données météorologiques,,"Hicham El Badaoui, Abdelaziz Abdallaoui",Editions Universitaires Europeennes,,9783639503722,Poche,69.90 €,1 Novembre 2018,https://www.librel.be/livre/9783639503722-intelligences-artificielles-pour-modeliser-les-donnees-meteorologiques-hicham-el-badaoui-abdelaziz-abdallaoui/,https://images.epagine.fr/722/9783639503722_1_m.jpg,0,3,Application technique neutre (météorologie).,0,3,non,"Texte technique sur les réseaux de neurones en météorologie, neutre et explicatif.",0,agent
721,L'intelligence artificielle en procès ; plaidoyer pour une réglementation internationales et européenne,,Yannick Meneceur,Bruylant,Micro Droit/Macro Droit,9782802765882,Grand format,55.00 €,8 Mai 2020,https://www.librel.be/livre/9782802765882-l-intelligence-artificielle-en-proces-plaidoyer-pour-une-reglementation-internationales-et-europeenne-yannick-meneceur/,https://images.epagine.fr/882/9782802765882_1_m.jpg,2,2,"« En procès » suggère une mise en accusation, modérée.",0,2,non,"Ton critique mais analytique : examen technique, politique et juridique, sans thèse de menace.",2,agent
725,Pourra-t-on pirater l'être humain ? intelligence humaine versus intelligence artificielle,,Christian Lexcellent,Cepadues,Editions Du Midi,9782364937710,Grand format,17.00 €,8 Février 2019,https://www.librel.be/livre/9782364937710-pourra-t-on-pirater-l-etre-humain-intelligence-humaine-versus-intelligence-artificielle-christian-lexcellent/,https://images.epagine.fr/710/9782364937710_1_m.jpg,4,2,"« Pirater l'être humain » : menace de violation explicite, en question.",3,2,non,"Question existentielle ouverte sur le remplacement de l'homme par la machine, non tranchée.",1,agent
727,L'esprit en friche : les foisonnements de l'intelligence artificielle,,Daniel Defays,Éditions Mardaga,,9782804722319,Grand format,39.99 €,20 Avril 2022,https://www.librel.be/livre/9782804722319-l-esprit-en-friche-les-foisonnements-de-l-intelligence-artificielle-daniel-defays/,https://images.epagine.fr/319/9782804722319_1_m.jpg,3,2,« Esprit en friche » (déclin) contrasté par « foisonnements ».,0,3,non,Présentation académique neutre des architectures cognitives et de la créativité informatique.,3,agent
728,Intelligence artificielle : défis et perspectives,,"Eric Canal forgues alter, Maïa-Oumeïma Hamrouni",Bruylant,Entertainment & Law,9782802770251,Grand format,61.00 €,27 Septembre 2021,https://www.librel.be/livre/9782802770251-intelligence-artificielle-defis-et-perspectives-eric-canal-forgues-alter-maia-oumeima-hamrouni/,https://images.epagine.fr/251/9782802770251_1_m.jpg,1,2,"« Défis » évoque une difficulté vague, non dramatique.",0,2,non,"Analyse critique et prospective neutre des tendances de l'IA, sans thèse négative.",1,agent
732,L'intelligence artificielle ; de quoi s'agit-il vraiment ?,,Collectif,Cepadues,,9782364938502,Grand format,12.00 €,1 Juillet 2020,https://www.librel.be/livre/9782364938502-l-intelligence-artificielle-de-quoi-s-agit-il-vraiment-collectif/,https://images.epagine.fr/502/9782364938502_1_m.jpg,0,3,"Question neutre, informative.",0,3,non,Introduction pédagogique et neutre à l'intelligence artificielle pour le grand public.,0,agent
733,Modélisation et simulation décisionnelle en politiques publiques : Contribution de l'intelligence artificielle au diagnostic décisionnel et à la transformation,,Ali Guidara,Editions Universitaires Europeennes,,9786138460916,Grand format,76.90 €,1 Avril 2019,https://www.librel.be/livre/9786138460916-modelisation-et-simulation-decisionnelle-en-politiques-publiques-contribution-de-l-intelligence-artificielle-au-diagnostic-decisionnel-et-a-la-transformation-ali-guidara/,https://images.epagine.fr/916/9786138460916_1_m.jpg,0,3,Titre académique neutre.,0,3,non,"Ouvrage académique sur la modélisation décisionnelle par l'IA, neutre et technique.",0,agent
734,"Des véhicules autonomes à l'intelligence artificielle ; droit, politique et éthique",,"Collectif, Christophe Lazaro, Alain Strowel",Larcier,,9782807922136,Grand format,87.00 €,28 Avril 2020,https://www.librel.be/livre/9782807922136-des-vehicules-autonomes-a-l-intelligence-artificielle-droit-politique-et-ethique-collectif-christophe-lazaro-alain-strowel/,https://images.epagine.fr/136/9782807922136_1_m.jpg,0,3,"Titre académique neutre (droit, éthique).",0,2,non,"Analyse juridique et éthique des défis posés par les outils intelligents, ton analytique neutre.",0,agent
735,La médecine du futur ; l'intelligence artificielle au chevet des patients,,Philippe Coucke,Éditions Mardaga,Santé En Soi,9782804708160,Grand format,29.90 €,5 Mars 2020,https://www.librel.be/livre/9782804708160-la-medecine-du-futur-l-intelligence-artificielle-au-chevet-des-patients-philippe-coucke/,https://images.epagine.fr/160/9782804708160_1_m.jpg,0,3,« Au chevet des patients » : image positive de soin.,0,3,non,"Présentation des innovations IA en médecine, ton positif et curieux, question rhétorique finale.",0,agent
738,"Intelligence artificielle, blockchain et technologies quantiques",,Jean-Hervé Lorenzi,Revue Banque,Les Livres Blancs,9782863259726,Grand format,190.00 €,22 Avril 2019,https://www.librel.be/livre/9782863259726-intelligence-artificielle-blockchain-et-technologies-quantiques-jean-herve-lorenzi/,https://images.epagine.fr/726/9782863259726_1_m.jpg,0,3,Juxtaposition technique neutre.,0,3,non,"Livre blanc promotionnel sur l'IA, la blockchain et le quantique, ton positif.",0,agent
739,Manager l'intelligence artificielle - s'adapter aux transformations profondes de notre environnement,,Veyssiere/Robeveille,Gereso,,9782378900816,Grand format,23.00 €,24 Janvier 2019,https://www.librel.be/livre/9782378900816-manager-l-intelligence-artificielle-s-adapter-aux-transformations-profondes-de-notre-environnement-veyssiere-robeveille/,https://images.epagine.fr/816/9782378900816_1_m.jpg,0,3,Titre managérial neutre.,0,1,oui,"Description vide, aucun texte à évaluer.",0,agent
740,Intelligence Artificielle,,Mohammed Rida Nour,Editions Universitaires Europeennes,,9786202541381,Grand format,54.90 €,1 Mars 2021,https://www.librel.be/livre/9786202541381-intelligence-artificielle-mohammed-rida-nour/,https://images.epagine.fr/381/9786202541381_1_m.jpg,0,3,"Titre nu, neutre.",4,2,non,Disparition de métiers et guerre technologique hégémonique/cybercolonisatrice entre puissances : thèse de domination.,-4,agent
741,Intelligence(s) artificielle(s) et vulnerabilite(s) : kaleidoscope - les contreforts de l ethique et,,Piatti M-C.,Archives Contemporaines,,9782813003874,Grand format,34.00 €,1 Décembre 2020,https://www.librel.be/livre/9782813003874-intelligence-s-artificielle-s-et-vulnerabilite-s-kaleidoscope-les-contreforts-de-l-ethique-et-piatti-m-c/,https://images.epagine.fr/874/9782813003874_1_m.jpg,2,2,« Vulnérabilité(s) » : mot de risque mais cadre académique/éthique.,0,1,oui,"Description vide, aucun texte à évaluer.",2,agent
742,Ethique de l'intelligence artificielle/abandon,,Vamparys Xavier,Maxima,,9782818810514,Grand format,28.80 €,31 Août 2021,https://www.librel.be/livre/9782818810514-ethique-de-l-intelligence-artificielle-abandon-vamparys-xavier/,https://images.epagine.fr/no_image.png,1,1,"« Abandon » suggère une perte, sens ambigu dans ce titre tronqué.",0,3,non,"Présentation académique des solutions et de la gouvernance pour une IA éthique, ton constructif.",1,agent
743,L'intelligence artificielle ; notre meilleur espoir,,"Badr Boussabat, Bruno Colmant",LUC PIRE,,9782875422064,Grand format,18.00 €,9 Juin 2020,https://www.librel.be/livre/9782875422064-l-intelligence-artificielle-notre-meilleur-espoir-badr-boussabat/,https://images.epagine.fr/064/9782875422064_1_m.jpg,0,3,« Notre meilleur espoir » : promesse explicitement positive.,0,3,non,"Ton optimiste, espoir explicite, aucune orientation négative, croissance éternelle promise.",0,agent
744,L'intelligence artificielle : ses enjeux en droit civil europeen,,Petrelluzzi Julia,Editions Universitaires Europeennes,,9783330872653,Grand format,36.90 €,18 Août 2017,https://www.librel.be/livre/9783330872653-l-intelligence-artificielle-ses-enjeux-en-droit-civil-europeen-petrelluzzi-julia/,https://images.epagine.fr/653/9783330872653_1_m.jpg,0,3,"« Enjeux en droit civil » : neutre, académique.",0,3,non,"Description juridique neutre sur la personnalité des robots, aucun cadrage négatif.",0,agent
746,Le chercheur de Genève : l'intelligence artificielle permettra-t-elle de conserver l'humain ?,,Roger Kantin,Les Trois Colonnes,,9782383265900,Grand format,17.10 €,1 Avril 2022,https://www.librel.be/livre/9782383265900-le-chercheur-de-geneve-l-intelligence-artificielle-permettra-t-elle-de-conserver-l-humain-roger-kantin/,https://images.epagine.fr/900/9782383265900_1_m.jpg,1,2,"Question sur « conserver l'humain » via l'IA, positive et vague.",2,2,non,"Roman thriller posant une question ouverte homme/contrôle, ambiguïté non tranchée en thèse.",-1,agent
747,Intelligence artificielle & démocratie,,Pierre-Alain Raphan,Librinova,,9791026256748,Grand format,14.90 €,15 Juin 2020,https://www.librel.be/livre/9791026256748-intelligence-artificielle-democratie-pierre-alain-raphan/,https://images.epagine.fr/748/9791026256748_1_m.jpg,0,3,"Neutre, juxtaposition IA/démocratie.",4,2,non,"Critique développée du pouvoir des oligopoles sur la démocratie, appel à agir.",-4,agent
748,"Intelligence artificielle, métavers, robots... : comment piloter l'entreprise 4.0",,"Collectif, Pascal Montagnon",Ma,,9782822410274,Grand format,25.90 €,23 Février 2023,https://www.librel.be/livre/9782822410274-intelligence-artificielle-metavers-robots-comment-piloter-l-entreprise-4-0-collectif-pascal-montagnon/,https://images.epagine.fr/274/9782822410274_1_m.jpg,0,3,Titre managérial neutre (entreprise 4.0).,0,3,non,Présentation entièrement positive de la transformation digitale de l'entreprise.,0,agent
749,Un monde meilleur ; et si l'intelligence artificielle humanisait notre avenir ?,,Hervé Cuillandre,Maxima,,9782840019480,Grand format,25.70 €,5 Avril 2018,https://www.librel.be/livre/9782840019480-un-monde-meilleur-et-si-l-intelligence-artificielle-humanisait-notre-avenir-herve-cuillandre/,https://images.epagine.fr/480/9782840019480_1_m.jpg,0,3,"« Un monde meilleur », « humanisait » : explicitement positif.",1,3,non,Rejette explicitement la « vision apocalyptique » ; machine présentée comme partenaire.,-1,agent
750,L'intelligence artificielle par la pratique,,"Michael Schumacher, Boi Faltings",PPUR,Metis Lyontech,9782889150755,Grand format,49.50 €,1 Juin 2017,https://www.librel.be/livre/9782889150755-l-intelligence-artificielle-par-la-pratique-2e-edition-michael-schumacher-boi-faltings/,https://images.epagine.fr/755/9782889150755_1_m.jpg,0,3,"Neutre, pratique.",0,3,non,Manuel académique neutre sur les bases de l'IA.,0,agent
751,Intelligence Artificielle et Marches financiers : Approche prospective des dérives potentielles,,Tabary,Editions Universitaires Europeennes,,9783841734198,Grand format,39.90 €,1 Décembre 2018,https://www.librel.be/livre/9783841734198-intelligence-artificielle-et-marches-financiers-approche-prospective-des-derives-potentielles-tabary/,https://images.epagine.fr/198/9783841734198_1_m.jpg,2,2,"« Dérives potentielles » : mot de risque, modéré, académique.",1,2,non,"Analyse balancée des risques et avantages d'une IA autonome, débat ouvert.",1,agent
753,"Intelligence Artificielle, Communication Artificielle ? Un décryptage inédit sur l'enjeu majeur du XXIe siècle",,"Collectif, Gilles Wybo, Matthias Leridon",Nouveaux Debats Publics,,9782385950118,Grand format,18.00 €,30 Octobre 2025,https://www.librel.be/livre/9782385950118-intelligence-artificielle-communication-artificielle-un-decryptage-inedit-sur-l-enjeu-majeur-du-xxie-siecle-collectif/,https://images.epagine.fr/118/9782385950118_1_m.jpg,0,2,"Titre analytique/interrogatif, aucun mot de menace fort.",2,2,non,"Enjeux (désinformation, éthique) évoqués parmi d'autres, conclusion positive et mesurée.",-2,agent
754,"Un discours de la méthode au XXIe siècle : risques et limites de l'""intelligence artificielle""",,William Fauriat,Librinova,,9791040502654,Grand format,15.90 €,8 Mars 2022,https://www.librel.be/livre/9791040502654-un-discours-de-la-methode-au-xxie-siecle-risques-et-limites-de-l-intelligence-artificielle-william-fauriat/,https://images.epagine.fr/654/9791040502654_1_m.jpg,2,3,« Risques et limites » explicites mais cadre académique non dramatique.,0,2,non,IA mentionnée en fin de propos philosophique neutre sur la décision.,2,agent
755,"Futuribles 426, septembre-octobre 2018. L'intelligence artificielle : Entreprise et bien commun",,"Marthe De La Taille-Rivero, Hubert Landier, André-yves Portnoff, Jean-Francois Soupizet, Henri Wallard",Futuribles,,9782843874390,Grand format,22.00 €,29 Août 2018,https://www.librel.be/livre/9782843874390-futuribles-426-septembre-octobre-2018-l-intelligence-artificielle-entreprise-et-bien-commun-marthe-de-la-taille-rivero-hubert-landier-andre-yves-portnoff-jean-francois-soupizet-henri-wallard/,https://images.epagine.fr/390/9782843874390_1_m.jpg,0,3,Titre de revue neutre (entreprise et bien commun).,0,2,non,"Sommaire de revue listant un article « opportunités et risques », neutre.",0,agent
758,Intelligence artificielle appliquée aux jeux vidéos,,"Olivier Georget, Davy Gertrude",Editions Universitaires Europeennes,,9783841775085,Poche,49.90 €,1 Novembre 2018,https://www.librel.be/livre/9783841775085-intelligence-artificielle-appliquee-aux-jeux-videos-olivier-georget-davy-gertrude/,https://images.epagine.fr/085/9783841775085_1_m.jpg,0,3,"Neutre, application ludique (jeux vidéo).",0,3,non,"Description technique de l'apprentissage automatique appliqué aux jeux vidéo, neutre.",0,agent
759,GPTizeME : Le journaliste est-il condamné par  l'intelligence artificielle ?,,Christophe Charlot,Chronica,,9782931115640,Grand format,16.00 €,20 Novembre 2025,https://www.librel.be/livre/9782931115640-gptizeme-le-journaliste-est-il-condamne-par-l-intelligence-artificielle-christophe-charlot/,https://images.epagine.fr/640/9782931115640_1_m.jpg,4,3,"« Condamné » : menace de remplacement professionnel, quasi frontale.",2,2,non,"Enquête sur le journalisme et l'IA, ton léger et autodérision, résolution constructive.",2,agent
760,"Éthique, politique, religions n.22 : L'éthique de l'intelligence artificielle à travers les dispositifs et les pouvoirs",,Collectif,Classiques Garnier,"Éthique, Politique, Religions",9782406150534,Revue,23.00 €,19 Juillet 2023,https://www.librel.be/livre/9782406150534-ethique-politique-religions-n-22-l-ethique-de-l-intelligence-artificielle-a-travers-les-dispositifs-et-les-pouvoirs-collectif/,https://images.epagine.fr/534/9782406150534_1_m.jpg,0,3,"Neutre, académique (dispositifs, pouvoirs).",0,3,non,"Présentation institutionnelle d'une revue philosophique, sans lien direct à une menace IA.",0,agent
761,L'Intelligence artificielle autonome,,Julien Dias,Librinova,,9791040568544,Grand format,19.00 €,1 Octobre 2025,https://www.librel.be/livre/9791040568544-l-intelligence-artificielle-autonome-julien-dias/,https://images.epagine.fr/544/9791040568544_1_m.jpg,0,2,"« Autonome » descriptif technique, pas un mot de menace direct.",1,2,non,"Roman SF posant une question ouverte salut/chute de l'humanité, non tranchée.",-1,agent
762,Intelligence artificielle,,"Collectif, Jean-Pierre Raffarin",GINKGO,Fondation Prospective Et Innovation,9782846794756,Grand format,10.00 €,3 Février 2021,https://www.librel.be/livre/9782846794756-intelligence-artificielle-collectif/,https://images.epagine.fr/756/9782846794756_1_m.jpg,0,3,"Titre nu, neutre.",2,2,non,"Exposé équilibré des enjeux IA, citation Hawking appelant à la vigilance.",-2,agent
764,60 min pour comprendre : Intelligences Artificielles,,Franck Franchin,Advixo,60 Min Pour Comprendre,9782940822294,Grand format,14.00 €,4 Février 2026,https://www.librel.be/livre/9782940822294-60-min-pour-comprendre-intelligences-artificielles-franck-franchin/,https://images.epagine.fr/294/9782940822294_1_m.jpg,0,3,"Neutre, pédagogique.",1,2,non,Panorama pédagogique de l'IA ; question emploi/asservissement parmi d'autres questions neutres.,-1,agent
768,Votre intelligence est humaine : Elle est sans limites Elle n'est en rien artificielle,,Jean Ducoulombier,Verone,,9791042310165,Grand format,10.55 €,10 Juillet 2025,https://www.librel.be/livre/9791042310165-votre-intelligence-est-humaine-elle-est-sans-limites-elle-n-est-en-rien-artificielle-jean-ducoulombier/,https://images.epagine.fr/165/9791042310165_1_m.jpg,0,3,Affirme l'inverse d'une menace : l'humain « sans limites ».,3,2,non,"Essai appelant à limiter le « prêt-à-penser » algorithmique, critique mesurée mais réelle.",-3,agent
771,Métamorphoses à l'ère de l'intelligence artificielle 25.1,,Collectif,The Next Mind,,9782959675928,Grand format,28.00 €,28 Mai 2025,https://www.librel.be/livre/9782959675928-metamorphoses-a-l-ere-de-l-intelligence-artificielle-25-1-collectif/,https://images.epagine.fr/928/9782959675928_1_m.jpg,1,1,"« Métamorphoses » évoque un changement vague, sans menace nommée.",0,2,non,Texte promotionnel générique sans contenu développé sur une menace.,1,agent
772,Intelligence artificielle: détection des fraudes douanières,,Efoe Sossou,Editions Universitaires Europeennes,,9786138448945,Poche,54.90 €,1 Avril 2019,https://www.librel.be/livre/9786138448945-intelligence-artificielle-detection-des-fraudes-douanieres-efoe-sossou/,https://images.epagine.fr/945/9786138448945_1_m.jpg,0,3,"Usage protecteur de l'IA (détection de fraude), pas une menace.",0,3,non,"Étude technique sur la détection de fraude douanière par IA, neutre.",0,agent
773,Supervision des processus industriels par l'intelligence artificielle,,Imad Manssouri,Editions Universitaires Europeennes,,9786202541275,Grand format,82.90 €,25 Janvier 2022,https://www.librel.be/livre/9786202541275-supervision-des-processus-industriels-par-l-intelligence-artificielle-imad-manssouri/,https://images.epagine.fr/275/9786202541275_1_m.jpg,0,3,"Neutre, terme technique « supervision des processus industriels ».",0,3,non,"Étude technique de classification neuronale, purement académique, aucune orientation négative.",0,agent
774,L'intelligence artificielle pour les développeurs ; concepts et implémentations en C#,,Virginie Mathivet,Eni,Datapro,9782409011405,Grand format,45.00 €,13 Décembre 2017,https://www.librel.be/livre/9782409011405-l-intelligence-artificielle-pour-les-developpeurs-concepts-et-implementations-en-c-2e-edition-virginie-mathivet/,https://images.epagine.fr/405/9782409011405_1_m.jpg,0,3,"Neutre, guide technique pour développeurs.",0,3,non,"Guide technique de programmation IA pour développeurs, ton neutre et pédagogique.",0,agent
775,Intelligence Artificielle Déviante,,Frédéric A. Roussel,Verone,,9791042316136,Grand format,10.55 €,26 Juin 2026,https://www.librel.be/livre/9791042316136-intelligence-artificielle-deviante-frederic-a-roussel/,https://images.epagine.fr/136/9791042316136_1_m.jpg,4,2,"« Déviante » qualifie frontalement l'IA, seul angle du titre.",4,2,non,IA incontrôlable menaçant de décider du destin de l'humanité : menace centrale du récit.,0,agent
776,"Concours ADELI de la meilleure nouvelle d'anticipation sur l'intelligence artificielle, édition 2021",,Adeli association,Books on Demand,,9782951789937,Grand format,8.50 €,4 Janvier 2022,https://www.librel.be/livre/9782951789937-concours-adeli-de-la-meilleure-nouvelle-d-anticipation-sur-l-intelligence-artificielle-edition-2021-adeli-association/,https://images.epagine.fr/937/9782951789937_1_m.jpg,0,3,"Neutre, concours littéraire d'anticipation.",0,3,non,"Présentation neutre d'un concours de nouvelles d'anticipation, sans thèse négative.",0,agent
778,Métamorphoses à l'ère de l'intelligence artificielle 25.2 : Métamorphoses à l'ère de l'intelligence,,Stéphane Amarsy,The Next Mind,,9782959675935,Grand format,28.00 €,12 Décembre 2025,https://www.librel.be/livre/9782959675935-metamorphoses-a-l-ere-de-l-intelligence-artificielle-25-2-metamorphoses-a-l-ere-de-l-intelligence-stephane-amarsy/,https://images.epagine.fr/935/9782959675935_1_m.jpg,0,3,"Neutre, « métamorphoses » sans mot de menace.",1,2,non,"Alarmiste sur l'inertie humaine et organisationnelle, pas sur l'IA comme menace.",-1,agent
779,L'intelligence Artificielle au service des Urgences Hospitalières,,Sébastien Schueller,Editions Universitaires Europeennes,,9786138491965,Grand format,39.90 €,1 Juillet 2019,https://www.librel.be/livre/9786138491965-l-intelligence-artificielle-au-service-des-urgences-hospitalieres-sebastien-schueller/,https://images.epagine.fr/965/9786138491965_1_m.jpg,0,3,« Au service de » : cadre positif/utilitaire.,0,3,non,"Texte sans rapport avec l'IA, sujet des urgences hospitalières.",0,agent
780,Intelligence artificielle : Syllabus Windows,,,Editions Universitaires Europeennes,,9786139523726,Grand format,39.90 €,25 Janvier 2022,https://www.librel.be/livre/9786139523726-intelligence-artificielle-syllabus-windows/,https://images.epagine.fr/726/9786139523726_1_m.jpg,0,3,"Neutre, support de cours technique.",0,1,oui,Description vide.,0,agent
781,C# et AWS ; coffret de 2 livres : exploitation des services cognitifs pour l'intelligence artificielle,,"Marc Israël, Sébastien Putier",Eni,Coffret Expert,9782409026713,Grand format,77.90 €,16 Septembre 2020,https://www.librel.be/livre/9782409026713-c-et-aws-coffret-de-2-livres-exploitation-des-services-cognitifs-pour-l-intelligence-artificielle-marc-israel-sebastien-putier/,https://images.epagine.fr/713/9782409026713_1_m.jpg,0,3,"« Exploitation » = usage technique, pas de menace.",0,3,non,"Présentation pratique de manuels techniques C#/AWS, entièrement neutre.",0,agent
782,Les métiers de l'intelligence artificielle,,Fabrice Mateo,L'Étudiant,,9782380151442,Grand format,13.90 €,5 Novembre 2020,https://www.librel.be/livre/9782380151442-les-metiers-de-l-intelligence-artificielle-fabrice-mateo/,https://images.epagine.fr/442/9782380151442_1_m.jpg,0,3,"Neutre, présentation de métiers.",1,2,non,« Métiers menacés » cité parmi des questions pratiques équilibrées sur les carrières IA.,-1,agent
785,"Métamorphoses 26.1 : À l'ère de l'intelligence artificielle, comment l'humain se reconfigure-t-il au coeur du basculement ?",,Stéphane Amarsy,The Next Mind,,9782959675942,Grand format,28.00 €,19 Juin 2026,https://www.librel.be/livre/9782959675942-metamorphoses-26-1-a-l-ere-de-l-intelligence-artificielle-comment-l-humain-se-reconfigure-t-il-au-coeur-du-basculement-stephane-amarsy/,https://images.epagine.fr/942/9782959675942_1_m.jpg,2,2,"« Basculement » évoque une incertitude modérée, non dramatique.",3,2,non,« Contrat social brisé » et enjeux critiques posés comme sujets de réflexion ouverte.,-1,agent
786,Des outils de l'intelligence artificielle dans la robotique mobile,,Fatma Boufera,Editions Universitaires Europeennes,,9786202266260,Grand format,49.90 €,1 Février 2018,https://www.librel.be/livre/9786202266260-des-outils-de-l-intelligence-artificielle-dans-la-robotique-mobile-fatma-boufera/,https://images.epagine.fr/260/9786202266260_1_m.jpg,0,3,"Neutre, technique robotique.",0,3,non,"Thèse technique sur la navigation robotique autonome, purement académique.",0,agent
787,L'intelligence artificielle de a a z,,Raphan Pierre-Alain,Librinova,,9791026284338,Grand format,19.90 €,10 Septembre 2021,https://www.librel.be/livre/9791026284338-l-intelligence-artificielle-de-a-a-z-raphan-pierre-alain/,https://images.epagine.fr/338/9791026284338_1_m.jpg,0,3,"Neutre, guide généraliste.",4,2,non,"Oligopoles manipulant les citoyens, équilibre des pouvoirs perturbé : critique développée et dominante.",-4,agent
789,"Le luxe à l'horizon 2030 : Création, marques et leadership à l'ère de l'intelligence artificielle",,Yves Hanania,Dunod,,9782100895205,Grand format,24.10 €,28 Octobre 2026,https://www.librel.be/livre/9782100895205-le-luxe-a-l-horizon-2030-creation-marques-et-leadership-a-l-ere-de-l-intelligence-artificielle-yves-hanania/,https://images.epagine.fr/no_image.png,0,3,"Neutre, prospective business/luxe.",0,3,non,"Analyse prospective du luxe, IA présentée comme bouleversant et enrichissant, ton neutre.",0,agent
790,150 idees de business avec l'intelligence artificielle,,Mike/Ivy,Miguel Marie,,9798399376936,Grand format,21.00 €,22 Juin 2023,https://www.librel.be/livre/9798399376936-150-idees-de-business-avec-l-intelligence-artificielle-mike-ivy/,https://images.epagine.fr/no_image.png,0,3,"Neutre, opportunités business.",0,1,oui,Description vide.,0,agent
792,Commande DTC par l'intelligence artificielle d'une machine asynchrone : Commande directe du couple par l'intelligence artificielle d'un moteur asynchrone à forte puissance,,Habib Benbouhenni,Editions Universitaires Europeennes,,9786139532230,Poche,54.90 €,25 Janvier 2022,https://www.librel.be/livre/9786139532230-commande-dtc-par-l-intelligence-artificielle-d-une-machine-asynchrone-commande-directe-du-couple-par-l-intelligence-artificielle-d-un-moteur-asynchrone-a-forte-puissance-habib-benbouhenni/,https://images.epagine.fr/230/9786139532230_1_m.jpg,0,3,"Neutre, technique électrotechnique.",0,3,non,"Étude technique de commande directe du couple par réseaux de neurones, neutre.",0,agent
793,Intelligence artificielle et Internet des Objets dans le bloc du futur,,Sylvain Beorchia,Editions Universitaires Europeennes,,9786202286985,Grand format,39.90 €,1 Septembre 2018,https://www.librel.be/livre/9786202286985-intelligence-artificielle-et-internet-des-objets-dans-le-bloc-du-futur-sylvain-beorchia/,https://images.epagine.fr/985/9786202286985_1_m.jpg,0,3,"Neutre, technique IoT.",0,3,non,"IA présentée comme facilitant le travail des endoscopistes, ton positif et technique.",0,agent
794,"Mots, les langages du politique n.139/2025 : Discours sur les enjeux éthiques de l'intelligence artificielle",,Julien Auboussier,Ens Lyon,"Mots, Les Langages Du Politique",9791036209482,Revue,20.00 €,17 Février 2026,https://www.librel.be/livre/9791036209482-mots-les-langages-du-politique-n-139-2025-discours-sur-les-enjeux-ethiques-de-l-intelligence-artificielle-julien-auboussier/,https://images.epagine.fr/482/9791036209482_1_m.jpg,1,2,"« Enjeux éthiques » vague, sans mot de menace fort.",0,3,non,Analyse universitaire neutre des discours sur l'éthique de l'IA.,1,agent
795,La boîte à quiz ; intelligence artificielle,,"Aurélie Jean, Amélia Matar",Marabout,,9782501145206,Grand format,10.90 €,25 Septembre 2019,https://www.librel.be/livre/9782501145206-la-boite-a-quiz-intelligence-artificielle-aurelie-jean-amelia-matar/,https://images.epagine.fr/206/9782501145206_1_m.jpg,0,3,"Neutre, jeu de quiz.",0,3,non,"Jeu de quiz sur l'IA et la robotique, ton ludique neutre.",0,agent
796,Intelligence artificielle et modélisation du risque de crédit,,Karim Amzile,Éditions L'Harmattan,L'Esprit Économique ; Série Cours Principaux,9782140311741,Grand format,29.00 €,24 Juillet 2023,https://www.librel.be/livre/9782140311741-intelligence-artificielle-et-modelisation-du-risque-de-credit-karim-amzile/,https://images.epagine.fr/741/9782140311741_1_m.jpg,0,3,"« Risque de crédit » = terme financier neutre, pas menace IA.",0,3,non,"Étude comparative de méthodes IA pour le risque de crédit, purement méthodologique.",0,agent
797,Taxer l'intelligence artificielle,,Xavier Oberson,Bsn Press,,9782940516360,Grand format,27.00 €,22 Mai 2025,https://www.librel.be/livre/9782940516360-taxer-l-intelligence-artificielle-xavier-oberson/,https://images.epagine.fr/360/9782940516360_1_m.jpg,2,2,"« Taxer » suggère un encadrement, incertitude modérée non dramatique.",0,3,non,"Analyse juridico-économique de la taxation de l'IA, ton académique neutre.",2,agent
799,The soccer interplanétaire : L'intelligence artificielle face à l'intelligence humaine,,Erdal Yagbasan,Les Trois Colonnes,,9791040619499,Grand format,17.10 €,7 Septembre 2025,https://www.librel.be/livre/9791040619499-the-soccer-interplanetaire-l-intelligence-artificielle-face-a-l-intelligence-humaine-erdal-yagbasan/,https://images.epagine.fr/499/9791040619499_1_m.jpg,2,2,"« Face à » : confrontation modérée IA/humain, ton ludique.",0,3,non,"Récit inspirant sur le sport virtuel et la résilience, IA entièrement positive.",2,agent
800,Vision du prochain niveau en matiere d'intelligence artificielle - modelisation du concept d'ia avan,,Sadique Shaikh Anwar,Editions Universitaires Europeennes,,9786139545872,Grand format,39.90 €,1 Avril 2020,https://www.librel.be/livre/9786139545872-vision-du-prochain-niveau-en-matiere-d-intelligence-artificielle-modelisation-du-concept-d-ia-avan-sadique-shaikh-anwar/,https://images.epagine.fr/no_image.png,0,3,"Neutre, terme prospectif technique.",0,3,non,"Vision futuriste enthousiaste de l'IA transformant l'humanité, ton célébratoire.",0,agent
801,Organic AI : Comment les stratégies de la nature peuvent révolutionner l'intelligence artificielle,,Bruno Maisonnier,Hermann,,9791037039606,Grand format,17.10 €,6 Décembre 2024,https://www.librel.be/livre/9791037039606-organic-ai-comment-les-strategies-de-la-nature-peuvent-revolutionner-l-intelligence-artificielle-bruno-maisonnier/,https://images.epagine.fr/606/9791037039606_1_m.jpg,0,3,"« Révolutionner » : positif, aucune menace.",0,3,non,"Approche constructive d'une IA plus légère inspirée du vivant, ton positif.",0,agent
802,Comment apprendre a travailler avec l'intelligence artificielle - horizons publics no 10 juillet-aou,,Berger-Levrault,Berger-Levrault,,9782701320441,Revue,29.90 €,20 Mai 2021,https://www.librel.be/livre/9782701320441-comment-apprendre-a-travailler-avec-l-intelligence-artificielle-horizons-publics-no-10-juillet-aou-berger-levrault/,https://images.epagine.fr/441/9782701320441_1_m.jpg,0,3,"Neutre, guide pratique.",0,1,oui,Description vide.,0,agent
803,Intelligence artificielle et assurances : Perspectives et défis à travers l'exemple de l'Ouzbékistan,,"Rustam Azimov, Christophe Trontin",Éditions L'Harmattan,Asie Centrale : Souffles D'Un Monde,9782336646886,Grand format,28.00 €,1 Septembre 2026,https://www.librel.be/livre/9782336646886-intelligence-artificielle-et-assurances-perspectives-et-defis-a-travers-l-exemple-de-l-ouzbekistan-rustam-azimov/,https://images.epagine.fr/886/9782336646886_1_m.jpg,1,2,"« Défis » vague, non dramatique, cadre académique.",0,3,non,"Description factuelle sur l'IA en assurance, aucun cadrage négatif.",1,agent
804,"Comment lutter contre le cancer grâce à l'Intelligence Artificielle : Innovations, prévention, diagnostic et perspectives thérapeutiques",,Jean Feder Maison,Bookmundo,,9789403928708,Poche,50.50 €,20 Août 2026,https://www.librel.be/livre/9789403928708-comment-lutter-contre-le-cancer-grace-a-l-intelligence-artificielle-innovations-prevention-diagnostic-et-perspectives-therapeutiques-jean-feder-maison/,https://images.epagine.fr/708/9789403928708_1_m.jpg,0,3,"« Lutter contre le cancer » : IA alliée, positif.",0,3,non,"IA en oncologie très positive, éthique mentionnée seulement en passant.",0,agent
806,Intelligence artificielle & droits fondamentaux,,"Vanessa Barbé, Stéphanie Mauclair",Epitoge,L'Unité Du Droit,9791092684438,Grand format,25.00 €,18 Octobre 2022,https://www.librel.be/livre/9791092684438-intelligence-artificielle-droits-fondamentaux-vanessa-barbe-stephanie-mauclair/,https://images.epagine.fr/438/9791092684438_1_m.jpg,1,2,"Juxtaposition neutre avec « droits fondamentaux », pas de menace nommée.",3,2,non,"Inquiétudes sur droits fondamentaux analysées juridiquement, question ouverte multidisciplinaire.",-2,agent
807,L'avocat face a l'intelligence artificielle,,Hawadier Bernard,Librinova,,9791026217602,Grand format,16.90 €,17 Avril 2018,https://www.librel.be/livre/9791026217602-l-avocat-face-a-l-intelligence-artificielle-hawadier-bernard/,https://images.epagine.fr/602/9791026217602_1_m.jpg,2,2,"« Face à » suggère un défi professionnel, sans menace nommée.",0,1,oui,Description vide.,2,agent
808,Concours scolaire ADELI de la meilleure nouvelle d'anticipation sur l'intelligence artificielle : Texte des 11 nouvelles sélectionnées dans le cadre du concours scolaire ADELI 2025,,Explorateurs Des Espaces Numériqu Adeli,Books on Demand,,9782488915007,Grand format,10.00 €,21 Juillet 2026,https://www.librel.be/livre/9782488915007-concours-scolaire-adeli-de-la-meilleure-nouvelle-d-anticipation-sur-l-intelligence-artificielle-texte-des-11-nouvelles-selectionnees-dans-le-cadre-du-concours-scolaire-adeli-2025-explorateurs-des-espa/,https://images.epagine.fr/007/9782488915007_1_m.jpg,0,3,"Neutre, concours scolaire littéraire.",0,3,non,"Concours scolaire créatif sur l'IA, ton pédagogique et positif.",0,agent
809,"Les z'infos ; l'intelligence artificielle, c'est quoi ?",,Collectif,Éditions Ouest-France,,9782737383380,Grand format,9.00 €,29 Mai 2020,https://www.librel.be/livre/9782737383380-les-z-infos-l-intelligence-artificielle-c-est-quoi-collectif/,https://images.epagine.fr/380/9782737383380_1_m.jpg,0,3,"Neutre, contenu jeunesse explicatif.",1,2,non,Peur évoquée puis contrebalancée par plaisir ; format ludique léger.,-1,agent
810,À faire peur - Une intelligence pas si artificielle,,"Lylian, Ingrid Chabbert, Paul Drouin, Arianna Farricella, Lorien",Soleil,,9782302109049,Grand format,11.50 €,8 Octobre 2026,https://www.librel.be/livre/9782302109049-a-faire-peur-une-intelligence-pas-si-artificielle-lylian-ingrid-chabbert-paul-drouin-arianna-farricella/,https://images.epagine.fr/049/9782302109049_1_m.jpg,4,2,"« À faire peur » : peur explicite et centrale, sans détour.",4,2,non,Pacte avec l'IA mène à un chemin dangereux ; thriller jeunesse centré sur le danger.,0,agent
811,"Art et societe, a l'ere de l'intelligence artificielle",,Moulon Dominique,Nouvelles éditions Scala,,9782359883442,Grand format,35.00 €,6 Novembre 2026,https://www.librel.be/livre/9782359883442-art-et-societe-a-l-ere-de-l-intelligence-artificielle-moulon-dominique/,https://images.epagine.fr/no_image.png,0,3,"Neutre, cadre académique art/société.",1,2,non,"Dérives évoquées mais lecture artistique sensible, pas de thèse de menace.",-1,agent
814,"La grande mutation de l'homme ; individualisme, transhumanisme, biotechnologie, intelligence artificielle en effervescence",,Christian Hortus,Librinova,,9791026229360,Grand format,21.90 €,2 Juillet 2019,https://www.librel.be/livre/9791026229360-la-grande-mutation-de-l-homme-individualisme-transhumanisme-biotechnologie-intelligence-artificielle-en-effervescence-christian-hortus/,https://images.epagine.fr/360/9791026229360_1_m.jpg,1,2,"« Mutation » et « effervescence » : changement vague, non menaçant.",3,2,non,"Portrait alarmant explicite sur mutations sociétales incluant l'IA, questions ouvertes.",-2,agent
818,"L'humain au temps de l'intelligence artificielle - enjeux ethiques, sociaux et spirituels",,Centre Teilhard De C,Saint-Leger,,9782385227432,Grand format,20.00 €,22 Octobre 2026,https://www.librel.be/livre/9782385227432-l-humain-au-temps-de-l-intelligence-artificielle-enjeux-ethiques-sociaux-et-spirituels-centre-teilhard-de-c/,https://images.epagine.fr/no_image.png,1,2,"« Enjeux éthiques, sociaux et spirituels » : vague, non alarmant.",0,1,oui,Description vide.,1,agent
820,"Gouvernance et audit de l'intelligence artificielle et ses outils. : Gouvernance, Risques, Conformité, Audit de l'IA.",,Pierre érol Giraudy,Books on Demand,,9782322855971,Grand format,21.99 €,20 Juillet 2026,https://www.librel.be/livre/9782322855971-gouvernance-et-audit-de-l-intelligence-artificielle-et-ses-outils-gouvernance-risques-conformite-audit-de-l-ia-pierre-erol-giraudy/,https://images.epagine.fr/971/9782322855971_1_m.jpg,1,2,"« Risques » noyé dans sigle GRC administratif, non dramatique.",2,2,non,Risques de conformité réels mais traités par méthode pratique de gouvernance.,-1,agent
821,La gouvernance augmentée : Combiner intelligence humaine et intelligence artificielle,,Eric Georget,Librinova,,9791040596011,Grand format,19.00 €,8 Décembre 2025,https://www.librel.be/livre/9791040596011-la-gouvernance-augmentee-combiner-intelligence-humaine-et-intelligence-artificielle-eric-georget/,https://images.epagine.fr/011/9791040596011_1_m.jpg,0,3,"« Augmentée », « combiner » : positif, collaboration.",0,3,non,"IA présentée comme augmentant le dirigeant, vigilance éthique en passant.",0,agent
822,L'IA démystifiée : Déployez tout le potentiel de l'intelligence artificielle au travail,,Antonio Weiss,Pearson,,9782744069154,Grand format,28.00 €,2 Octobre 2026,https://www.librel.be/livre/9782744069154-l-ia-demystifiee-deployez-tout-le-potentiel-de-l-intelligence-artificielle-au-travail-antonio-weiss/,https://images.epagine.fr/154/9782744069154_1_m.jpg,0,3,"« Démystifiée », « potentiel » : rassurant, positif.",1,3,non,"Menace sur le travail évoquée puis pivot vers profits, ton pratique dominant.",-1,agent
824,Le guide de l'intelligence artificielle au travail,,Franca Salis-madinier,Eyrolles,,9782416004766,Grand format,25.00 €,6 Janvier 2022,https://www.librel.be/livre/9782416004766-le-guide-de-l-intelligence-artificielle-au-travail-franca-salis-madinier/,https://images.epagine.fr/766/9782416004766_1_m.jpg,0,3,"Neutre, guide pratique au travail.",3,2,non,"Liste concrète de menaces aux droits et libertés ; guide juridique de défense, cadrage ouvert.",-3,agent
825,Intelligence artificielle en santé - Tome2,,Hugues Berry,Fondation Ipsen BookLab,,9782384273270,ebook (ePub),Gratuit,3 Septembre 2026,https://www.librel.be/ebook/9782384273270-intelligence-artificielle-en-sante-tome2-hugues-berry/,https://images.epagine.fr/270/9782384273270_1_m.jpg,0,3,"Neutre, ouvrage santé.",1,2,non,Dichotomie guérir/danger posée puis démêlée par une explication équilibrée.,-1,agent
826,L'intelligence artificielle de mon banquier !,,Jean-Marc Plantiveau,Books on Demand,,9782955384800,Grand format,5.99 €,26 Février 2018,https://www.librel.be/livre/9782955384800-l-intelligence-artificielle-de-mon-banquier-jean-marc-plantiveau/,https://images.epagine.fr/800/9782955384800_1_m.jpg,0,3,"Neutre, ton léger personnel.",0,2,non,"Robots de trading décrits factuellement, sans thèse de menace.",0,agent
827,Les intelligences artificielles au prisme de la justice sociale / Considering Artificial Intelligence Through the Lens of Social Justice,,"Collectif, Karine Gentelet",Hermann,,9791037030436,Grand format,35.15 €,29 Novembre 2023,https://www.librel.be/livre/9791037030436-les-intelligences-artificielles-au-prisme-de-la-justice-sociale-considering-artificial-intelligence-through-the-lens-of-social-justice-collectif-karine-gentelet/,https://images.epagine.fr/436/9791037030436_1_m.jpg,0,3,"Neutre, cadre académique justice sociale.",0,3,non,"Réflexion académique multidisciplinaire sur justice sociale et IA, équilibrée.",0,agent
828,Je suis : Portrait d'une Intelligence Artificielle,,Antony Oms,Le Lys Bleu,,9791042230692,Grand format,15.05 €,2 Mai 2024,https://www.librel.be/livre/9791042230692-je-suis-portrait-d-une-intelligence-artificielle-antony-oms/,https://images.epagine.fr/692/9791042230692_1_m.jpg,0,3,"Neutre, portrait littéraire/philosophique.",0,2,non,"Exploration introspective des désirs et craintes d'une IA, ton curieux neutre.",0,agent
829,Lorsque mon boss sera une intelligence artificielle ; manager et travailler à l'ère de l'intelligence artificielle,,Jean-Pierre Couturier,Va Press,,9782360930128,Grand format,18.00 €,12 Septembre 2019,https://www.librel.be/livre/9782360930128-lorsque-mon-boss-sera-une-intelligence-artificielle-manager-et-travailler-a-l-ere-de-l-intelligence-artificielle-jean-pierre-couturier/,https://images.epagine.fr/128/9782360930128_1_m.jpg,2,2,"« Mon boss sera une IA » : scénario incertain, non dramatique.",1,3,non,"Rejette explicitement le récit de destruction façon Terminator, discours constructif.",1,agent
830,Revue d'intelligence artificielle RSTI série RIA nolume 31 n° 6/novembre-décembre 2017,,Collectif,Hermès Science Publications,,9782746248311,Grand format,82.00 €,8 Janvier 2018,https://www.librel.be/livre/9782746248311-revue-d-intelligence-artificielle-rsti-serie-ria-nolume-31-n-6-novembre-decembre-2017-collectif/,https://images.epagine.fr/311/9782746248311_1_m.jpg,0,3,"Neutre, revue académique.",0,3,non,"Sommaire académique technique systèmes multi-agents, neutre.",0,agent
831,La face cachée de l'intelligence artificielle ; quand la réalité dépasse la fiction,,Boussad Addad,Va Press,Guerre De L'Information,9782360930883,Grand format,28.00 €,3 Septembre 2020,https://www.librel.be/livre/9782360930883-la-face-cachee-de-l-intelligence-artificielle-quand-la-realite-depasse-la-fiction-boussad-addad/,https://images.epagine.fr/883/9782360930883_1_m.jpg,3,2,« Face cachée » et « dépasse la fiction » : angle négatif net.,4,2,non,"Manipulation d'opinion, scandale Cambridge Analytica, monopoles : thèse développée.",-1,agent
834,La dette de compétence : Transfert de compétences à l'heure de l'intelligence artificielle,,Johan Quilbeuf,Books on Demand,,9782322661527,Grand format,15.99 €,5 Août 2026,https://www.librel.be/livre/9782322661527-la-dette-de-competence-transfert-de-competences-a-l-heure-de-l-intelligence-artificielle-johan-quilbeuf/,https://images.epagine.fr/527/9782322661527_1_m.jpg,2,2,"« Dette de compétence » : métaphore de perte, non dramatique.",4,2,non,"Dette de compétence développée en thèse centrale, résolue vers renforcement du métier.",-2,agent
835,La grande illusion du monde numérique : Notre avenir à l'heure de la robotique et de l'intelligence artificielle,,Christian Aghroum,Va Press,Indiscipliné,9791093240787,Grand format,14.00 €,25 Octobre 2018,https://www.librel.be/livre/9791093240787-la-grande-illusion-du-monde-numerique-notre-avenir-a-l-heure-de-la-robotique-et-de-l-intelligence-artificielle-christian-aghroum/,https://images.epagine.fr/787/9791093240787_1_m.jpg,3,2,"« Grande illusion » = déception nette, tempérée par « notre avenir ».",3,2,non,"Questions ouvertes sur robotisation et place de l'humain, pas de verdict tranché.",0,agent
836,Revue d'intelligence artificielle volume 32 n°1 ; janvier-février 2018 ; réseaux bayésiens et modèles probabilistes,,Collectif,Hermès Science Publications,,9782746248373,Revue,83.00 €,1 Mars 2018,https://www.librel.be/livre/9782746248373-revue-d-intelligence-artificielle-volume-32-n-1-janvier-fevrier-2018-reseaux-bayesiens-et-modeles-probabilistes-collectif/,https://images.epagine.fr/373/9782746248373_1_m.jpg,0,3,"Revue technique neutre, réseaux bayésiens.",0,3,non,"Sommaire technique de recherche académique, aucun enjeu négatif.",0,agent
837,Le dernier salaire - l'intelligence artificielle et la fin du pacte social,,Colmant Bruno,Anthemis,,9782807217676,Grand format,26.00 €,3 Novembre 2026,https://www.librel.be/livre/9782807217676-le-dernier-salaire-l-intelligence-artificielle-et-la-fin-du-pacte-social-colmant-bruno/,https://images.epagine.fr/no_image.png,5,3,« Dernier salaire » et « fin du pacte social » : perte frontale.,0,1,oui,Description vide.,5,agent
838,Intelligence Artificielle et Prévisions dans la Chaîne Logistique,,Said Benkachcha,Editions Universitaires Europeennes,,9786202274456,Grand format,64.90 €,1 Février 2018,https://www.librel.be/livre/9786202274456-intelligence-artificielle-et-previsions-dans-la-chaine-logistique-said-benkachcha/,https://images.epagine.fr/456/9786202274456_1_m.jpg,0,3,"Neutre, technique, logistique.",0,3,non,"Présentation technique de méthodes de prévision par IA, neutre.",0,agent
839,Je t'aime moi non plus : amour et haine entre l'intelligence artificielle et les humains,,Nicole Leveque,Bookelis,,9791035982775,Grand format,11.50 €,10 Juillet 2023,https://www.librel.be/livre/9791035982775-je-t-aime-moi-non-plus-amour-et-haine-entre-l-intelligence-artificielle-et-les-humains-nicole-leveque/,https://images.epagine.fr/775/9791035982775_1_m.jpg,2,2,"« Haine » présent mais équilibré par « amour », ambivalent.",0,2,non,"Fiction sentimentale ; noirceur portée par personnages humains, pas par l'IA.",2,agent
841,Mettre en oeuvre le règlement sur l'intelligence artificielle dans l'entreprise,,"Michail Alkeos, Marine Brogli, Alice Vitard, Jean-Luc Sauron",Dalloz,Dalloz Référence,9782247252527,Grand format,82.00 €,3 Décembre 2026,https://www.librel.be/livre/9782247252527-mettre-en-oeuvre-le-reglement-sur-l-intelligence-artificielle-dans-l-entreprise-michail-alkeos-marine-brogli-alice-vitard-jean-luc-sauron/,https://images.epagine.fr/no_image.png,0,3,"Neutre, pratique, règlementaire.",0,3,non,"Guide juridique pratique sur le règlement IA, ton informatif neutre.",0,agent
843,L'entreprise et l'intelligence artificielle Tome 21 : les réponses du droit,,Alexandra Mendoza-Caminade,Ifr,Les Travaux De L'Ifr,9782361702618,Grand format,40.00 €,13 Septembre 2022,https://www.librel.be/livre/9782361702618-l-entreprise-et-l-intelligence-artificielle-tome-21-les-reponses-du-droit-alexandra-mendoza-caminade/,https://images.epagine.fr/618/9782361702618_1_m.jpg,0,3,"Neutre, juridique.",0,3,non,"Restitution académique d'un colloque juridique, purement descriptive.",0,agent
844,"Dialogues avec l'intelligence artificielle : Dieu, Poutine et les autres",,Charles Henri,Bookelis,,9791042424565,Grand format,14.95 €,21 Février 2024,https://www.librel.be/livre/9791042424565-dialogues-avec-l-intelligence-artificielle-dieu-poutine-et-les-autres-charles-henri/,https://images.epagine.fr/565/9791042424565_1_m.jpg,1,2,"Curieux (« Dieu, Poutine ») mais aucun mot de menace direct.",1,2,non,IA « critiquée et redoutée » puis présentée comme outil de réflexion utile.,0,agent
846,Ombres et lumières de l'intelligence artificielle,,Philippe Le Tourneau,Dalloz,,9782247252541,Grand format,32.00 €,8 Octobre 2026,https://www.librel.be/livre/9782247252541-ombres-et-lumieres-de-l-intelligence-artificielle-philippe-le-tourneau/,https://images.epagine.fr/541/9782247252541_1_m.jpg,2,2,"« Ombres » modéré, équilibré par « lumières ».",0,3,non,"Essai académique sur droit et IA, ton interrogatif neutre.",2,agent
848,L'intelligence artificielle va-t-elle nous tuer ?,,Jean-Claude Bourret,Jdh,,9791091879231,Poche,5.95 €,15 Novembre 2017,https://www.librel.be/livre/9791091879231-l-intelligence-artificielle-va-t-elle-nous-tuer-jean-claude-bourret/,https://images.epagine.fr/231/9791091879231_1_m.jpg,5,3,"« Va-t-elle nous tuer » : mort explicite, question frontale.",4,2,non,"« Fin prochaine de l'humanité » annoncée, sujet grave traité sous l'humour.",1,agent
849,Découvrir l'intelligence artificielle générative : ed 2026,,Patrice Rey,Books on Demand,,9782322656943,Grand format,19.90 €,6 Avril 2026,https://www.librel.be/livre/9782322656943-decouvrir-l-intelligence-artificielle-generative-ed-2026-patrice-rey/,https://images.epagine.fr/943/9782322656943_1_m.jpg,0,3,"Neutre, pédagogique.",0,3,non,"Guide pédagogique équilibré ; enjeux éthiques mentionnés brièvement, ton confiant.",0,agent
850,"Surveillance numérique de masse, intelligence artificielle et droits de l'homme",,Vincent Suhasini,Pantheon-Assas,Pensée Contemporaine,9782376510871,Grand format,25.00 €,15 Décembre 2026,https://www.librel.be/livre/9782376510871-surveillance-numerique-de-masse-intelligence-artificielle-et-droits-de-l-homme-vincent-suhasini/,https://images.epagine.fr/no_image.png,4,2,« Surveillance numérique de masse » : contrôle explicite et central.,0,3,non,"Analyse juridique académique de l'IA générative, purement descriptive.",4,agent
851,INTELLIGENCE HUMAINE ET INTELLIGENCE ARTIFICIELLE,,Jean Jacques Pluchar,Eska,,9782747232579,Grand format,29.00 €,10 Mars 2022,https://www.librel.be/livre/9782747232579-intelligence-humaine-et-intelligence-artificielle-jean-jacques-pluchar/,https://images.epagine.fr/579/9782747232579_1_m.jpg,0,3,"Neutre, comparatif académique.",0,1,oui,Description vide.,0,agent
852,L'Intelligence artificielle en infographies,,Tom Jackson,Éditions First,,9782412109373,Grand format,22.95 €,5 Novembre 2026,https://www.librel.be/livre/9782412109373-l-intelligence-artificielle-en-infographies-tom-jackson/,https://images.epagine.fr/373/9782412109373_1_m.jpg,0,3,"Neutre, format infographique.",0,2,non,Guide visuel neutre ; « bonne ou mauvaise chose » n'est qu'un titre de chapitre.,0,agent
853,GuerilIA : Mener la bataille culturelle de l'intelligence artificielle,,Christophe Payet,Le Seuil,,9782021631500,Grand format,18.50 €,18 Septembre 2026,https://www.librel.be/livre/9782021631500-guerilia-mener-la-bataille-culturelle-de-l-intelligence-artificielle-christophe-payet/,https://images.epagine.fr/500/9782021631500_1_m.jpg,4,2,« Guérilla » + « bataille culturelle » : métaphore de guerre explicite.,5,3,non,"IA « bras armé » du technofascisme, arme d'oppression : thèse centrale.",-1,agent
854,"Déployer l'intelligence artificielle en entreprise : Adoption, gouvernance et exploitation des données",,Charles Vissol,Eni,Datapro,9782409056420,Grand format,35.00 €,9 Décembre 2026,https://www.librel.be/livre/9782409056420-deployer-l-intelligence-artificielle-en-entreprise-adoption-gouvernance-et-exploitation-des-donnees-charles-vissol/,https://images.epagine.fr/no_image.png,0,2,"« Exploitation des données » technique, neutre en contexte entreprise.",0,3,non,"Guide technique de gouvernance IA en entreprise, purement pratique.",0,agent
855,Taxer les robots ; aider l'économie à s'adapter à l'usage de l'intelligence artificielle,,Xavier Oberson,Larcier,,9782807921399,Grand format,87.00 €,22 Juin 2020,https://www.librel.be/livre/9782807921399-taxer-les-robots-aider-l-economie-a-s-adapter-a-l-usage-de-l-intelligence-artificielle-xavier-oberson/,https://images.epagine.fr/399/9782807921399_1_m.jpg,2,2,"« Taxer les robots » évoque un risque économique, ton constructif.",2,2,non,Emploi menacé mentionné comme motif d'une proposition fiscale pragmatique.,0,agent
856,Les Techno prophètes : L'intelligence artificielle face aux limites planétaires,,"Philippe Bihouix, Vincent Perriot",Casterman,Bd Ado-Adultes,9782203302501,Grand format,29.00 €,28 Octobre 2026,https://www.librel.be/livre/9782203302501-les-techno-prophetes-l-intelligence-artificielle-face-aux-limites-planetaires-philippe-bihouix-vincent-perriot/,https://images.epagine.fr/no_image.png,2,2,"« Limites planétaires » : risque modéré, non dramatique.",3,2,non,"Épuisement des ressources et dégradation environnementale réels, exploration analytique ouverte.",-1,agent
857,L'Évangile selon Big Tech : Manifeste pour une intelligence spirituelle à l'heure de l'intelligence artificielle,,Gregory Aimar,Librinova,,9791040557975,Grand format,14.95 €,23 Juillet 2024,https://www.librel.be/livre/9791040557975-l-evangile-selon-big-tech-manifeste-pour-une-intelligence-spirituelle-a-l-heure-de-l-intelligence-artificielle-gregory-aimar/,https://images.epagine.fr/no_image.png,1,2,Critique implicite (« Évangile selon Big Tech ») sans mot de menace.,2,2,non,Risques connus listés en contexte ; question spirituelle finale reste ouverte.,-1,agent
858,L'INTELLIGENCE ARTIFICIELLE : REFLEXION POUR UNE ETHIQUE RESPONSABLE,,Montagnon Pascal,Ma,,9782822406178,Grand format,20.00 €,12 Mars 2020,https://www.librel.be/livre/9782822406178-l-intelligence-artificielle-reflexion-pour-une-ethique-responsable-montagnon-pascal/,https://images.epagine.fr/178/9782822406178_1_m.jpg,0,3,"Neutre, éthique responsable.",0,1,oui,Description vide.,0,agent
859,"Intelligence artificielle : Comprendre, s'adapter et demeurer pertinent dans un monde qui s'accélère",,Luc Lespérance,Ems,,9782386304095,Grand format,24.00 €,24 Septembre 2026,https://www.librel.be/livre/9782386304095-intelligence-artificielle-comprendre-s-adapter-et-demeurer-pertinent-dans-un-monde-qui-s-accelere-luc-lesperance/,https://images.epagine.fr/095/9782386304095_1_m.jpg,1,2,« Demeurer pertinent » suggère un risque léger d'obsolescence.,2,2,non,« Point de rupture » évoqué mais livre orienté vers l'adaptation pratique.,-1,agent
861,Santé et intelligence artificielle,,"Collectif, Bernard Nordlinger, Cédric Villani",CNRS,,9782271122735,Grand format,25.00 €,18 Octobre 2018,https://www.librel.be/livre/9782271122735-sante-et-intelligence-artificielle-collectif-bernard-nordlinger-cedric-villani/,https://images.epagine.fr/735/9782271122735_1_m.jpg,0,3,Neutre.,1,3,non,"Rejette explicitement les « fantasmes », vise une information objective et raisonnable.",-1,agent
862,L'Écriture et l'Art à l'ère de l'Intelligence Artificielle : Nouvelles approches de l'Anthropocène...,,Philippe Willemart,Peter Lang Ag,,9783034358200,Poche,40.60 €,17 Mai 2026,https://www.librel.be/livre/9783034358200-l-ecriture-et-l-art-a-l-ere-de-l-intelligence-artificielle-nouvelles-approches-de-l-anthropocene-philippe-willemart/,https://images.epagine.fr/200/9783034358200_1_m.jpg,0,2,"Neutre, académique.",0,2,non,Essai philosophique sur l'écriture ; IA mentionnée en fin de phrase seulement.,0,agent
864,Intelligence Artificielle pour la Commande des systemes non Lineaires,,Mohammed Salem,Editions Universitaires Europeennes,,9783330872349,Grand format,69.90 €,1 Octobre 2018,https://www.librel.be/livre/9783330872349-intelligence-artificielle-pour-la-commande-des-systemes-non-lineaires-mohammed-salem/,https://images.epagine.fr/349/9783330872349_1_m.jpg,0,3,"Neutre, technique.",0,3,non,"Ouvrage technique sur réseaux de neurones RBF et commande, purement scientifique et neutre.",0,agent
865,Détection des défauts basée sur l'intelligence artificielle ; investigation d'une approche optimale d'aide au suivi et au diagnostic des défauts des machines tournantes,,"Khaider Bouacha, Samir Khamel, Mohamed Ali Massidi",Editions Universitaires Europeennes,,9783639653762,Grand format,55.90 €,20 Février 2017,https://www.librel.be/livre/9783639653762-detection-des-defauts-basee-sur-l-intelligence-artificielle-investigation-d-une-approche-optimale-d-aide-au-suivi-et-au-diagnostic-des-defauts-des-machines-tournantes-khaider-bouacha-samir-khamel-moha/,https://images.epagine.fr/762/9783639653762_1_m.jpg,0,3,"Neutre, technique industriel.",0,3,non,"Texte technique sur diagnostic de défauts de machines, neutre, aucune orientation négative.",0,agent
867,Reconnaissance des formes à base des modèles ultra-évolutionnaires : Intelligence Artificielle,,,Editions Universitaires Europeennes,,9786139526086,Grand format,71.90 €,1 Novembre 2019,https://www.librel.be/livre/9786139526086-reconnaissance-des-formes-a-base-des-modeles-ultra-evolutionnaires-intelligence-artificielle/,https://images.epagine.fr/086/9786139526086_1_m.jpg,0,3,"Neutre, technique.",0,1,oui,Description vide : aucun texte à évaluer.,0,agent
868,"L'intelligence artificielle ; passé, présent et futur",,Bertrand Braunschweig,Pu De Bordeaux,Leçons De Sciences En Aquitaine,9791030004601,Poche,7.00 €,7 Novembre 2019,https://www.librel.be/livre/9791030004601-l-intelligence-artificielle-passe-present-et-futur-bertrand-braunschweig/,https://images.epagine.fr/601/9791030004601_1_m.jpg,0,3,"Neutre, historique descriptif.",1,2,non,"Inquiétude mentionnée en ouverture, puis récit historique de l'IA neutre et factuel.",-1,agent
869,Exercices Créatifs pour Intelligences Artificielles : Coaching Scientifique par les Solutions,,Matthieu Giroux,Liberlog,,9791092732887,Grand format,N.C.,4 Septembre 2025,https://www.librel.be/livre/9791092732887-exercices-creatifs-pour-intelligences-artificielles-coaching-scientifique-par-les-solutions-matthieu-giroux/,https://images.epagine.fr/887/9791092732887_1_m.jpg,0,3,"Neutre, coaching créatif.",0,2,non,Discours entièrement positif sur la créativité rendue accessible par l'IA.,0,agent
870,Big brother is watching you : Les risques de l'intelligence artificielle dans le commerce,,Christian Goglin,Management Prospective,,9791094033470,Grand format,3.90 €,1 Juillet 2024,https://www.librel.be/livre/9791094033470-big-brother-is-watching-you-les-risques-de-l-intelligence-artificielle-dans-le-commerce-christian-goglin/,https://images.epagine.fr/470/9791094033470_1_m.jpg,5,2,« Big brother is watching you » + « risques » : domination frontale.,3,2,non,"Société sous surveillance envisagée comme risque réel mais encadrable par l'éthique, question ouverte.",2,agent
871,Travail contre Intelligence Artificielle : Une critique marxiste du capitalisme numérique,,André Prone,Croquant,,9782365125482,Grand format,12.00 €,5 Novembre 2026,https://www.librel.be/livre/9782365125482-travail-contre-intelligence-artificielle-une-critique-marxiste-du-capitalisme-numerique-andre-prone/,https://images.epagine.fr/482/9782365125482_1_m.jpg,3,2,"« Travail contre IA » : opposition nette, critique marxiste explicite.",4,2,non,"Lecture marxiste : dépossession du travail vivant par l'IA, critique structurelle développée.",-1,agent
872,Géopolitique de la gouvernance de l'intelligence artificielle : La souveraineté de l'IA Reprendre la capacité,,Pierre érol Giraudy,Books on Demand,,9782322854011,Grand format,40.00 €,7 Août 2026,https://www.librel.be/livre/9782322854011-geopolitique-de-la-gouvernance-de-l-intelligence-artificielle-la-souverainete-de-l-ia-reprendre-la-capacite-pierre-erol-giraudy/,https://images.epagine.fr/011/9782322854011_1_m.jpg,1,2,"« Reprendre la capacité » suggère perte de contrôle, léger.",0,1,oui,Description vide : aucun texte à évaluer.,1,agent
873,"Fondements de la gouvernance de l'entreprise : Théories, mécanismes de pilotage, multimédias et Intelligence Artificielle Tome 1",,"Jose Mwania Wakosia, Evariste Mabi Mulumba",Éditions L'Harmattan,Dynamiques D'Entreprises,9782336561578,Grand format,30.00 €,20 Novembre 2025,https://www.librel.be/livre/9782336561578-fondements-de-la-gouvernance-de-l-entreprise-theories-mecanismes-de-pilotage-multimedias-et-intelligence-artificielle-tome-1-jose-mwania-wakosia/,https://images.epagine.fr/578/9782336561578_1_m.jpg,0,3,"Neutre, gouvernance d'entreprise.",0,3,non,Aucune mention de l'IA ; texte générique sur la gouvernance d'entreprise.,0,agent
874,"Fondements de la gouvernance de l'entreprise : Théories, mécanismes de pilotage, multimédias et Intelligence Artificielle Tome 2",,"Jose Mwania Wakosia, Evariste Mabi Mulumba",Éditions L'Harmattan,Dynamiques D'Entreprises,9782336561608,Grand format,34.00 €,20 Novembre 2025,https://www.librel.be/livre/9782336561608-fondements-de-la-gouvernance-de-l-entreprise-theories-mecanismes-de-pilotage-multimedias-et-intelligence-artificielle-tome-2-jose-mwania-wakosia/,https://images.epagine.fr/608/9782336561608_1_m.jpg,0,3,"Neutre, gouvernance d'entreprise.",2,2,non,"Risque d'abus de l'IA cité, mais élément secondaire dans propos sur la gouvernance des PME.",-2,agent
875,Quand l'Intelligence Artificielle révolutionne la culture : Opportunités et défis,,Jean-Michel Rodriguez,Eni,Datapro,9782409055188,Grand format,39.00 €,16 Septembre 2026,https://www.librel.be/livre/9782409055188-quand-l-intelligence-artificielle-revolutionne-la-culture-opportunites-et-defis-jean-michel-rodriguez/,https://images.epagine.fr/188/9782409055188_1_m.jpg,0,3,"Équilibré (« opportunités et défis »), pas de menace dominante.",2,2,non,"Défis (propriété intellectuelle, biais) cités parmi opportunités, panorama professionnel équilibré.",-2,agent
876,Les damnés de la donnée : La subalternisation du travail de l'intelligence artificielle,,Clément Le Ludec,Éditions Raisons d'Agir,Raisons D'Agir,9791097084561,Grand format,14.00 €,2 Octobre 2026,https://www.librel.be/livre/9791097084561-les-damnes-de-la-donnee-la-subalternisation-du-travail-de-l-intelligence-artificielle-clement-le-ludec/,https://images.epagine.fr/no_image.png,4,2,« Les damnés » + « subalternisation du travail » : exploitation explicite.,5,3,non,Exploitation et subalternisation racialisée du travail de la donnée au Sud : thèse centrale.,-1,agent
877,L'intelligence artificielle pour les professionnels du droit : Entre augmentation et transformation,,Raphaël d' Assignies,Dalloz,,9782247250332,Grand format,32.00 €,3 Décembre 2026,https://www.librel.be/livre/9782247250332-l-intelligence-artificielle-pour-les-professionnels-du-droit-entre-augmentation-et-transformation-raphael-d-assignies/,https://images.epagine.fr/332/9782247250332_1_m.jpg,0,3,"Neutre, professionnel.",1,2,non,"« Points de vigilance » mentionnés dans un guide pratique pour juristes, non développés en thèse.",-1,agent
878,10 règles d'or de la collaboration Humain-IA : Cadres essentiels pour gouverner l'intelligence artificielle avec discernement,,Nicolas Pourbaix,Books on Demand,,9782322600854,Grand format,9.95 €,19 Mars 2026,https://www.librel.be/livre/9782322600854-10-regles-d-or-de-la-collaboration-humain-ia-cadres-essentiels-pour-gouverner-l-intelligence-artificielle-avec-discernement-nicolas-pourbaix/,https://images.epagine.fr/854/9782322600854_1_m.jpg,0,3,"Neutre, constructif (« gouverner avec discernement »).",2,2,non,Risque de perte de discernement posé puis encadré par dix règles pratiques constructives.,-2,agent
879,L'intelligence artificielle dans l'imagerie médicale : S'inquiéter ou se réjouir ?,,Ilana Sultan,Jdh,,9782381273686,Grand format,16.00 €,8 Mai 2024,https://www.librel.be/livre/9782381273686-l-intelligence-artificielle-dans-l-imagerie-medicale-s-inquieter-ou-se-rejouir-ilana-sultan/,https://images.epagine.fr/686/9782381273686_1_m.jpg,2,2,« S'inquiéter » présent mais équilibré par « se réjouir ».,1,2,non,Questions ouvertes équilibrées (inquiétude vs réjouissance) sur la robotisation de la santé.,1,agent
880,"L'Odyssée de l'IA en 30 jours : Apprendre l'intélligence artificielle pas à pas : Maîtriser ChatGPT, machine learning & IA générative sans prérequis",,Franklin Kamche,Publishroom Factory,,9782387132185,Grand format,39.90 €,11 Décembre 2025,https://www.librel.be/livre/9782387132185-l-odyssee-de-l-ia-en-30-jours-apprendre-l-intelligence-artificielle-pas-a-pas-maitriser-chatgpt-machine-learning-ia-generative-sans-prerequis-franklin-kamche/,https://images.epagine.fr/185/9782387132185_1_m.jpg,0,3,"Neutre, pédagogique.",1,2,non,"Enjeux éthiques cités parmi de nombreux points pratiques positifs, guide d'initiation optimiste.",-1,agent
881,Cohen contre l'intelligence : Ou comment survivre à l'I.A.,,Joann Sfar,Le Seuil,,9782021560190,Grand format,26.00 €,4 Septembre 2026,https://www.librel.be/livre/9782021560190-cohen-contre-l-intelligence-ou-comment-survivre-a-l-i-a-joann-sfar/,https://images.epagine.fr/190/9782021560190_1_m.jpg,4,3,"« Survivre à l'I.A. » : menace de survie, formulation directe.",1,2,non,"Comédie satirique sur l'IA, ton humoristique et absurde, aucune thèse de menace sérieuse.",3,agent
882,"Nexus : Une brève histoire des réseaux d'information, de l'âge de pierre à l'IA",,"Yuval Noah Harari, David Fauquemberg",Albin Michel,,9782226494887,Grand format,25.00 €,25 Septembre 2024,https://www.librel.be/livre/9782226494887-nexus-une-breve-histoire-des-reseaux-d-information-de-l-age-de-pierre-a-l-ia-yuval-noah-harari/,https://images.epagine.fr/887/9782226494887_1_m.jpg,0,3,"Neutre, histoire des réseaux d'information.",4,2,non,"IA présentée comme réseau dominant menaçant notre existence, note d'espoir en conclusion.",-4,agent
883,Revue 21 n.74 : IA quelqu'un ? Enquête sur le vertige d'une conscience artificielle,,Collectif,Revue XXI,Revue 21,9782356381958,Mook,19.90 €,26 Août 2026,https://www.librel.be/livre/9782356381958-revue-21-n-74-ia-quelqu-un-enquete-sur-le-vertige-d-une-conscience-artificielle-collectif/,https://images.epagine.fr/958/9782356381958_1_m.jpg,2,2,"« Vertige » évoque un malaise modéré, non dramatique.",1,1,non,Texte très bref ; « vertige » suggère un malaise mais rien n'est développé.,1,agent
884,Inappropriable : ce que l'IA fait à l'humain,,Mazarine Pingeot,Climats,Climats,9782080147776,Grand format,21.00 €,18 Février 2026,https://www.librel.be/livre/9782080147776-inappropriable-ce-que-l-ia-fait-a-l-humain-mazarine-pingeot/,https://images.epagine.fr/776/9782080147776_1_m.jpg,1,2,"« Inappropriable » ambigu, aucune menace nommée précisément.",4,2,non,"Vérité et structure sociale « ébranlées, pour ne pas dire détruites » par l'IA générative.",-3,agent
885,Une ia qui vous veut du bien,,Johan Heliot,Auzou,Éclair,9791039576901,Grand format,8.95 €,3 Septembre 2026,https://www.librel.be/livre/9791039576901-une-ia-qui-vous-veut-du-bien-johan-heliot/,https://images.epagine.fr/901/9791039576901_1_m.jpg,0,3,« Qui vous veut du bien » : explicitement rassurant.,4,2,non,"Fiction : une IA piège et contrôle l'adolescent, menace non résolue en fin de texte.",-4,agent
886,IA : grand remplacement ou complémentarité ?,,Luc Ferry,J'ai Lu,Documents,9782290428023,Poche,9.20 €,21 Janvier 2026,https://www.librel.be/livre/9782290428023-ia-grand-remplacement-ou-complementarite-luc-ferry/,https://images.epagine.fr/023/9782290428023_1_m.jpg,4,3,"« Grand remplacement » : terme fort de remplacement, question frontale.",2,2,non,"Défis existentiels et métaphysiques posés comme questions ouvertes, exploration équilibrée.",2,agent
887,Vivre 1 000 ans : Quand l'IA règne et la mort recule : rêve ou cauchemar ?,,"Laurent Alexandre, Alexandre Tsicopoulos",Éditions Buchet/Chastel,Essais & Documents,9782283043370,Grand format,22.50 €,14 Mai 2026,https://www.librel.be/livre/9782283043370-vivre-1-000-ans-quand-l-ia-regne-et-la-mort-recule-reve-ou-cauchemar-laurent-alexandre-alexandre-tsicopoulos/,https://images.epagine.fr/370/9782283043370_1_m.jpg,4,3,« L'IA règne » et « cauchemar » : domination et menace fortes.,4,2,non,"Effondrement des piliers civilisationnels, appel à choisir l'humain contre les machines.",0,agent
888,L'intelligence naturelle : Quand le génie du vivant surpasse l'IA,,Didier Van Cauwelaert,Fayard,Littérature Française,9782213731322,Grand format,22.00 €,5 Novembre 2025,https://www.librel.be/livre/9782213731322-l-intelligence-naturelle-quand-le-genie-du-vivant-surpasse-l-ia-didier-van-cauwelaert/,https://images.epagine.fr/322/9782213731322_1_m.jpg,0,2,"« Surpasse l'IA » positionne l'humain en supériorité, non menaçant.",4,2,non,« Soumission » et « emprise des machines » critiquées ; conclut sur le triomphe du naturel.,-4,agent
890,Savoir vivre avec l'IA,,Laurence Devillers,Éditions Denoël,Masterclass,9782207187050,Grand format,18.00 €,1 Avril 2026,https://www.librel.be/livre/9782207187050-savoir-vivre-avec-l-ia-laurence-devillers/,https://images.epagine.fr/050/9782207187050_1_m.jpg,0,3,« Savoir vivre avec » : cohabitation neutre.,2,2,non,"« Rupture civilisationnelle » nuancée par un ton pédagogique, « sans sombrer dans l'excès ».",-2,agent
891,Ethique fail : Comment Google a liquidé la critique de l'IA,,Tom Simonite,Éditions Présentes/Audimat,,9782492469251,Poche,7.00 €,17 Avril 2026,https://www.librel.be/livre/9782492469251-ethique-fail-comment-google-a-liquide-la-critique-de-l-ia-tom-simonite/,https://images.epagine.fr/251/9782492469251_1_m.jpg,4,2,"« Liquidé » : verbe violent, suppression de la critique explicite.",4,2,non,"Racisme, dommages environnementaux, échec de l'autorégulation de l'IA : critique institutionnelle nette.",0,agent
892,Histoire culturelle de l'IA,,Alexandre Gefen,CNRS,Histoire,9782271144997,Grand format,28.00 €,27 Août 2026,https://www.librel.be/livre/9782271144997-histoire-culturelle-de-l-ia-alexandre-gefen/,https://images.epagine.fr/997/9782271144997_1_m.jpg,0,3,"Neutre, historique culturel.",1,2,non,Rejette explicitement la « panique morale » ; approche historique et culturelle mesurée.,-1,agent
893,Le 1 des Libraires : Les imaginaires face à l'IA,,Julien Bisson,Le 1,Le 1 Des Libraires,9782386242823,Revue,5.90 €,20 Mai 2026,https://www.librel.be/livre/9782386242823-le-1-des-libraires-les-imaginaires-face-a-l-ia-julien-bisson/,https://images.epagine.fr/823/9782386242823_1_m.jpg,1,2,"« Face à » suggère confrontation mais sans mot de menace nommé, vague.",0,1,oui,"Description vide, aucun texte disponible à évaluer.",1,agent
894,Machines maternelles : Quand l'IA prend soin de nous,,Serge Tisseron,PUF,,9782130895329,Grand format,19.00 €,2 Avril 2026,https://www.librel.be/livre/9782130895329-machines-maternelles-quand-l-ia-prend-soin-de-nous-serge-tisseron/,https://images.epagine.fr/329/9782130895329_1_m.jpg,0,3,"« Prend soin de nous » : rassurant, aucune menace.",2,2,non,"Risque d'emprise sur l'imaginaire cité, mais analyse équilibrée entre émerveillement et vigilance.",-2,agent
895,Ne faites plus d'études : Apprendre autrement à l'ère de l'IA,,"Olivier Babeau, Laurent Alexandre",Éditions Buchet/Chastel,Essais & Documents,9782283042496,Grand format,22.00 €,16 Octobre 2025,https://www.librel.be/livre/9782283042496-ne-faites-plus-d-etudes-apprendre-autrement-a-l-ere-de-l-ia-olivier-babeau-laurent-alexandre/,https://images.epagine.fr/496/9782283042496_1_m.jpg,1,2,« Ne faites plus d'études » provocateur mais sans menace nommée.,4,2,non,"« Effets destructeurs » de la révolution cognitive développés comme thème central, sursaut final constructif.",-3,agent
896,L'empire de l'ombre : Guerre et terre au temps de l'IA,,"Le Grand Continent, Giuliano Da Empoli",Gallimard,Hors Série Connaissance,9782073107541,Grand format,21.50 €,17 Avril 2025,https://www.librel.be/livre/9782073107541-l-empire-de-l-ombre-guerre-et-terre-au-temps-de-l-ia-le-grand-continent-giuliano-da-empoli/,https://images.epagine.fr/541/9782073107541_1_m.jpg,4,3,« Guerre » explicite + « empire de l'ombre » : évocation forte et sombre.,3,2,non,"Domination technologique des élites présentée comme urgence, mais appel à agir laisse la question ouverte.",1,agent
897,"L'IA, une amie qui vous fait du bien ? IA, bien-être émotionnel et santé mentale : comprendre ce qui se joue",,Fanny Jacq,First Éditions,,9782412106075,Grand format,19.95 €,7 Mai 2026,https://www.librel.be/livre/9782412106075-l-ia-une-amie-qui-vous-fait-du-bien-ia-bien-etre-emotionnel-et-sante-mentale-comprendre-ce-qui-se-joue-fanny-jacq/,https://images.epagine.fr/075/9782412106075_1_m.jpg,2,2,"Question doute sur bienfait de l'IA pour la santé mentale, évocation modérée.",2,2,non,"« Pièges » de la relation aux IA mentionnés parmi bénéfices, propos globalement équilibré et exploratoire.",0,agent
899,"Les grands enjeux de l'économie dans notre quotidien : Consommation, pouvoir d'achat, IA, retraites... 50 fiches et prises de position de Michel-Édouard Leclerc",,"Michel-Édouard Leclerc, Erkan Mehmetoglu",Eyrolles,Eyrolles Pratique,9782416022982,Grand format,14.00 €,27 Août 2026,https://www.librel.be/livre/9782416022982-les-grands-enjeux-de-l-economie-dans-notre-quotidien-consommation-pouvoir-d-achat-ia-retraites-50-fiches-et-prises-de-position-de-michel-edouard-leclerc-michel-edouard-leclerc-erkan-mehmetoglu/,https://images.epagine.fr/982/9782416022982_1_m.jpg,0,3,"Liste neutre de sujets économiques, IA mentionnée sans jugement.",0,3,non,"IA citée parmi diverses mutations économiques, ton neutre et informatif.",0,agent
902,"Demain, l'IA aux commandes : Doit-on confier nos clés à la nouvelle génération de l'IA agentique ?",,Nguyên Hoang Lê,Dunod,,9782100891337,Grand format,18.00 €,10 Juin 2026,https://www.librel.be/livre/9782100891337-demain-l-ia-aux-commandes-doit-on-confier-nos-cles-a-la-nouvelle-generation-de-l-ia-agentique-nguyen-hoang-le/,https://images.epagine.fr/337/9782100891337_1_m.jpg,4,2,« Aux commandes » + « confier nos clés » : perte de contrôle explicite.,2,2,non,"Confiance et failles de cybersécurité des IA agentiques posées comme questions à évaluer, ton pédagogique.",2,agent
903,La vie spectrale : penser l'ère du métavers et des IA génératives,,Eric Sadin,Le Livre de Poche,Documents,9782253908852,Poche,8.45 €,16 Octobre 2024,https://www.librel.be/livre/9782253908852-la-vie-spectrale-penser-l-ere-du-metavers-et-des-ia-generatives-eric-sadin/,https://images.epagine.fr/852/9782253908852_1_m.jpg,2,2,« Spectrale » : métaphore inquiétante tempérée par le ton philosophique.,5,3,non,"Délégation des facultés humaines, vies « marchandisées, désincarnées » : thèse critique centrale et développée.",-3,agent
904,Arrêtez de dire bonjour à votre IA,,Yves Maitre,First Éditions,,9782412107355,Grand format,19.95 €,23 Avril 2026,https://www.librel.be/livre/9782412107355-arretez-de-dire-bonjour-a-votre-ia-yves-maitre/,https://images.epagine.fr/355/9782412107355_1_m.jpg,1,2,"Injonction insolite, sans mot de menace, ambiguë.",3,2,non,"IA filtrant notre rapport au réel, bouleversement des structures sociales, mais issue proposée par la lucidité.",-2,agent
905,Les mystères de l'IA,,"Matthieu Ruf, Rémi Farnos",La Joie de lire,Les Mystères De La Connaissance,9782889860364,Grand format,14.90 €,2 Septembre 2025,https://www.librel.be/livre/9782889860364-les-mysteres-de-l-ia-matthieu-ruf-remi-farnos/,https://images.epagine.fr/364/9782889860364_1_m.jpg,1,3,"« Mystères » : curiosité légère, pas de menace nommée.",2,2,non,"Menace sur l'emploi maternel évoquée, élément secondaire dans une histoire jeunesse à résolution équilibrée.",-1,agent
906,L'IA pour le marketing : De l'étude de marché à la création de produit et à la promotion sur les réseaux sociaux,,Daniel Ichbiah,First Éditions,Le Petit Livre,9782412108369,Poche,3.50 €,13 Mai 2026,https://www.librel.be/livre/9782412108369-l-ia-pour-le-marketing-de-l-etude-de-marche-a-la-creation-de-produit-et-a-la-promotion-sur-les-reseaux-sociaux-daniel-ichbiah/,https://images.epagine.fr/369/9782412108369_1_m.jpg,0,3,"Neutre, guide professionnel marketing.",0,3,non,Guide marketing entièrement positif sur les usages pratiques de l'IA.,0,agent
907,"L'IA, alliée de la pensée critique ? De Socrate à l'algorithme",,Oscar Brenifier,Ancrages,Contrastes Philosophiques,9782385941727,Grand format,14.00 €,19 Mars 2026,https://www.librel.be/livre/9782385941727-l-ia-alliee-de-la-pensee-critique-de-socrate-a-l-algorithme-oscar-brenifier/,https://images.epagine.fr/727/9782385941727_1_m.jpg,1,2,"Question sur alliance IA/pensée critique, doute léger, pas de menace forte.",1,3,non,"Peur de l'IA explicitement retournée : ce n'est pas la machine qui menace, mais l'humain.",0,agent
909,Le Super Pouvoir de l'IA,,Anis Ayari,First Éditions,,9782412106051,Grand format,18.95 €,23 Avril 2026,https://www.librel.be/livre/9782412106051-le-super-pouvoir-de-l-ia-anis-ayari/,https://images.epagine.fr/051/9782412106051_1_m.jpg,0,3,"« Super Pouvoir » : connotation positive, aucune menace.",1,2,non,Enjeu de pouvoir soulevé mais résolu en récit optimiste de démocratisation du code.,-1,agent
910,"Sérieux, arrêtez de croire n'importe quoi ! : L'autodéfense intellectuelle par un complotiste repenti (Mr Sam) : des réseaux sociaux à l'IA",,"Samuel Buisseret, Pascal Wagner-Egger, Gérald Bronner",De Boeck Supérieur,,9782807372863,Grand format,19.90 €,3 Septembre 2026,https://www.librel.be/livre/9782807372863-serieux-arretez-de-croire-n-importe-quoi-l-autodefense-intellectuelle-par-un-complotiste-repenti-mr-sam-des-reseaux-sociaux-a-l-ia-samuel-buisseret/,https://images.epagine.fr/863/9782807372863_1_m.jpg,2,2,« Autodéfense intellectuelle » évoque une menace (désinformation) modérée.,1,2,non,"IA génératrice de désinformation citée parmi d'autres pièges, outils fournis pour s'en prémunir.",1,agent
911,J'apprends avec l'IA : De la 4e à la Terminale,,Mickaël Bertrand,Magnard,,9782210787933,Grand format,9.90 €,2 Juillet 2026,https://www.librel.be/livre/9782210787933-j-apprends-avec-l-ia-de-la-4e-a-la-terminale-mickael-bertrand/,https://images.epagine.fr/933/9782210787933_1_m.jpg,0,3,"Neutre, pédagogique.",0,3,non,Guide pratique scolaire entièrement positif sur l'usage encadré de l'IA.,0,agent
914,Prépare le BAC avec ton coach IA : Philosophie : Tle ; Pour des révisions personnalisées et sécurisées avec ELIOTT,,"Andreas Wilmes, Joan-Antoine Mallet",Magnard,Prépare Le Bac Avec Ton Coach Ia,9782210787407,Grand format,13.50 €,2 Juillet 2026,https://www.librel.be/livre/9782210787407-prepare-le-bac-avec-ton-coach-ia-philosophie-tle-pour-des-revisions-personnalisees-et-securisees-avec-eliott-andreas-wilmes-joan-antoine-mallet/,https://images.epagine.fr/407/9782210787407_1_m.jpg,0,3,"Neutre, pédagogique, « sécurisées » rassurant.",0,3,non,"Cahier de révisions avec coach IA, présentation entièrement pratique et positive.",0,agent
915,Prépare le BAC avec ton coach IA : Français : 1re ; Pour des révisions personnalisées et sécurisées avec ELIOTT,,Candice Zolynski,Magnard,Prépare Le Bac Avec Ton Coach Ia,9782210787414,Grand format,13.50 €,2 Juillet 2026,https://www.librel.be/livre/9782210787414-prepare-le-bac-avec-ton-coach-ia-francais-1re-pour-des-revisions-personnalisees-et-securisees-avec-eliott-candice-zolynski/,https://images.epagine.fr/414/9782210787414_1_m.jpg,0,3,"Neutre, pédagogique, « sécurisées » rassurant.",0,3,non,"Cahier de révisions avec coach IA, présentation entièrement pratique et positive.",0,agent
916,L'I.A. expliquée aux humains,,Jean-Gabriel Ganascia,Le Seuil,Expliqué À ...,9782021550467,Grand format,13.50 €,6 Septembre 2024,https://www.librel.be/livre/9782021550467-l-i-a-expliquee-aux-humains-jean-gabriel-ganascia/,https://images.epagine.fr/467/9782021550467_1_m.jpg,0,3,"Neutre, explicatif, aucune menace.",2,2,non,Bilan carbone « désastreux » et risques éthiques cités dans un panorama équilibré et historique.,-2,agent
917,"L'IA, le philosophe et l'anthropologue : Klara, Raphaël et Pascal",,Pascal Picq,Éditions Odile Jacob,,9782415009519,Grand format,23.00 €,23 Octobre 2024,https://www.librel.be/livre/9782415009519-l-ia-le-philosophe-et-l-anthropologue-klara-raphael-et-pascal-pascal-picq/,https://images.epagine.fr/519/9782415009519_1_m.jpg,0,3,"Neutre, cadre dialogique.",3,2,non,"Humanité dépassée par des IA « supérieures » : hypothèse développée avec humour, débat resté ouvert.",-3,agent
918,La paresse de penser : Pourquoi nous laisson l'IA décider à notre place,,Mastafa Foufa,FYP,,9782364052772,Grand format,23.50 €,22 Mai 2026,https://www.librel.be/livre/9782364052772-la-paresse-de-penser-pourquoi-nous-laisson-l-ia-decider-a-notre-place-mastafa-foufa/,https://images.epagine.fr/772/9782364052772_1_m.jpg,3,3,"« Laisser l'IA décider à notre place » : perte d'autonomie, angle négatif net.",4,3,non,Cession de la « souveraineté intellectuelle » à l'algorithme : thèse de dépendance longuement développée.,-1,agent
919,Prépare le BAC avec ton coach IA : Maths : Tle ; Pour des révisions personnalisées et sécurisées avec ELIOTT,,Vito Punta,Magnard,Prépare Le Bac Avec Ton Coach Ia,9782210787421,Grand format,13.50 €,2 Juillet 2026,https://www.librel.be/livre/9782210787421-prepare-le-bac-avec-ton-coach-ia-maths-tle-pour-des-revisions-personnalisees-et-securisees-avec-eliott-vito-punta/,https://images.epagine.fr/421/9782210787421_1_m.jpg,0,3,"Neutre, pédagogique.",0,3,non,"Cahier de révisions avec coach IA, présentation entièrement pratique et positive.",0,agent
921,Pour une IA sociale et solidaire,,Arlene Prinsloo,Les petits matins,Essais,9782363834775,Grand format,14.00 €,9 Avril 2026,https://www.librel.be/livre/9782363834775-pour-une-ia-sociale-et-solidaire-arlene-prinsloo/,https://images.epagine.fr/775/9782363834775_1_m.jpg,0,3,"Titre positif, « sociale et solidaire ».",0,2,non,Réflexion académique brève cherchant une alliance constructive entre IA et économie solidaire.,0,agent
922,Le Psychologue artificiel : Les IA thérapeutiques et les soins psychiques,,Jérémy Pellerin,Ithaque,,9782490350940,Grand format,18.00 €,11 Septembre 2026,https://www.librel.be/livre/9782490350940-le-psychologue-artificiel-les-ia-therapeutiques-et-les-soins-psychiques-jeremy-pellerin/,https://images.epagine.fr/940/9782490350940_1_m.jpg,0,3,"Neutre, informatif sur les IA thérapeutiques.",0,1,non,"Titre-résumé très bref, aucune orientation exprimée sur les psychothérapies par IA.",0,agent
923,Prépare le BAC avec ton coach IA : Physique-Chimie : Tle ; Pour des révisions personnalisées et sécurisées avec ELIOTT,,Christian Mariaud,Magnard,Prépare Le Bac Avec Ton Coach Ia,9782210787391,Grand format,13.50 €,2 Juillet 2026,https://www.librel.be/livre/9782210787391-prepare-le-bac-avec-ton-coach-ia-physique-chimie-tle-pour-des-revisions-personnalisees-et-securisees-avec-eliott-christian-mariaud/,https://images.epagine.fr/391/9782210787391_1_m.jpg,0,3,"Neutre, pédagogique.",0,3,non,"Cahier de révisions avec coach IA, usage encadré, ton entièrement positif.",0,agent
924,Le paradoxe du tapis roulant : Vaincre notre paresse intellectuelle face à l'IA,,Marion Carré,JC Lattès,Essais Et Documents,9782709675109,Grand format,19.10 €,10 Septembre 2025,https://www.librel.be/livre/9782709675109-le-paradoxe-du-tapis-roulant-vaincre-notre-paresse-intellectuelle-face-a-l-ia-marion-carre/,https://images.epagine.fr/109/9782709675109_1_m.jpg,3,3,"« Paresse intellectuelle » tempérée par « vaincre », verbe constructif.",3,2,non,"Standardisation de la pensée par l'IA développée mais présentée comme évitable, non fatale.",0,agent
925,Cahier d'activités pour apprendre l'IA ; Niveau débutant,,Esteban Renault,Diateino,,9782354568658,Grand format,12.90 €,4 Juin 2026,https://www.librel.be/livre/9782354568658-cahier-d-activites-pour-apprendre-l-ia-niveau-debutant-esteban-renault/,https://images.epagine.fr/658/9782354568658_1_m.jpg,0,3,"Neutre, pédagogique.",0,3,non,"Guide pratique pour démystifier l'IA, ton entièrement positif et accessible.",0,agent
926,Ultra-intelligence : Jusqu'où iront les IA ?,,Aymeric Roucher,Éditions Odile Jacob,,9782415013141,Grand format,24.00 €,22 Octobre 2025,https://www.librel.be/livre/9782415013141-ultra-intelligence-jusqu-ou-iront-les-ia-aymeric-roucher/,https://images.epagine.fr/141/9782415013141_1_m.jpg,2,2,"« Jusqu'où iront les IA ? » : question d'escalade, évocation modérée.",3,2,non,"Disqualification partielle du travail par l'IA reconnue, risques cités, question finale ouverte.",-1,agent
927,"Cybersexualité : réagir face aux dangers ! : Pornographie, harcélement, nudes, IA...",,Sébastien Landry,In Press,,9782386426872,Grand format,13.90 €,5 Mai 2026,https://www.librel.be/livre/9782386426872-cybersexualite-reagir-face-aux-dangers-pornographie-harcelement-nudes-ia-sebastien-landry/,https://images.epagine.fr/872/9782386426872_1_m.jpg,4,3,"« Dangers ! » explicite, IA incluse dans la liste des menaces.",2,2,non,"IA conversationnelle citée comme un risque parmi d'autres du numérique, non développée en thèse.",2,agent
928,Le péril IA : Devenir des machines ou rester vivant ?,,Gilles Babinet,Le Passeur Éditeur,,9782385210823,Grand format,17.00 €,5 Mai 2026,https://www.librel.be/livre/9782385210823-le-peril-ia-devenir-des-machines-ou-rester-vivant-gilles-babinet/,https://images.epagine.fr/823/9782385210823_1_m.jpg,5,3,« Péril » + « devenir des machines ou rester vivant » : menace vitale frontale.,4,2,non,« Redoutable trajectoire d'assimilation à la machine » développée comme enjeu dominant.,1,agent
929,Notre cerveau sous influence : Comment les IA génératives modèlent nos émotions et façonnent nos sociétés,,Nadia Guerouaou,Eyrolles,,9782416023484,Grand format,19.90 €,26 Février 2026,https://www.librel.be/livre/9782416023484-notre-cerveau-sous-influence-comment-les-ia-generatives-modelent-nos-emotions-et-faconnent-nos-societes-nadia-guerouaou/,https://images.epagine.fr/484/9782416023484_1_m.jpg,4,3,« Sous influence » + « modèlent nos émotions » : manipulation explicite.,4,2,non,Contrôle et domestication affective par l'IA développés comme sujet principal.,0,agent
930,Mon allié IA : Métiers du marketing,,"Erwan Bagot, Lionel Cherpin",Hachette Education,Mon Allié Ia,9782017360315,Grand format,6.00 €,18 Mars 2026,https://www.librel.be/livre/9782017360315-mon-allie-ia-metiers-du-marketing-edition-2026-2027-erwan-bagot-lionel-cherpin/,https://images.epagine.fr/315/9782017360315_1_m.jpg,0,3,"« Allié » : positif, rassurant.",0,3,non,"Fiches pratiques marketing sur l'usage de l'IA, ton pragmatique neutre.",0,agent
931,Maitriser l'IA en 100 questions - réponses : Comprendre les bases de l'IA pour choisir les bons outils,,Yasmina Salmandjee,De Boeck Supérieur,Informatique,9782807376359,Grand format,19.90 €,10 Septembre 2026,https://www.librel.be/livre/9782807376359-maitriser-l-ia-en-100-questions-reponses-comprendre-les-bases-de-l-ia-pour-choisir-les-bons-outils-yasmina-salmandjee/,https://images.epagine.fr/359/9782807376359_1_m.jpg,0,3,"Neutre, pédagogique.",1,2,non,Inquiétude évoquée puis résolue par un itinéraire « clair et rassurant ».,-1,agent
932,L'IA tout en un pour les nuls,,"Stephanie Diamond, Luca Massaron, Chris Minnick, John Paul Mueller, Paul Mladjenovic, Yasmina Salmandjee, Shiv Singh, Daniel Stanton",Pour les nuls,Informatique,9782412104545,Grand format,32.95 €,28 Mai 2026,https://www.librel.be/livre/9782412104545-l-ia-tout-en-un-pour-les-nuls-stephanie-diamond-luca-massaron-chris-minnick-john-paul-mueller-paul-mladjenovic-yasmina-salmandjee-shiv-singh-daniel-stanton/,https://images.epagine.fr/545/9782412104545_1_m.jpg,0,3,"Neutre, pratique.",0,3,non,"Guide pratique pour utiliser l'IA au travail, entièrement positif.",0,agent
933,Mon allié IA : Gestion de projet,,Matthieu Steiner,Hachette Education,Mon Allié Ia,9782017369431,Grand format,6.00 €,18 Mars 2026,https://www.librel.be/livre/9782017369431-mon-allie-ia-gestion-de-projet-edition-2026-2027-matthieu-steiner/,https://images.epagine.fr/431/9782017369431_1_m.jpg,0,3,"« Allié » : positif, rassurant.",0,3,non,"Fiches pratiques de gestion de projet avec l'IA, ton pragmatique neutre.",0,agent
934,IA contre le peuple,,Mathieu Chéret,Le Bord de l'eau,Le Temps Des Ruptures,9782385191931,Grand format,15.00 €,6 Février 2026,https://www.librel.be/livre/9782385191931-ia-contre-le-peuple-mathieu-cheret/,https://images.epagine.fr/931/9782385191931_1_m.jpg,4,3,"« Contre le peuple » : opposition frontale, domination implicite.",5,2,non,L'IA présentée comme redessinant les règles de la démocratie et pervertissant la vérité.,-1,agent
935,Premiers pas avec l'IA,,Yasmina Salmandjee,Éditions First,,9782412106167,Grand format,21.95 €,26 Février 2026,https://www.librel.be/livre/9782412106167-premiers-pas-avec-l-ia-yasmina-salmandjee/,https://images.epagine.fr/167/9782412106167_1_m.jpg,0,3,"Neutre, pédagogique.",1,2,non,Arnaques et limites de l'IA mentionnées puis désamorcées par des conseils pratiques rassurants.,-1,agent
936,"IA générative : Espace latent, mécanismes et illusions cognitives",,Ioan Roxin,FYP,,9782364052796,Grand format,26.00 €,19 Juin 2026,https://www.librel.be/livre/9782364052796-ia-generative-espace-latent-mecanismes-et-illusions-cognitives-ioan-roxin/,https://images.epagine.fr/796/9782364052796_1_m.jpg,2,2,"« Illusions cognitives » : critique modérée, ton académique.",1,2,non,Tromperie et illusion de l'IA évoquées puis expliquées pédagogiquement pour être démystifiées.,1,agent
937,Mon allié IA : Enseignement/Formation,,Vincent Gros,Hachette Education,Mon Allié Ia,9782017360308,Grand format,6.00 €,18 Mars 2026,https://www.librel.be/livre/9782017360308-mon-allie-ia-enseignement-formation-edition-2026-2027-vincent-gros/,https://images.epagine.fr/308/9782017360308_1_m.jpg,0,3,"« Allié » : positif, rassurant.",0,3,non,"Fiches pratiques pour enseignants sur l'usage de l'IA, ton pragmatique neutre.",0,agent
938,L'Empire de l'IA : Voyage au coeur de la course effrénée vers la domination totale,,Karen Hao,L'ECRAN FANTASTIQUE,,9791096794379,Grand format,27.90 €,20 Mars 2026,https://www.librel.be/livre/9791096794379-l-empire-de-l-ia-voyage-au-coeur-de-la-course-effrenee-vers-la-domination-totale-karen-hao/,https://images.epagine.fr/379/9791096794379_1_m.jpg,5,3,"« Domination totale » : maximal, explicite.",5,3,non,"« Empire colonial », extraction et concentration de pouvoir : thèse centrale.",0,agent
939,La vie machinale : Pourquoi et comment résister à l'IA ?,,Gaultier Bès,Desclée de Brouwer,,9782220099408,Grand format,18.00 €,14 Janvier 2026,https://www.librel.be/livre/9782220099408-la-vie-machinale-pourquoi-et-comment-resister-a-l-ia-gaultier-bes/,https://images.epagine.fr/408/9782220099408_1_m.jpg,4,3,"« Résister à l'IA » + « vie machinale » : appel direct, déshumanisation.",5,3,non,"« Régression de la civilisation », « dégénérescence existentielle » : menace totale.",-1,agent
940,Pourquoi l'IA fragilise la démocratie et comment y remédier,,Mark Coeckelbergh,Hermann,Technologia,9791037048424,Grand format,18.10 €,3 Juin 2026,https://www.librel.be/livre/9791037048424-pourquoi-l-ia-fragilise-la-democratie-et-comment-y-remedier-mark-coeckelbergh/,https://images.epagine.fr/424/9791037048424_1_m.jpg,4,3,« Fragilise la démocratie » : affirmation directe d'un danger.,3,2,non,Risques de l'IA pour la démocratie développés mais traités comme réversibles via des institutions.,1,agent
941,"CHAT GPT : 0, VOUS :1 : Restez indispensable à l'ère des IA grâce à votre intelligence intuitive",,David Perroud,Éditions Jouvence,Poche,9782889841066,Poche,9.95 €,4 Juin 2026,https://www.librel.be/livre/9782889841066-chat-gpt-0-vous-1-restez-indispensable-a-l-ere-des-ia-grace-a-votre-intelligence-intuitive-david-perroud/,https://images.epagine.fr/066/9782889841066_1_m.jpg,2,2,"« ChatGPT 0, Vous 1 » : rivalité implicite, victoire humaine affichée.",1,2,non,IA « surpassant » l'humain évoquée en ouverture puis éclipsée par l'éloge de l'intuition.,1,agent
942,L'IA pour les photographes : Explorer une nouvelle manière de créer des images,,Franck Lecrenay,Eyrolles,,9782416025365,Grand format,23.00 €,14 Mai 2026,https://www.librel.be/livre/9782416025365-l-ia-pour-les-photographes-explorer-une-nouvelle-maniere-de-creer-des-images-franck-lecrenay/,https://images.epagine.fr/365/9782416025365_1_m.jpg,0,3,"Neutre, positif, créatif.",1,2,non,"« Les outils ne sont pas dangereux, les usages peuvent l'être » : danger relativisé.",-1,agent
944,La petite boîte à outils : Des IA génératives pour créer du contenu,,"Julien Pibourret, Sébastien Beaujault",Dunod,La Petite Boîte À Outils,9782100888368,Grand format,17.00 €,11 Février 2026,https://www.librel.be/livre/9782100888368-la-petite-boite-a-outils-des-ia-generatives-pour-creer-du-contenu-2e-edition-julien-pibourret-sebastien-beaujault/,https://images.epagine.fr/368/9782100888368_1_m.jpg,0,3,"Neutre, pratique.",0,3,non,"Boîte à outils IA pour la communication, entièrement pragmatique et positif.",0,agent
945,ABC du Brevet tout-en-un : Ton Brevet avec l'IA ; Toutes les matières ; 3e,,"Cécile de Cazanove, Olivier Dorler, Carole Feugère, Laure Genet, Guillaume Gicquel, Gilles Mora",Nathan,Abc Du Brevet Tout-En-Un,9782095038649,Grand format,19.90 €,4 Juillet 2024,https://www.librel.be/livre/9782095038649-abc-du-brevet-tout-en-un-ton-brevet-avec-l-ia-toutes-les-matieres-3e-edition-2024-2025-cecile-de-cazanove-olivier-dorler-carole-feugere-laure-genet-guillaume-gicquel-gilles-mora/,https://images.epagine.fr/649/9782095038649_1_m.jpg,0,3,"Neutre, pédagogique.",0,3,non,"Cahier de révisions Brevet avec coach IA, ton entièrement positif.",0,agent
946,Mon livre des pourquoi ? comment ? : Les robots et l'IA,,Alice Delvaille,Grenouille Éditions,Mon Livre Des Pourquoi ? Comment ?,9782384861767,Grand format,15.90 €,20 Mai 2025,https://www.librel.be/livre/9782384861767-mon-livre-des-pourquoi-comment-les-robots-et-l-ia-alice-delvaille/,https://images.epagine.fr/767/9782384861767_1_m.jpg,0,3,"Neutre, enfants.",0,3,non,"Livre enfant sur l'IA et les robots, ton entièrement positif et ludique.",0,agent
947,Cahier d'activités pour apprendre l'IA ; Niveau intermédiaire,,Esteban Renault,Diateino,,9782354568665,Grand format,12.90 €,4 Juin 2026,https://www.librel.be/livre/9782354568665-cahier-d-activites-pour-apprendre-l-ia-niveau-intermediaire-esteban-renault/,https://images.epagine.fr/665/9782354568665_1_m.jpg,0,3,"Neutre, pédagogique.",0,3,non,"Cahier pratique pour progresser dans l'usage de l'IA, ton entièrement positif.",0,agent
948,Prenez le virage de l'IA : Le guide pour doper votre productivité et libérer votre potentiel professionnel,,"Rémi Vancayzeele, Jean-Baptiste Berthoux",Diateino,,9782354568573,Grand format,22.90 €,13 Mai 2026,https://www.librel.be/livre/9782354568573-prenez-le-virage-de-l-ia-le-guide-pour-doper-votre-productivite-et-liberer-votre-potentiel-professionnel-remi-vancayzeele-jean-baptiste-berthoux/,https://images.epagine.fr/573/9782354568573_1_m.jpg,0,3,"« Doper votre productivité », « libérer votre potentiel » : positif.",0,3,non,"IA générative présentée comme levier de performance professionnelle, ton positif.",0,agent
949,Mon allié IA : Métiers de la communication,,Coralie Barrois,Hachette Education,Mon Allié Ia,9782017360322,Grand format,6.00 €,18 Mars 2026,https://www.librel.be/livre/9782017360322-mon-allie-ia-metiers-de-la-communication-edition-2026-2027-coralie-barrois/,https://images.epagine.fr/322/9782017360322_1_m.jpg,0,3,"« Allié » : positif, rassurant.",0,3,non,"Fiches pratiques communication avec l'IA, éthique mentionnée en passant, ton pragmatique.",0,agent
950,Dictionnaire de l'IA,,Richard Khan,Éditions First,,9782412104378,Grand format,25.95 €,16 Octobre 2025,https://www.librel.be/livre/9782412104378-dictionnaire-de-l-ia-richard-khan/,https://images.epagine.fr/378/9782412104378_1_m.jpg,0,3,"Neutre, référence.",0,3,non,"Dictionnaire pédagogique des termes de l'IA, ton neutre et informatif.",0,agent
951,Mona l'IA,,Bertrand Misonne,Kennes Les 3 As,,9782931300459,Grand format,19.90 €,11 Mars 2026,https://www.librel.be/livre/9782931300459-mona-l-ia-bertrand-misonne/,https://images.epagine.fr/459/9782931300459_1_m.jpg,0,3,"Neutre, personnification légère.",3,2,non,"Impact culturel de l'IA créative interrogé comme question ouverte, traité avec humour.",-3,agent
953,Comment sauver l'école à l'ère de l'IA ? Quand réhumaniser l'enseignement devient une urgence pédagogique,,Théo Leblanc,Diateino,,9782354568757,Grand format,16.00 €,27 Août 2026,https://www.librel.be/livre/9782354568757-comment-sauver-l-ecole-a-l-ere-de-l-ia-quand-rehumaniser-l-enseignement-devient-une-urgence-pedagogique-theo-leblanc/,https://images.epagine.fr/757/9782354568757_1_m.jpg,3,2,"« Sauver l'école » + « urgence pédagogique » : crise nette, tempérée par « réhumaniser ».",0,3,non,"Bouleversement présenté positivement, refondation de l'école, aucune thèse de menace.",3,agent
954,ABC du bac tout-en-un : Réviz'IA ; Toutes les matières ; 2de ; Réussir son année avec l'IA,,Collectif,Nathan,Abc Du Bac Tout-En-Un,9782095050139,Grand format,19.90 €,3 Juillet 2025,https://www.librel.be/livre/9782095050139-abc-du-bac-tout-en-un-reviz-ia-toutes-les-matieres-2de-reussir-son-annee-avec-l-ia-collectif/,https://images.epagine.fr/139/9782095050139_1_m.jpg,0,3,"Neutre, scolaire/pédagogique, aucun mot de menace.",0,3,non,"Guide scolaire pratique avec IA coach, entièrement neutre et positif.",0,agent
955,Les prophètes de l'IA : Pourquoi la Silicon Valley nous vend l'Apocalypse,,Thibault Prévost,Lux Éditeur,Futur Proche,9782898331602,Grand format,18.00 €,25 Octobre 2024,https://www.librel.be/livre/9782898331602-les-prophetes-de-l-ia-pourquoi-la-silicon-valley-nous-vend-l-apocalypse-thibault-prevost/,https://images.epagine.fr/602/9782898331602_1_m.jpg,5,3,« Apocalypse » + « nous vend » : menace maximale et tromperie explicites.,4,2,non,Rejette l'apocalypse marketing mais affirme une réelle menace des oligarques sur nos libertés.,1,agent
956,"Passez à la vitesse IA : vie perso, vie pro et études : 101 prompts pour simplifier son quotidien",,"Patrick Chataignier, Maëlle Bertrand, Yann Ruello",Dunod,,9782100889471,Grand format,18.00 €,4 Février 2026,https://www.librel.be/livre/9782100889471-passez-a-la-vitesse-ia-vie-perso-vie-pro-et-etudes-101-prompts-pour-simplifier-son-quotidien-patrick-chataignier-maelle-bertrand-yann-ruello/,https://images.epagine.fr/471/9782100889471_1_m.jpg,0,3,"Neutre, positif : « simplifier son quotidien ».",0,3,non,"Guide pratique de prompts, entièrement utilitaire, aucune négativité.",0,agent
957,Pino : L'I.A. émotionnelle,,Takashi Murakami,Pika,Pika Graphic,9782811674809,Grand format,20.10 €,10 Avril 2024,https://www.librel.be/livre/9782811674809-pino-l-i-a-emotionnelle-takashi-murakami/,https://images.epagine.fr/809/9782811674809_1_m.jpg,0,3,"Neutre, aucune évocation de risque.",0,2,non,"Synopsis de fiction sur un robot, pas de thèse critique explicite.",0,agent
958,Cahier d'activités pour apprendre l'IA ; Niveau avancé,,Esteban Renault,Diateino,,9782354568672,Grand format,14.90 €,4 Juin 2026,https://www.librel.be/livre/9782354568672-cahier-d-activites-pour-apprendre-l-ia-niveau-avance-esteban-renault/,https://images.epagine.fr/672/9782354568672_1_m.jpg,0,3,"Neutre, pédagogique.",0,3,non,"Cahier d'exercices pour maîtriser l'IA, ton valorisant et pratique.",0,agent
959,Quand l'IA tue la littérature,,Stéphanie Parmentier,PUF,,9782130886617,Grand format,18.00 €,8 Octobre 2025,https://www.librel.be/livre/9782130886617-quand-l-ia-tue-la-litterature-stephanie-parmentier/,https://images.epagine.fr/617/9782130886617_1_m.jpg,5,3,"« Tue la littérature » : mort/destruction frontale, sans ambiguïté.",3,2,non,"Alerte sur la rupture littéraire causée par l'IA, mais conclut par des questions ouvertes.",2,agent
960,"Fuir le progrès ? Le marxisme face aux enjeux scientifiques de notre siècle : climat, biodiversité, genre, I.A.",,"Guillaume Suing, Bruno Drweski",Les éditions Delga,,9782376072775,Grand format,20.00 €,31 Mars 2025,https://www.librel.be/livre/9782376072775-fuir-le-progres-le-marxisme-face-aux-enjeux-scientifiques-de-notre-siecle-climat-biodiversite-genre-i-a-guillaume-suing/,https://images.epagine.fr/no_image.png,1,2,« Fuir le progrès ? » vague ; IA diluée dans une liste d'enjeux.,0,1,oui,"Description vide, aucun texte à évaluer.",1,agent
962,Elég.I.A : suivi d'Un univers piqueté de rouilles,,"Xavier Dollo, Anna Boulanger",Goater,Rechute,9782383671220,Grand format,16.90 €,7 Mai 2026,https://www.librel.be/livre/9782383671220-eleg-i-a-suivi-d-un-univers-piquete-de-rouilles-xavier-dollo-anna-boulanger/,https://images.epagine.fr/220/9782383671220_1_m.jpg,1,1,"« Univers piqueté de rouilles » : image de décrépitude vague, poétique.",0,1,non,"Recueil poétique évoquant l'IA vaguement, sans thèse négative développée.",1,agent
963,Concevoir une IA responsable : Pourquoi ce n'est jamais « juste un outil » ? Manuel d'éthique de terrain,,Franck Bardol,Gualino,En Poche,9782297287678,Poche,9.80 €,7 Juillet 2026,https://www.librel.be/livre/9782297287678-concevoir-une-ia-responsable-pourquoi-ce-n-est-jamais-juste-un-outil-manuel-d-ethique-de-terrain-franck-bardol/,https://images.epagine.fr/678/9782297287678_1_m.jpg,0,2,"Neutre, éthique ; « jamais juste un outil » nuance sans menace.",2,3,non,Enjeux éthiques mentionnés mais discours globalement équilibré et analytique.,-2,agent
964,"Décrochez votre job en quelques semaines grâce à l'IA : ChatGPT, Notion AI, Canva AI...",,Nicolas Desoeuvre,Vuibert,,9782311629781,Grand format,19.90 €,5 Février 2026,https://www.librel.be/livre/9782311629781-decrochez-votre-job-en-quelques-semaines-grace-a-l-ia-chatgpt-notion-ai-canva-ai-nicolas-desoeuvre/,https://images.epagine.fr/781/9782311629781_1_m.jpg,0,3,"Neutre, positif : « décrochez votre job ».",0,3,non,"Guide de recherche d'emploi avec l'IA, entièrement pratique et positif.",0,agent
965,Découvrir l'IA en s'amusant,,"Dominique Maniez, Aurélie Leborgne",Pour les nuls,,9782412102800,Grand format,19.95 €,11 Décembre 2025,https://www.librel.be/livre/9782412102800-decouvrir-l-ia-en-s-amusant-dominique-maniez-aurelie-leborgne/,https://images.epagine.fr/800/9782412102800_1_m.jpg,0,3,"Neutre, ludique : « en s'amusant ».",2,2,non,Biais et coûts environnementaux évoqués en passant dans un livre ludique.,-2,agent
966,"L'IA, ange ou démon ? Le nouveau monde de l'invisible",,Laurence Devillers,Cerf,,9782204158183,Grand format,22.00 €,13 Mars 2025,https://www.librel.be/livre/9782204158183-l-ia-ange-ou-demon-le-nouveau-monde-de-l-invisible-laurence-devillers/,https://images.epagine.fr/183/9782204158183_1_m.jpg,3,2,"« Démon » net mais partagé avec « ange », dichotomie équilibrée.",2,2,non,« Pour le meilleur et pour le pire » : menaces et progrès explicitement mis en balance.,1,agent
968,Les robots et l'IA,,"Myriam Dandine, Fabrice Mosca",Milan,Mes P'Tites Questions,9782408023836,Grand format,9.55 €,9 Juin 2021,https://www.librel.be/livre/9782408023836-les-robots-et-l-ia-myriam-dandine-fabrice-mosca/,https://images.epagine.fr/836/9782408023836_1_m.jpg,0,3,"Neutre, descriptif.",0,3,non,"Questions enfantines neutres sur les robots, aucune menace.",0,agent
969,Recrutez et gérez vos talents avec l'IA : De la prise de décision à l'accompagnement des collaborateurs,,Ismaelle Haddouzi,De Boeck Supérieur,,9782807375963,Grand format,21.90 €,27 Août 2026,https://www.librel.be/livre/9782807375963-recrutez-et-gerez-vos-talents-avec-l-ia-de-la-prise-de-decision-a-l-accompagnement-des-collaborateurs-ismaelle-haddouzi/,https://images.epagine.fr/963/9782807375963_1_m.jpg,0,3,"Neutre, professionnel RH.",0,2,non,"Guide RH pratique, éthique mentionnée brièvement, ton globalement positif.",0,agent
970,Coder une application avec l'IA avec le Développeur libre : Le guide pour créer une application mobile,,Quentin Cornu,De Boeck Supérieur,Informatique,9782807376687,Grand format,24.90 €,10 Septembre 2026,https://www.librel.be/livre/9782807376687-coder-une-application-avec-l-ia-avec-le-developpeur-libre-le-guide-pour-creer-une-application-mobile-quentin-cornu/,https://images.epagine.fr/687/9782807376687_1_m.jpg,0,3,"Neutre, guide pratique.",0,3,non,"Guide pratique pour créer une appli avec l'IA, entièrement positif.",0,agent
971,Les nouveaux contremaîtres : Enquête sur la surveillance au travail à l'heure de l'IA,,Clément Pouré,Éditions des Équateurs,Documents,9782382847091,Grand format,19.00 €,12 Novembre 2025,https://www.librel.be/livre/9782382847091-les-nouveaux-contremaitres-enquete-sur-la-surveillance-au-travail-a-l-heure-de-l-ia-clement-poure/,https://images.epagine.fr/091/9782382847091_1_m.jpg,4,3,"« Contremaîtres » + « surveillance au travail » : contrôle explicite, seul angle.",4,2,non,Surveillance et discrimination au travail via la technologie développées comme sujet central.,0,agent
972,L'IA et l'emploi,,Grégory Verdugo,Presses de Sciences Po,Sécuriser L'Emploi,9782724644852,Grand format,9.00 €,3 Octobre 2025,https://www.librel.be/livre/9782724644852-l-ia-et-l-emploi-gregory-verdugo/,https://images.epagine.fr/852/9782724644852_1_m.jpg,0,3,"Neutre, aucun mot de menace.",2,2,non,"Risques d'emploi et de surveillance équilibrés avec les bénéfices, synthèse académique.",-2,agent
973,Les Robots : Découvre l'univers de la robotique et de l'IA,,"Henny Admoni, Amy Grimes",Kimane,Documentaires,9782383223337,Grand format,19.95 €,27 Septembre 2024,https://www.librel.be/livre/9782383223337-les-robots-decouvre-l-univers-de-la-robotique-et-de-l-ia-henny-admoni-amy-grimes/,https://images.epagine.fr/337/9782383223337_1_m.jpg,0,3,"Neutre, jeunesse.",0,3,non,"Documentaire jeunesse sur les robots, entièrement positif et neutre.",0,agent
974,IA pour l'image & la vidéo,,Yasmina Salmandjee,Éditions First,,9782412105986,Grand format,17.95 €,8 Janvier 2026,https://www.librel.be/livre/9782412105986-ia-pour-l-image-la-video-yasmina-salmandjee/,https://images.epagine.fr/986/9782412105986_1_m.jpg,0,3,"Neutre, outil.",0,2,non,"Guide créatif pratique sur l'image IA, éthique évoquée brièvement en fin.",0,agent
975,Co-intelligence : Vivre et travailler avec l'IA,,"Ethan Mollick, Marc Rozenbaum, Luc Julia",Éditions First,,9782412101391,Grand format,19.95 €,13 Mars 2025,https://www.librel.be/livre/9782412101391-co-intelligence-vivre-et-travailler-avec-l-ia-ethan-mollick/,https://images.epagine.fr/391/9782412101391_1_m.jpg,0,3,"Neutre, positif : « vivre et travailler avec ».",0,3,non,"Essai sur l'IA comme allié, ton enthousiaste et pratique dominant.",0,agent
976,"Devenez incontournable sur le web grâce au SEO : Comment être choisi par Google, l'IA et vos clients ?",,Nelly Kempf,Vuibert,,9782311629934,Grand format,23.00 €,26 Mars 2026,https://www.librel.be/livre/9782311629934-devenez-incontournable-sur-le-web-grace-au-seo-comment-etre-choisi-par-google-l-ia-et-vos-clients-nelly-kempf/,https://images.epagine.fr/934/9782311629934_1_m.jpg,0,3,"Neutre, marketing professionnel.",0,3,non,"Guide SEO pratique, IA abordée avec « vision critique » minime.",0,agent
977,Utiliser l'IA en classe : Intégrer l'IA dans les pratiques pédagogiques,,Sébastien Seguin,De Boeck Supérieur,Pratiques Pédagogiques,9782807373006,Grand format,22.90 €,13 Août 2026,https://www.librel.be/livre/9782807373006-utiliser-l-ia-en-classe-integrer-l-ia-dans-les-pratiques-pedagogiques-sebastien-seguin/,https://images.epagine.fr/006/9782807373006_1_m.jpg,0,3,"Neutre, pédagogique.",0,3,non,"Guide pédagogique pratique, réflexion éthique mentionnée comme objectif secondaire.",0,agent
978,"Économie du numérique : Pouvoir, plateformes et souveraineté à l'ère de l'IA",,Jean Barrère,Dunod,Éco Sup,9782100894963,Grand format,24.00 €,2 Septembre 2026,https://www.librel.be/livre/9782100894963-economie-du-numerique-pouvoir-plateformes-et-souverainete-a-l-ere-de-l-ia-jean-barrere/,https://images.epagine.fr/963/9782100894963_1_m.jpg,1,2,"« Pouvoir », « souveraineté » : enjeu analytique, pas de menace nommée.",3,2,non,Concentration de pouvoir et dépendance numérique de l'Europe posées comme questions stratégiques ouvertes.,-2,agent
979,Agents IA pour les nuls,,Daniel Ichbiah,Pour les nuls,,9782412105795,Poche,14.95 €,26 Février 2026,https://www.librel.be/livre/9782412105795-agents-ia-pour-les-nuls-daniel-ichbiah/,https://images.epagine.fr/795/9782412105795_1_m.jpg,0,3,"Neutre, pratique.",1,3,non,Menace sur l'emploi explicitement désamorcée : invite à maîtriser l'IA plutôt qu'à la craindre.,-1,agent
980,Créez vos agents IA : Gagnez en efficacité sans coder,,Morgan Bancel,Dunod,,9782100887613,Grand format,19.00 €,28 Janvier 2026,https://www.librel.be/livre/9782100887613-creez-vos-agents-ia-gagnez-en-efficacite-sans-coder-morgan-bancel/,https://images.epagine.fr/613/9782100887613_1_m.jpg,0,3,"Neutre, positif : « gagnez en efficacité ».",0,3,non,"Guide pratique pour créer des agents IA, entièrement positif.",0,agent
981,Mettez de l'IA dans votre travail !,,Pauline Ebel,First Éditions,,9782412104651,Grand format,19.95 €,13 Novembre 2025,https://www.librel.be/livre/9782412104651-mettez-de-l-ia-dans-votre-travail-pauline-ebel/,https://images.epagine.fr/651/9782412104651_1_m.jpg,0,3,"Neutre, positif, injonction pratique.",0,3,non,"Boîte à outils pratique par métier, entièrement positif et utilitaire.",0,agent
982,L'art des IA,,Jim Gabaret,PUF,,9782130888413,Grand format,26.00 €,15 Octobre 2025,https://www.librel.be/livre/9782130888413-l-art-des-ia-jim-gabaret/,https://images.epagine.fr/413/9782130888413_1_m.jpg,0,3,"Neutre, descriptif.",0,2,non,"Essai philosophique exploratoire sur l'art et l'IA, sans thèse de menace.",0,agent
983,De Babel à Jérusalem : Servir l'espérance dans un monde d'IA,,Etienne de Rocquigny,Salvator,Forum,9782706731747,Grand format,20.00 €,9 Juillet 2026,https://www.librel.be/livre/9782706731747-de-babel-a-jerusalem-servir-l-esperance-dans-un-monde-d-ia-etienne-de-rocquigny/,https://images.epagine.fr/747/9782706731747_1_m.jpg,1,2,"« Babel » évoque vaguement la confusion, tempéré par « espérance ».",0,2,non,"Anthropologie chrétienne, réflexion constructive sur dignité et travail, pas de menace.",1,agent
985,Toutes les questions juridiques que l'on devrait se poser sur l'IA,,Fabrice Mattatia,Eyrolles,,9782416024344,Grand format,22.00 €,14 Mai 2026,https://www.librel.be/livre/9782416024344-toutes-les-questions-juridiques-que-l-on-devrait-se-poser-sur-l-ia-fabrice-mattatia/,https://images.epagine.fr/344/9782416024344_1_m.jpg,0,3,"Neutre, juridique/informatif.",0,3,non,"Guide juridique pratique sur l'IA, entièrement informatif.",0,agent
986,"Le marketing digital à l'ère de l'IA : Contenu, trafic, conversion : des fondamentaux jusqu'aux dernières avancées des agents IA",,Stefan Lendi,Vuibert,,9782311629897,Grand format,29.90 €,4 Juin 2026,https://www.librel.be/livre/9782311629897-le-marketing-digital-a-l-ere-de-l-ia-contenu-trafic-conversion-des-fondamentaux-jusqu-aux-dernieres-avancees-des-agents-ia-stefan-lendi/,https://images.epagine.fr/897/9782311629897_1_m.jpg,0,3,"Neutre, professionnel.",0,3,non,"Guide marketing pratique, ton entièrement positif et opérationnel.",0,agent
987,Fictions scientifiques. Et si Borges avait connu l'IA ?,,Vincent Bontems,Les Belles Lettres,Multiversalisme,9782251457727,Grand format,23.00 €,17 Octobre 2025,https://www.librel.be/livre/9782251457727-fictions-scientifiques-et-si-borges-avait-connu-l-ia-vincent-bontems/,https://images.epagine.fr/727/9782251457727_1_m.jpg,0,3,"Neutre, spéculation littéraire.",0,2,non,"Essai philosophique ludique inspiré de Borges, questions spéculatives sans thèse menaçante.",0,agent
988,"IA Mania : Usages, éthique, stratégie : créez une valeur durable pour l'entreprise",,Mick Lévy,Vuibert,,9782311630480,Grand format,24.00 €,5 Mai 2026,https://www.librel.be/livre/9782311630480-ia-mania-usages-ethique-strategie-creez-une-valeur-durable-pour-l-entreprise-mick-levy/,https://images.epagine.fr/480/9782311630480_1_m.jpg,1,2,"« Mania » suggère l'excès, léger, pas de menace précise.",1,2,non,"Rejette explicitement l'alarmisme ('sans naïveté ni alarmisme'), cadre business constructif.",0,agent
990,"Méthodologie des exercices juridiques : Pour réussir les exercices juridiques posés en TD, aux partiels et à l'examen finalIntègre un focus sur l'utilisation de l'IA et ses risques",,Christophe Doubovetzky,Gualino,En Poche,9782297291248,Poche,5.50 €,11 Août 2026,https://www.librel.be/livre/9782297291248-methodologie-des-exercices-juridiques-pour-reussir-les-exercices-juridiques-poses-en-td-aux-partiels-et-a-l-examen-finalintegre-un-focus-sur-l-utilisation-de-l-ia-et-ses-risques-11e-edition-christophe/,https://images.epagine.fr/248/9782297291248_1_m.jpg,2,2,"« Ses risques » mentionné, mais accessoire dans un titre technique long.",0,3,non,"Hors-sujet : méthodologie juridique universitaire, aucune mention d'IA.",2,agent
991,L'école face à l'IA  : Faire le choix de l'intelligence pédagogique,,"Jean-Michel Le Baut, Alexandre Gefen",ESF sciences humaines,Pédagogies,9782710148777,Grand format,22.00 €,4 Juin 2026,https://www.librel.be/livre/9782710148777-l-ecole-face-a-l-ia-faire-le-choix-de-l-intelligence-pedagogique-jean-michel-le-baut/,https://images.epagine.fr/777/9782710148777_1_m.jpg,1,2,"« Face à » suggère une confrontation, tempéré par « choix » positif.",2,2,non,"Rejette alarmisme et euphorie, mais cite des dangers réels pour la démocratie, en second plan.",-1,agent
992,Affirmez vos compétences à l'ère de l'IA,,Alexandra Oza,Heliopoles,,9782379851650,Grand format,17.00 €,19 Mars 2026,https://www.librel.be/livre/9782379851650-affirmez-vos-competences-a-l-ere-de-l-ia-alexandra-oza/,https://images.epagine.fr/650/9782379851650_1_m.jpg,0,3,"Neutre, positif : « affirmez vos compétences ».",1,2,non,"Compétition implicite IA/emploi, mais orienté développement de compétences humaines, pratique.",-1,agent
993,"L'art au temps de l'IA : Générer, critiquer, créer",,Collectif,Centre Pompidou,Catalogues Du Mnam,9782386540165,Grand format,24.00 €,4 Juin 2025,https://www.librel.be/livre/9782386540165-l-art-au-temps-de-l-ia-generer-critiquer-creer-collectif/,https://images.epagine.fr/165/9782386540165_1_m.jpg,0,3,"Neutre, créatif.",0,2,non,"Exploration positive des liens art/apprentissage automatique, aucun cadrage négatif.",0,agent
994,L'IA en classe : 140 prompts testés pour des usages pédagogies maîtrisés,,Morgane Jaffré-Colombani,Chronique Sociale,Pédagogie/Formation,9782385480875,Grand format,14.90 €,28 Mai 2026,https://www.librel.be/livre/9782385480875-l-ia-en-classe-140-prompts-testes-pour-des-usages-pedagogies-maitrises-morgane-jaffre-colombani/,https://images.epagine.fr/875/9782385480875_1_m.jpg,0,3,"Neutre, pédagogique, « maîtrisés ».",0,3,non,"Guide pratique de prompts pour enseignants, entièrement opérationnel et positif.",0,agent
995,"E-commerce : Nouveaux enjeux : IA, durabilité, globalisation",,Henri Isaac,Dunod,Les Fondamentaux Business,9782100890927,Grand format,31.15 €,6 Mai 2026,https://www.librel.be/livre/9782100890927-e-commerce-nouveaux-enjeux-ia-durabilite-globalisation-henri-isaac/,https://images.epagine.fr/927/9782100890927_1_m.jpg,0,3,"Neutre, « enjeux » non dramatique, professionnel.",0,3,non,"Analyse business du e-commerce, IA citée parmi d'autres facteurs, neutre.",0,agent
996,Communicator : Toute la communication à l'ère de l'IA,,"Céline Mas, Marie-Hélène Westphalen, Assaël Adary",Dunod,Livres En Or,9782100879120,Grand format,48.75 €,4 Juin 2025,https://www.librel.be/livre/9782100879120-communicator-toute-la-communication-a-l-ere-de-l-ia-10e-edition-celine-mas-marie-helene-westphalen-assael-adary/,https://images.epagine.fr/120/9782100879120_1_m.jpg,0,3,"Neutre, professionnel.",0,3,non,"Guide professionnel de communication, IA citée comme enjeu parmi d'autres, neutre.",0,agent
997,IA : comment les machines pourraient nous remplacer ?,,"Matthieu Dugal, Owen Davey",La Pastèque,,9782897771430,Grand format,20.00 €,23 Juin 2023,https://www.librel.be/livre/9782897771430-ia-comment-les-machines-pourraient-nous-remplacer-matthieu-dugal-owen-davey/,https://images.epagine.fr/430/9782897771430_1_m.jpg,4,3,"« Nous remplacer » : remplacement frontal, seul angle malgré la question.",1,2,non,"Livre jeunesse : IA décide 'pour le meilleur et parfois pour le pire', équilibré.",3,agent
998,"Vers une IA frugale : Réussissez vos projets en équipe, maîtrisez votre empreinte environnementale et réduisez vos coûts",,"Alice Drahon, Rémy Marrone, Vincent Courboulay",Eyrolles,,9782416023675,Grand format,24.00 €,21 Mai 2026,https://www.librel.be/livre/9782416023675-vers-une-ia-frugale-reussissez-vos-projets-en-equipe-maitrisez-votre-empreinte-environnementale-et-reduisez-vos-couts-alice-drahon-remy-marrone-vincent-courboulay/,https://images.epagine.fr/675/9782416023675_1_m.jpg,0,3,"Neutre, positif : « frugale », « réduisez vos coûts ».",0,2,non,"Guide business sur IA frugale, ton constructif, risques traités comme enjeux à gérer.",0,agent
1000,Apprendre à guider les IA : Petit guide pour maîtriser l'art du prompt engineering,,"Cyril de Sousa Cardoso, Mikaël Cabon",J'ai Lu,Librio,9782290405376,Poche,3.00 €,2 Octobre 2024,https://www.librel.be/livre/9782290405376-apprendre-a-guider-les-ia-petit-guide-pour-maitriser-l-art-du-prompt-engineering-cyril-de-sousa-cardoso-mikael-cabon/,https://images.epagine.fr/376/9782290405376_1_m.jpg,0,3,"Neutre, guide pratique.",0,3,non,"Guide pratique du prompt, entièrement positif et opérationnel.",0,agent
1001,Savoir utiliser l'IA dans les études et la recherche en droit,,Pierrick Bruyas,Dalloz,Hors Collection Dalloz,9782247249411,Grand format,14.00 €,12 Mars 2026,https://www.librel.be/livre/9782247249411-savoir-utiliser-l-ia-dans-les-etudes-et-la-recherche-en-droit-pierrick-bruyas/,https://images.epagine.fr/411/9782247249411_1_m.jpg,0,3,"Neutre, académique.",0,2,non,"Guide pratique pour étudiants en droit, limites (hallucinations) traitées comme précaution mineure.",0,agent
1002,J'enseigne avec l'IA ! Guide pratique de l'IA au service de l'enseignant et de l'élève,,Mickaël Bertrand,Vuibert,,9782311221107,Grand format,19.90 €,20 Février 2025,https://www.librel.be/livre/9782311221107-j-enseigne-avec-l-ia-guide-pratique-de-l-ia-au-service-de-l-enseignant-et-de-l-eleve-mickael-bertrand/,https://images.epagine.fr/107/9782311221107_1_m.jpg,0,3,"Neutre, positif : « guide pratique... au service ».",0,3,non,"Guide pédagogique pratique pour enseignants, entièrement constructif et positif.",0,agent
1003,Humanités numériques : Le savoir et l'enseignement à l'heure de l'IA,,Alexandre Gefen,Hermann,,9791037048486,Grand format,17.10 €,20 Mai 2026,https://www.librel.be/livre/9791037048486-humanites-numeriques-le-savoir-et-l-enseignement-a-l-heure-de-l-ia-alexandre-gefen/,https://images.epagine.fr/486/9791037048486_1_m.jpg,0,3,"Neutre, académique.",1,2,non,"Essai académique posant bénéfices et écueils comme question ouverte, ton mesuré.",-1,agent
1004,L'IA dans la profession comptable : Réussir la mutation de son cabinet à l'ère des agents IA et de l'AI Act,,Fabrice Heuvrard,Gualino,,9782297291989,Grand format,19.00 €,1 Septembre 2026,https://www.librel.be/livre/9782297291989-l-ia-dans-la-profession-comptable-reussir-la-mutation-de-son-cabinet-a-l-ere-des-agents-ia-et-de-l-ai-act-fabrice-heuvrard/,https://images.epagine.fr/989/9782297291989_1_m.jpg,0,3,"Neutre, professionnel : « réussir la mutation ».",0,2,non,"Guide métier comptable, 'refuse le sensationnalisme', risques traités comme priorités à gérer.",0,agent
1005,IA pour la créativité,,"Thomas Peyruse, Luc Truntzler",Éditions First,,9782412101346,Grand format,17.95 €,19 Juin 2025,https://www.librel.be/livre/9782412101346-ia-pour-la-creativite-thomas-peyruse-luc-truntzler/,https://images.epagine.fr/346/9782412101346_1_m.jpg,0,3,Neutre.,0,3,non,"IA générative présentée comme alliée créative, ton entièrement positif.",0,agent
1006,IA et fake news : Sommes-nous condamnés à la désinformation ?,,"Julie Martinez, Jacques Attali",Flammarion,Essais,9782080463753,Grand format,12.00 €,2 Octobre 2024,https://www.librel.be/livre/9782080463753-ia-et-fake-news-sommes-nous-condamnes-a-la-desinformation-julie-martinez/,https://images.epagine.fr/753/9782080463753_1_m.jpg,4,3,"« Condamnés à la désinformation » : fatalité forte, seul angle malgré question.",4,2,non,Fake news par l'IA comme 'arme' pouvant porter un 'coup fatal' à la démocratie.,0,agent
1007,Les OVNIS sont une IA galactique : La révélation choc,,"Jean-Claude Bourret, Patrick Marquet",Guy Trédaniel,,9782813235190,Grand format,19.90 €,25 Septembre 2025,https://www.librel.be/livre/9782813235190-les-ovnis-sont-une-ia-galactique-la-revelation-choc-jean-claude-bourret-patrick-marquet/,https://images.epagine.fr/190/9782813235190_1_m.jpg,1,2,"« Révélation choc » vague, aucune menace précise nommée pour l'IA.",0,3,non,"Thèse ésotérique OVNIs=IA extraterrestre, ton fasciné, aucun cadrage de menace.",1,agent
1008,"Utiliser l'IA en 90 cas concrets pour se faciliter la vie : Travail, santé, cuisine, sport, loisirs...",,Yasmina Salmandjee,De Boeck Supérieur,Informatique,9782807366299,Grand format,19.90 €,3 Avril 2025,https://www.librel.be/livre/9782807366299-utiliser-l-ia-en-90-cas-concrets-pour-se-faciliter-la-vie-travail-sante-cuisine-sport-loisirs-yasmina-salmandjee/,https://images.epagine.fr/299/9782807366299_1_m.jpg,0,3,"Neutre, positif : « se faciliter la vie ».",0,2,non,"Guide pratique et ludique de l'IA, limites mentionnées en passant, ton positif.",0,agent
1009,IA : Comment ne pas perdre le Nord ?,,Marcel Salathé,Éditions Quanto,,9782889157280,Grand format,22.00 €,16 Octobre 2025,https://www.librel.be/livre/9782889157280-ia-comment-ne-pas-perdre-le-nord-marcel-salathe/,https://images.epagine.fr/280/9782889157280_1_m.jpg,2,2,"« Perdre le Nord » : incertitude modérée, non dramatique.",1,2,non,"Évoque peurs (deepfakes, superintelligences) puis appelle explicitement à éviter la panique.",1,agent
1010,IA et médecine générale : Vers la confiance ?,,"Philippe Naty-Daufin, Franck Frayer, Antoine Tesnière, Muriel Dahan, Yann Bubien, Nicolas Freynet, Sofiane Sid-Ahmed, Guillaume Assié, Agnès Buzyn",Hygee,Débats Santé Social,9782810912995,Poche,14.00 €,27 Août 2026,https://www.librel.be/livre/9782810912995-ia-et-medecine-generale-vers-la-confiance-philippe-naty-daufin-franck-frayer-antoine-tesniere-muriel-dahan-yann-bubien-nicolas-freynet-sofiane-sid-ahmed-guillaume-assie/,https://images.epagine.fr/995/9782810912995_1_m.jpg,0,2,"« Vers la confiance » : trajectoire positive, aucun mot de menace.",1,2,non,"IA en santé 'aussi prometteuse que génératrice de craintes', développement positif dominant.",-1,agent
1011,Gagne du temps avec l'IA : Techniques et solutions IA pour gérer tes priorités et exceller dans ton travail,,Victoria Dupied,Gereso,,9791039711029,Grand format,20.00 €,15 Janvier 2026,https://www.librel.be/livre/9791039711029-gagne-du-temps-avec-l-ia-techniques-et-solutions-ia-pour-gerer-tes-priorites-et-exceller-dans-ton-travail-victoria-dupied/,https://images.epagine.fr/029/9791039711029_1_m.jpg,0,3,"Neutre, positif : « gagne du temps ».",0,3,non,"Guide développement personnel et productivité avec l'IA, ton entièrement positif.",0,agent
1012,Les Visages de l'IA à l'écran,,Alain Boillat,Presse Universitaire de Rennes,Épures,9791041310630,Poche,10.00 €,7 Mai 2026,https://www.librel.be/livre/9791041310630-les-visages-de-l-ia-a-l-ecran-alain-boillat/,https://images.epagine.fr/630/9791041310630_1_m.jpg,0,3,"Neutre, descriptif.",0,2,non,"Étude médiatique des peurs de l'IA au cinéma, objet d'analyse, non endossé.",0,agent
1013,La puissance de l'empathie : Comment l'IA et les nouvelles technologies peuvent contribuer à offrir une expérience client exceptionnelle,,"Nathalie Petouhoff, Tony Bates",Vuibert,,9782311415612,Grand format,29.90 €,18 Juin 2026,https://www.librel.be/livre/9782311415612-la-puissance-de-l-empathie-comment-l-ia-et-les-nouvelles-technologies-peuvent-contribuer-a-offrir-une-experience-client-exceptionnelle-nathalie-petouhoff-tony-bates/,https://images.epagine.fr/612/9782311415612_1_m.jpg,0,3,"Neutre, positif, expérience client.",2,2,non,"Chatbots 'déshumanisants' diagnostiqués comme problème secondaire, résolu par technologie et empathie.",-2,agent
1014,I.A. : Notre ambition pour la France,,"Philippe Aghion, Anne Bouverot, Collectif",Éditions Odile Jacob,Économie,9782415009151,Grand format,20.00 €,15 Mai 2024,https://www.librel.be/livre/9782415009151-i-a-notre-ambition-pour-la-france-philippe-aghion-anne-bouverot-collectif/,https://images.epagine.fr/151/9782415009151_1_m.jpg,0,3,"« Notre ambition » : positif, aucun mot de menace.",0,3,non,"Rapport de comité économique institutionnel, ton neutre, aucune orientation négative.",0,agent
1015,Métier enseignant : Je prépare ma classe avec l'IA - élémentaire : Guide pratique de l'IA au service de l'enseignant et de l'élève,,Mickaël Bertrand,Vuibert,Métier Enseignant,9782311222678,Grand format,18.90 €,22 Août 2025,https://www.librel.be/livre/9782311222678-metier-enseignant-je-prepare-ma-classe-avec-l-ia-elementaire-guide-pratique-de-l-ia-au-service-de-l-enseignant-et-de-l-eleve-mickael-bertrand/,https://images.epagine.fr/678/9782311222678_1_m.jpg,0,3,"Guide pratique neutre, aucun mot de risque.",0,3,non,"Guide pratique pour enseignants, entièrement positif sur les opportunités pédagogiques.",0,agent
1016,À la conquête de l'IA : Collège et lycée,,"Rabah Attik, Luc Julia",Eyrolles,,9782416019654,Grand format,21.00 €,14 Août 2025,https://www.librel.be/livre/9782416019654-a-la-conquete-de-l-ia-college-et-lycee-rabah-attik/,https://images.epagine.fr/654/9782416019654_1_m.jpg,0,2,"« Conquête » = défi positif d'apprentissage, pas de menace.",1,2,non,"Suppression d'emplois et « dangers » mentionnés, mais guide pratique orienté vers l'orientation.",-1,agent
1017,L'IA en pratique avec Python,,"Hugues Bersini, Ken Hasselmann",Eyrolles,Blanche,9782416023156,Grand format,33.00 €,8 Janvier 2026,https://www.librel.be/livre/9782416023156-l-ia-en-pratique-avec-python-4e-edition-hugues-bersini-ken-hasselmann/,https://images.epagine.fr/156/9782416023156_1_m.jpg,0,3,"Neutre, technique (Python).",0,3,non,"Manuel technique pédagogique sur les algorithmes d'IA, entièrement neutre.",0,agent
1018,"Trouvez le job qui vous ressemble ! Utilisation de l'IA, CV, négociation salariale... les conseils d'une pro du recrutement",,Annalisa Von Grünigen,Editions 41,,9782889157259,Grand format,19.50 €,2 Octobre 2025,https://www.librel.be/livre/9782889157259-trouvez-le-job-qui-vous-ressemble-utilisation-de-l-ia-cv-negociation-salariale-les-conseils-d-une-pro-du-recrutement-annalisa-von-grunigen/,https://images.epagine.fr/259/9782889157259_1_m.jpg,0,3,"Conseils de recrutement, neutre et pratique.",0,2,non,Guide de recherche d'emploi ; l'IA n'est qu'un outil cité en passant.,0,agent
1019,"Zed, agent I.A. Tome 1 : Menaces sur le concert",,Christian Grenier,Rageot,Heure Noire,9782700287257,Poche,8.05 €,16 Avril 2025,https://www.librel.be/livre/9782700287257-zed-agent-i-a-tome-1-menaces-sur-le-concert-christian-grenier/,https://images.epagine.fr/257/9782700287257_1_m.jpg,2,2,"« Menaces » présent mais vise le concert, pas l'IA elle-même.",1,1,non,"Robot IA protège une chanteuse ; mystère léger, menace non développée, texte très court.",1,agent
1020,OptimiZ Inc. : L'IA est parfaite. Vous êtes le bug,,Laurent Pavillon,FYP,Zone Grise,9782364052734,Grand format,24.00 €,20 Mars 2026,https://www.librel.be/livre/9782364052734-optimiz-inc-l-ia-est-parfaite-vous-etes-le-bug-laurent-pavillon/,https://images.epagine.fr/734/9782364052734_1_m.jpg,4,2,« Vous êtes le bug » : humain déprécié face à l'IA « parfaite ».,4,2,non,"Thriller : IA-CEO manipule, exploite, sacrifie des employés ; humain « bug à corriger ».",0,agent
1021,L'empire numerique : De l'alphabet à l'IA,,"Jean Lassègue, Giuseppe Longo",PUF,,9782130874607,Grand format,24.00 €,19 Mars 2025,https://www.librel.be/livre/9782130874607-l-empire-numerique-de-l-alphabet-a-l-ia-jean-lassegue-giuseppe-longo/,https://images.epagine.fr/607/9782130874607_1_m.jpg,1,2,« Empire » évoque le pouvoir mais cadre historique neutre.,4,2,non,"« Empire » numérique, domination ; conclut sur un « véritable danger social et politique ».",-3,agent
1022,Géopolitique de l'IA : Les relations internationales à l'ère de la mise en données du monde,,"Isabelle Ryl, Jamal Atif, John Peter Burgess",Éditions du Cavalier Bleu,Le Cavalier Poche,9791031807782,Poche,13.00 €,29 Mai 2025,https://www.librel.be/livre/9791031807782-geopolitique-de-l-ia-les-relations-internationales-a-l-ere-de-la-mise-en-donnees-du-monde-isabelle-ryl-jamal-atif-john-peter-burgess/,https://images.epagine.fr/782/9791031807782_1_m.jpg,0,3,"Neutre, académique (relations internationales).",2,2,non,"Analyse géopolitique factuelle (armes, ingérences) mais ton descriptif et informatif dominant.",-2,agent
1023,J'intègre l'IA générative dans mes enseignements ; Collège et Lycée,,Sébastien Seguin,Dunod,La Boîte À Outils Du Professeur,9782100880218,Grand format,22.10 €,9 Juillet 2025,https://www.librel.be/livre/9782100880218-j-integre-l-ia-generative-dans-mes-enseignements-college-et-lycee-sebastien-seguin/,https://images.epagine.fr/218/9782100880218_1_m.jpg,0,3,"Neutre, pédagogique.",0,3,non,Guide pédagogique positif pour intégrer l'IA générative dans l'enseignement.,0,agent
1024,L'Humanité face à l'IA : Le combat du siècle,,"Carlo D'Asaro Biondo, Francis Morel",Calmann-Lévy,,9782702191767,Grand format,20.60 €,5 Février 2025,https://www.librel.be/livre/9782702191767-l-humanite-face-a-l-ia-le-combat-du-siecle-carlo-d-asaro-biondo-francis-morel/,https://images.epagine.fr/767/9782702191767_1_m.jpg,4,3,"« Face à l'IA », « combat du siècle » : confrontation frontale.",1,2,non,"Dialogue sur le numérique ; « agir plutôt que subir », ton globalement mesuré.",3,agent
1025,Gestion de projets avec l'IA pour les nuls,,Daniel Stanton,Pour les nuls,,9782412102879,Grand format,25.95 €,18 Septembre 2025,https://www.librel.be/livre/9782412102879-gestion-de-projets-avec-l-ia-pour-les-nuls-daniel-stanton/,https://images.epagine.fr/879/9782412102879_1_m.jpg,0,3,"Neutre, pratique.",0,3,non,"Guide pratique de gestion de projet assistée par l'IA, entièrement positif.",0,agent
1026,Le monde selon l'IA,,Collectif,Jbe Books,,9782365681070,Grand format,39.00 €,1 Avril 2025,https://www.librel.be/livre/9782365681070-le-monde-selon-l-ia-collectif/,https://images.epagine.fr/070/9782365681070_1_m.jpg,1,2,"« Le monde selon l'IA » : vague, aucun mot de menace fort.",0,2,non,"Ouvrage d'art sur l'IA créative, exploratoire et neutre, aucune thèse négative.",1,agent
1027,L'IA expliquée simplement,,Philippe Buschini,Décryptages,Monde Numérique / Ia Et Business,9782488445009,Grand format,19.00 €,4 Décembre 2025,https://www.librel.be/livre/9782488445009-l-ia-expliquee-simplement-philippe-buschini/,https://images.epagine.fr/009/9782488445009_1_m.jpg,0,3,"Neutre, pédagogique.",1,3,non,« Fait un peu peur » puis désamorcé : « sans se laisser impressionner par la machine ».,-1,agent
1028,Terrain 82 : Espèces d'IA,,"Grégory Chatonsky, Emmanuel Grimaud, Nicolas Nova",Terrain,Terrain,9782492362071,Grand format,23.00 €,27 Juin 2025,https://www.librel.be/livre/9782492362071-terrain-82-especes-d-ia-gregory-chatonsky-emmanuel-grimaud-nicolas-nova/,https://images.epagine.fr/071/9782492362071_1_m.jpg,0,1,"Titre cryptique, « espèces » neutre/taxonomique.",1,2,non,"IA « parfois inquiétantes » mais approche ethologique/académique nuancée, pas de thèse menaçante.",-1,agent
1029,"Trouver le bon job grâce au(x) réseau(x) : Comprendre la force des réseaux et en apprendre les règles, utiliser efficacement les outils réseau, adopter une démarche gagnante et intégrer l'IA",,Hervé Bommelaer,Eyrolles,,9782416018787,Grand format,21.00 €,6 Février 2025,https://www.librel.be/livre/9782416018787-trouver-le-bon-job-grace-au-x-reseau-x-comprendre-la-force-des-reseaux-et-en-apprendre-les-regles-utiliser-efficacement-les-outils-reseau-adopter-une-demarche-gagnante-et-integrer-l-ia-9e-edition-herv/,https://images.epagine.fr/787/9782416018787_1_m.jpg,0,3,"Neutre, conseils carrière.",0,3,non,Guide de réseautage professionnel ; l'IA citée en fin comme outil accessoire.,0,agent
1030,30 prompts pour booster sa mémoire : L'IA pour tout mémoriser,,"Daniel Pigeon-Angelini, Vincent Delourmel",Dunod,,9782100882649,Grand format,15.05 €,10 Septembre 2025,https://www.librel.be/livre/9782100882649-30-prompts-pour-booster-sa-memoire-l-ia-pour-tout-memoriser-daniel-pigeon-angelini-vincent-delourmel/,https://images.epagine.fr/649/9782100882649_1_m.jpg,0,3,"Neutre, positif (« booster »).",0,3,non,Guide pratique positif sur l'usage de l'IA pour la mémorisation.,0,agent
1032,"I.A., la plus grande mutation de l'histoire",,"Kai-Fu Lee, Elise Roy",J'ai Lu,Documents,9782290231647,Poche,9.50 €,26 Mai 2021,https://www.librel.be/livre/9782290231647-i-a-la-plus-grande-mutation-de-l-histoire-kai-fu-lee/,https://images.epagine.fr/647/9782290231647_1_m.jpg,1,2,"« Plus grande mutation » : ampleur du changement, pas de menace nommée.",2,2,non,"Révolution disruptive et course géopolitique ; ton informatif, célèbre l'essor chinois.",-1,agent
1033,"Le guide du copywriting : Pages de vente, newsletters, sites web, réseaux sociaux et stratégies IA... 50 techniques pour vendre en ligne",,Sélim Niederhoffer,Eyrolles,,9782416020827,Grand format,24.00 €,6 Novembre 2025,https://www.librel.be/livre/9782416020827-le-guide-du-copywriting-pages-de-vente-newsletters-sites-web-reseaux-sociaux-et-strategies-ia-50-techniques-pour-vendre-en-ligne-2e-edition-selim-niederhoffer/,https://images.epagine.fr/827/9782416020827_1_m.jpg,0,3,"Neutre, marketing.",0,3,non,"Guide pratique de copywriting assisté par IA, entièrement positif.",0,agent
1034,Quand l'IA fait son cinéma : Mauvais allié ou meilleur adversaire,,Jean-Gabriel Fredet,Saint Simon,Document,9782374350691,Grand format,21.50 €,11 Septembre 2025,https://www.librel.be/livre/9782374350691-quand-l-ia-fait-son-cinema-mauvais-allie-ou-meilleur-adversaire-jean-gabriel-fredet/,https://images.epagine.fr/691/9782374350691_1_m.jpg,3,2,« Mauvais allié ou meilleur adversaire » : angle négatif partagé avec l'autre option.,3,2,non,"« La technologie prend le pouvoir » sur le cinéma, posé comme question ouverte.",0,agent
1035,L'IA est-elle une chance ? méditations sur le risque,,"Miguel Benasayag, Gilles Dowek, Apolline Guillot",Philosophie magazine Éditeur,,9782900818336,Grand format,9.50 €,19 Avril 2024,https://www.librel.be/livre/9782900818336-l-ia-est-elle-une-chance-meditations-sur-le-risque-miguel-benasayag-gilles-dowek-apolline-guillot/,https://images.epagine.fr/336/9782900818336_1_m.jpg,2,2,"« Risque » nommé mais tempéré par « chance », ton méditatif.",1,2,non,Déconstruit les « fantasmes catastrophistes » ; débat équilibré entre inquiétude et confiance.,1,agent
1036,"L'art du naming : Management de projet, créativité et IA pour des noms qui marquent",,Julie Chwarzcianek,Eyrolles,,9782416022869,Grand format,26.00 €,2 Janvier 2026,https://www.librel.be/livre/9782416022869-l-art-du-naming-management-de-projet-creativite-et-ia-pour-des-noms-qui-marquent-julie-chwarzcianek/,https://images.epagine.fr/869/9782416022869_1_m.jpg,0,3,"Neutre, professionnel.",0,3,non,"Manuel de naming ; l'IA est un outil parmi d'autres, ton neutre.",0,agent
1037,"La finance digitale : Blockchain, IA et NFTs : décryptage des technologies qui transforment la finance",,Stéphane Fourneaux,Gualino,Côté Finances,9782297277419,Grand format,28.00 €,9 Décembre 2025,https://www.librel.be/livre/9782297277419-la-finance-digitale-blockchain-ia-et-nfts-decryptage-des-technologies-qui-transforment-la-finance-stephane-fourneaux/,https://images.epagine.fr/419/9782297277419_1_m.jpg,0,3,"Neutre, « décryptage » descriptif.",0,3,non,"Ouvrage pédagogique sur la digitalisation financière, ton neutre et informatif.",0,agent
1038,Coder avec l'IA pour les nuls,,"Chris Minnick, Olivier Engler",Pour les nuls,Informatique,9782412097649,Grand format,25.95 €,19 Septembre 2024,https://www.librel.be/livre/9782412097649-coder-avec-l-ia-pour-les-nuls-chris-minnick/,https://images.epagine.fr/649/9782412097649_1_m.jpg,0,3,"Neutre, pratique.",0,3,non,"Guide pratique pour programmeurs utilisant l'IA, entièrement positif.",0,agent
1039,Images pyromanes : Théorie-fiction des IA génératives,,"Pierre Cassou-Noguès, Gwenola Wagon",Editions Uv,,9782494333000,Grand format,20.00 €,6 Mai 2025,https://www.librel.be/livre/9782494333000-images-pyromanes-theorie-fiction-des-ia-generatives-pierre-cassou-nogues-gwenola-wagon/,https://images.epagine.fr/000/9782494333000_1_m.jpg,4,2,"« Pyromanes » : métaphore destructrice forte, quasi seul angle.",3,1,non,"Fiction : manipulation de la réalité par IA générative, thème critique mais très bref.",1,agent
1040,L'architecte et les machines intelligentes : Créer à l'ère de l'IA,,"Aurélie de Boissieu, Collectif",Eyrolles,,9782416024191,Grand format,35.00 €,9 Juillet 2026,https://www.librel.be/livre/9782416024191-l-architecte-et-les-machines-intelligentes-creer-a-l-ere-de-l-ia-aurelie-de-boissieu-collectif/,https://images.epagine.fr/191/9782416024191_1_m.jpg,0,3,"« Créer » positif, neutre.",1,3,non,Explicitement « loin des discours technophiles ou alarmistes » ; regard nuancé revendiqué.,-1,agent
1041,La leçon d'échecs : une petite histoire de l'IA,,Alexis Gladiline-Bozio,Humensciences,,9791040300922,Grand format,18.00 €,26 Février 2025,https://www.librel.be/livre/9791040300922-la-lecon-d-echecs-une-petite-histoire-de-l-ia-alexis-gladiline-bozio/,https://images.epagine.fr/922/9791040300922_1_m.jpg,0,3,"Neutre, historique.",2,2,non,"Déconstruit les mythes de prise de contrôle, cherche néanmoins les « vrais risques ».",-2,agent
1043,"L'IA, un outil pour le travail social ? Manuel pratique et éthique à l'attention des professionnels",,"Adrien Guionie, Didier Dubasque",Erès,L'Éducation Spécialisée Au Quotidien,9782749286051,Grand format,20.00 €,12 Mars 2026,https://www.librel.be/livre/9782749286051-l-ia-un-outil-pour-le-travail-social-manuel-pratique-et-ethique-a-l-attention-des-professionnels-adrien-guionie/,https://images.epagine.fr/051/9782749286051_1_m.jpg,0,3,"« Outil » neutre, question pratique.",1,3,non,"Conclut : penser l'IA « non comme une menace, mais comme un outil ».",-1,agent
1044,Guérill-iA : Pourquoi et comment les PME peuvent et doivent utiliser l'IA,,Naully Nicolas,Gereso,,9791039714488,Grand format,23.00 €,5 Mars 2026,https://www.librel.be/livre/9791039714488-guerill-ia-pourquoi-et-comment-les-pme-peuvent-et-doivent-utiliser-l-ia-naully-nicolas/,https://images.epagine.fr/488/9791039714488_1_m.jpg,2,2,"« Guérill-iA » : jeu de mots combatif mais orienté opportunité, pas menace.",0,3,non,"Guide pratique PME pour intégrer l'IA, orienté méthode et conformité, aucune orientation négative.",2,agent
1045,Apprendre à apprendre : le super pouvoir à l'ère de l'IA : Comment développer les compétences qui comptent,,"Agnès Alazard-Rool, Annabelle Bignon",Vuibert,,9782311629866,Grand format,26.00 €,10 Octobre 2025,https://www.librel.be/livre/9782311629866-apprendre-a-apprendre-le-super-pouvoir-a-l-ere-de-l-ia-comment-developper-les-competences-qui-comptent-agnes-alazard-rool-annabelle-bignon/,https://images.epagine.fr/866/9782311629866_1_m.jpg,0,3,« Super pouvoir » : positif.,0,2,non,"Plaidoyer pour réinventer l'apprentissage, ton constructif, aucune mention explicite de menace liée à l'IA.",0,agent
1046,ChatGPT pour les entreprises : Exploiter l'IA générative au quotidien,,Fabrice Blin,Eni,Expert It,9782409053276,Grand format,39.00 €,18 Mars 2026,https://www.librel.be/livre/9782409053276-chatgpt-pour-les-entreprises-exploiter-l-ia-generative-au-quotidien-fabrice-blin/,https://images.epagine.fr/276/9782409053276_1_m.jpg,0,3,"« Exploiter » = utiliser, neutre professionnel.",0,3,non,"Guide pédagogique ChatGPT en entreprise ; limites et enjeux éthiques cités brièvement, sans développement négatif.",0,agent
1048,"L'IA, et après ? Imiter la raison, former un cerveau, laisser germer la vie",,Jean-michel Truong,Delachaux & Niestlé,,9782603031827,Grand format,17.90 €,28 Février 2025,https://www.librel.be/livre/9782603031827-l-ia-et-apres-imiter-la-raison-former-un-cerveau-laisser-germer-la-vie-jean-michel-truong/,https://images.epagine.fr/827/9782603031827_1_m.jpg,1,2,"« Et après ? » question ouverte, aucun mot de menace fort.",0,3,non,"Exposé pédagogique des courants de l'IA, ton analytique et neutre, limites techniques mentionnées factuellement.",1,agent
1049,Génération IA : Comment ne pas éteindre l'intelligence de nos enfants,,Béatrix Charlier,Éditions Racine,,9782390253969,Grand format,24.95 €,1 Octobre 2026,https://www.librel.be/livre/9782390253969-generation-ia-comment-ne-pas-eteindre-l-intelligence-de-nos-enfants-beatrix-charlier/,https://images.epagine.fr/969/9782390253969_1_m.jpg,3,2,"« Éteindre l'intelligence » : perte crainte, mais formulé en conseil préventif.",4,2,non,Érosion du discernement et de la liberté de penser chez l'enfant développée comme sujet central.,-1,agent
1050,IA pour la finance,,Edward Tsang,Éditions First,,9782412101360,Grand format,17.95 €,19 Juin 2025,https://www.librel.be/livre/9782412101360-ia-pour-la-finance-edward-tsang/,https://images.epagine.fr/360/9782412101360_1_m.jpg,0,3,Neutre.,0,3,non,Guide pédagogique IA-finance ; promesses et limites présentées de façon équilibrée et informative.,0,agent
1051,Évaluer en formation à l'ère de l'IA générative : Manuel pratique pour repenser l'évaluation des apprentissages,,"Rochane Kherbouche, Christelle Lison",Chronique Sociale,Pédagogie/Formation,9782385481049,Grand format,26.90 €,25 Juin 2026,https://www.librel.be/livre/9782385481049-evaluer-en-formation-a-l-ere-de-l-ia-generative-manuel-pratique-pour-repenser-l-evaluation-des-apprentissages-rochane-kherbouche/,https://images.epagine.fr/049/9782385481049_1_m.jpg,0,3,"Neutre, manuel pratique.",2,2,non,"Échec des détecteurs de triche cité comme constat réel, mais absorbé dans une méthodologie constructive.",-2,agent
1052,L'impact de l'IA sur les juristes et les avocats d'affaires,,"Olivier Chaduteau, Kami Haeri",LGDJ,Forum,9782275164793,Grand format,26.00 €,17 Mars 2026,https://www.librel.be/livre/9782275164793-l-impact-de-l-ia-sur-les-juristes-et-les-avocats-d-affaires-olivier-chaduteau/,https://images.epagine.fr/793/9782275164793_1_m.jpg,0,2,"« Impact » neutre, non qualifié positif ou négatif.",0,3,non,"Guide professionnel pour juristes, ton démystificateur et orienté opportunités, aucune menace développée.",0,agent
1053,L'art de manager avec l'IA : Transformer les défis de l'IA en opportunités avec l'Appreciative Inquiry,,"Jean-Christophe Barralis, Linda Molki",Dunod,,9782100876549,Grand format,25.10 €,3 Septembre 2025,https://www.librel.be/livre/9782100876549-l-art-de-manager-avec-l-ia-transformer-les-defis-de-l-ia-en-opportunites-avec-l-appreciative-inquiry-jean-christophe-barralis-linda-molki/,https://images.epagine.fr/549/9782100876549_1_m.jpg,0,3,« Défis... en opportunités » : positif.,1,3,non,« Peur de l'obsolescence » nommée puis résolue par une méthode positive d'accompagnement du changement.,-1,agent
1054,Concevoir des applications avec des agents IA : Créer et implémenter des systèmes multiagents,,Michael Albada,Éditions First,,9782412107782,Grand format,39.95 €,12 Mars 2026,https://www.librel.be/livre/9782412107782-concevoir-des-applications-avec-des-agents-ia-creer-et-implementer-des-systemes-multiagents-michael-albada/,https://images.epagine.fr/782/9782412107782_1_m.jpg,0,3,"Neutre, technique.",0,3,non,"Guide technique O'Reilly sur les agents IA, entièrement pratique et positif, gains d'efficacité soulignés.",0,agent
1055,L'I.A. m'a tué : Comprendre un monde post-humain,,François Rastier,INTERVALLES,,9782369563624,Grand format,12.00 €,22 Janvier 2025,https://www.librel.be/livre/9782369563624-l-i-a-m-a-tue-comprendre-un-monde-post-humain-francois-rastier/,https://images.epagine.fr/624/9782369563624_1_m.jpg,5,3,"« M'a tué », « monde post-humain » : mort et rupture frontales.",1,2,non,"Rupture anthropologique décrite analytiquement, refuse le débat biaisé technophobes/technophiles, ton final ironique.",4,agent
1057,IA et management : de l'enseignement à la décision dans les organisations,,Nathalie Guibert,Vuibert,Recherche,9782311415100,Grand format,29.00 €,22 Janvier 2026,https://www.librel.be/livre/9782311415100-ia-et-management-de-l-enseignement-a-la-decision-dans-les-organisations-nathalie-guibert/,https://images.epagine.fr/100/9782311415100_1_m.jpg,0,3,"Neutre, académique.",0,3,non,Analyse académique multidimensionnelle du management ; enjeux éthiques cités sans développement négatif.,0,agent
1058,Le marketing avec l'IA pour les nuls,,Shiv Singh,Pour les nuls,,9782412099766,Grand format,27.95 €,13 Février 2025,https://www.librel.be/livre/9782412099766-le-marketing-avec-l-ia-pour-les-nuls-shiv-singh/,https://images.epagine.fr/766/9782412099766_1_m.jpg,0,3,"Neutre, pratique.",0,3,non,"Guide marketing digital entièrement pratique et positif, aucune orientation négative.",0,agent
1059,Créez avec Canva : Boostez vos designs avec les IA,,Mounir Moustahlaf,Eyrolles,,9782416017377,Grand format,32.00 €,27 Mars 2025,https://www.librel.be/livre/9782416017377-creez-avec-canva-boostez-vos-designs-avec-les-ia-mounir-moustahlaf/,https://images.epagine.fr/377/9782416017377_1_m.jpg,0,3,"« Boostez » positif, neutre.",0,3,non,"Célèbre la création d'images par IA comme « magie » artistique, ton enthousiaste et positif.",0,agent
1061,Le journal de Mève : Une aventure au coeur de l'IA,,"Mathieu Perotin, Jérôme Béranger",De Boeck Supérieur,,9782807366886,Grand format,22.90 €,16 Octobre 2025,https://www.librel.be/livre/9782807366886-le-journal-de-meve-une-aventure-au-coeur-de-l-ia-mathieu-perotin-jerome-beranger/,https://images.epagine.fr/886/9782807366886_1_m.jpg,0,3,"« Aventure » positive, neutre.",0,1,non,"Résumé très vague d'un roman graphique, aucun élément explicite de menace liée à l'IA.",0,agent
1063,Ingénierie de l'IA : Concevoir des applications avec des modèles de fondation,,"Huyên chip, Olivier Engler",Éditions First,,9782412104415,Grand format,49.95 €,29 Janvier 2026,https://www.librel.be/livre/9782412104415-ingenierie-de-l-ia-concevoir-des-applications-avec-des-modeles-de-fondation-huyen-chip/,https://images.epagine.fr/415/9782412104415_1_m.jpg,0,3,"Neutre, technique.",0,3,non,"Guide technique pour développeurs sur l'ingénierie IA, ton pratique et positif.",0,agent
1064,"IA, Cybersécurité et data : garantir la conformité numérique",,"Garance Mathias, Eva Aspe, François Gorriez, Myriam Quéméner",LexisNexis,Numérique & Droit,9782711043569,Grand format,35.15 €,14 Janvier 2026,https://www.librel.be/livre/9782711043569-ia-cybersecurite-et-data-garantir-la-conformite-numerique-garance-mathias-eva-aspe-francois-gorriez/,https://images.epagine.fr/569/9782711043569_1_m.jpg,0,3,"« Garantir la conformité » : rassurant, neutre.",0,3,non,"Ouvrage juridique présentant le droit comme « levier de création de valeur », ton opérationnel positif.",0,agent
1066,Trouver le bon job grâce à ChatGPT : Comment l'IA révolutionne et facilite votre recherche d'emploi,,"Hervé Bommelaer, Olivier Schaeffer",Eyrolles,,9782416019227,Grand format,18.00 €,2 Janvier 2025,https://www.librel.be/livre/9782416019227-trouver-le-bon-job-grace-a-chatgpt-comment-l-ia-revolutionne-et-facilite-votre-recherche-d-emploi-herve-bommelaer-olivier-schaeffer/,https://images.epagine.fr/227/9782416019227_1_m.jpg,0,3,« Révolutionne et facilite » : positif.,0,3,non,"Guide ChatGPT pour la recherche d'emploi, ton entièrement positif et incitatif.",0,agent
1067,L'IA dans les Ressources Humaines : Boostez votre quotidien et accédez à une nouvelle dimension professionnelle,,Amandine Lecomte,Gereso,,9791039710954,Grand format,27.00 €,2 Janvier 2026,https://www.librel.be/livre/9791039710954-l-ia-dans-les-ressources-humaines-boostez-votre-quotidien-et-accedez-a-une-nouvelle-dimension-professionnelle-amandine-lecomte/,https://images.epagine.fr/954/9791039710954_1_m.jpg,0,3,"« Boostez », « nouvelle dimension » : positif.",0,3,non,"IA présentée comme alliée RH ; explicitement « loin de vous remplacer », ton rassurant et positif.",0,agent
1068,Investir dans et avec l'IA pour les nuls,,"Paul Mladjenovic, Gisèle Foucher",Pour les nuls,,9782412097656,Grand format,25.95 €,19 Septembre 2024,https://www.librel.be/livre/9782412097656-investir-dans-et-avec-l-ia-pour-les-nuls-paul-mladjenovic/,https://images.epagine.fr/656/9782412097656_1_m.jpg,0,3,"Neutre, investissement.",0,3,non,"Guide promotionnel pour investir en bourse grâce à l'IA, entièrement positif.",0,agent
1069,"Réussir avec l'IA de Microsoft : Stratégies et outils pour Copilot Studio, Azure AI Foundry et des IA non génératives",,Philippe Païola,Eni,Expert It,9782409052552,Grand format,39.00 €,18 Février 2026,https://www.librel.be/livre/9782409052552-reussir-avec-l-ia-de-microsoft-strategies-et-outils-pour-copilot-studio-azure-ai-foundry-et-des-ia-non-generatives-philippe-paiola/,https://images.epagine.fr/552/9782409052552_1_m.jpg,0,3,"Neutre, stratégies produit.",0,3,non,"Guide pratique des solutions IA Microsoft, éthique mentionnée en passant, ton globalement positif.",0,agent
1070,Le crépuscule numérique : Quand l'IA bouleverse notre rapport à la vérité,,Carole Bienaimé Besse,Editions de L'Observatoire,Essais,9791032931974,Grand format,22.00 €,19 Mars 2025,https://www.librel.be/livre/9791032931974-le-crepuscule-numerique-quand-l-ia-bouleverse-notre-rapport-a-la-verite-carole-bienaime-besse/,https://images.epagine.fr/974/9791032931974_1_m.jpg,4,2,"« Crépuscule », « bouleverse notre rapport à la vérité » : déclin, crise de vérité.",5,3,non,"Effondrement de la vérité par deepfakes, menaces sur la démocratie développées comme thèse centrale.",-1,agent
1071,"Peut-on vivre sans IA ? Elle sait tout sur toi, tu ne connais rien sur elle",,Pierre de La Coste,Temporis,,9782373002737,Grand format,18.00 €,4 Juin 2026,https://www.librel.be/livre/9782373002737-peut-on-vivre-sans-ia-elle-sait-tout-sur-toi-tu-ne-connais-rien-sur-elle-pierre-de-la-coste/,https://images.epagine.fr/737/9782373002737_1_m.jpg,4,2,"« Elle sait tout sur toi, tu ne connais rien sur elle » : asymétrie inquiétante.",5,3,non,"« Tout est perdu pour Homo Sapiens », disparition du libre-arbitre : thèse apocalyptique totale.",-1,agent
1073,L'IA entrepreneur : Active tes super-pouvoirs IA et révolutionne ton business,,Emilie Lessire,De Boeck Supérieur,,9782807368804,Grand format,21.90 €,25 Septembre 2025,https://www.librel.be/livre/9782807368804-l-ia-entrepreneur-active-tes-super-pouvoirs-ia-et-revolutionne-ton-business-emilie-lessire/,https://images.epagine.fr/804/9782807368804_1_m.jpg,0,3,"« Super-pouvoirs », « révolutionne » : positif.",0,2,non,Texte promotionnel très court et positif sur l'IA pour le business.,0,agent
1074,Un nouveau monde : Comment l'IA révolutionne l'éducation de nos enfants,,"Salman Khan, Gérard Meudal",L'Arbre Qui Marche,,9789998780125,Grand format,21.90 €,15 Mai 2025,https://www.librel.be/livre/9789998780125-un-nouveau-monde-comment-l-ia-revolutionne-l-education-de-nos-enfants-salman-khan/,https://images.epagine.fr/125/9789998780125_1_m.jpg,0,3,"« Révolutionne l'éducation » : neutre-positif, pas de menace.",1,3,non,« L'IA fait peur » évoqué puis désamorcé : « la peur est-elle bonne conseillère ? ».,-1,agent
1075,Marketing Management : À jour sur l'IA et la responsabilité sociétale de l'entreprise,,"Alexander Chernev, Aurélie Hémonnet, Kevin Keller, Philip Kotler, Delphine Manceau, Virginie Pez",Pearson,Marketing,9782326003286,Grand format,59.00 €,5 Septembre 2025,https://www.librel.be/livre/9782326003286-marketing-management-a-jour-sur-l-ia-et-la-responsabilite-societale-de-l-entreprise-17e-edition-alexander-chernev-aurelie-hemonnet-kevin-keller-philip-kotler-delphine-manceau-virginie-pez/,https://images.epagine.fr/286/9782326003286_1_m.jpg,0,3,"Manuel professionnel neutre, « à jour » et « responsabilité sociétale » sans menace.",0,3,non,"Manuel marketing pédagogique, IA mentionnée comme évolution parmi d'autres, ton neutre.",0,agent
1076,Lancer sa start-up grâce à l'IA,,"Jérôme Dron, Luc Julia",Diateino,,9782354568313,Grand format,18.00 €,28 Août 2025,https://www.librel.be/livre/9782354568313-lancer-sa-start-up-grace-a-l-ia-jerome-dron/,https://images.epagine.fr/313/9782354568313_1_m.jpg,0,3,« Grâce à l'IA » : cadrage positif d'aide entrepreneuriale.,0,3,non,"Guide pratique start-up avec l'IA, entièrement positif et outillant.",0,agent
1077,50 prompts pour trouver l'emploi de vos rêves : Quand l'IA devient votre coach emploi,,Daniel Pigeon-Angelini,Dunod,,9782100880928,Grand format,15.05 €,4 Juin 2025,https://www.librel.be/livre/9782100880928-50-prompts-pour-trouver-l-emploi-de-vos-reves-quand-l-ia-devient-votre-coach-emploi-daniel-pigeon-angelini/,https://images.epagine.fr/928/9782100880928_1_m.jpg,0,3,« Coach emploi » : IA présentée comme aide positive.,0,3,non,"Guide de prompts pour recherche d'emploi, entièrement pratique et positif.",0,agent
1078,"Revue des deux mondes : La guerre : IA, nucléaire, cyber, coûts, ennemis, images...",,Collectif,Revue Des Deux Mondes,Revue Des Deux Mondes,9782356503268,Revue,20.00 €,12 Novembre 2025,https://www.librel.be/livre/9782356503268-revue-des-deux-mondes-la-guerre-ia-nucleaire-cyber-couts-ennemis-images-edition-2025-collectif/,https://images.epagine.fr/268/9782356503268_1_m.jpg,3,2,"« Guerre », « nucléaire », « ennemis » : angle net mais dilué dans une liste de sujets.",0,3,non,"Sujet géopolitique/défense militaire, aucune mention de l'IA.",3,agent
1079,L'IA va créer des emplois a contrario des idées reçues,,Philippe Buschini,Décryptages,Culture Éco,9782488445030,Grand format,14.00 €,26 Février 2026,https://www.librel.be/livre/9782488445030-l-ia-va-creer-des-emplois-a-contrario-des-idees-recues-philippe-buschini/,https://images.epagine.fr/030/9782488445030_1_m.jpg,0,3,Affirme l'inverse d'une menace : IA « va créer des emplois ».,1,3,non,"Menace pour l'emploi citée puis explicitement désamorcée : « sans catastrophisme », message d'espoir.",-1,agent
1080,"IA et santé, l'âge des possibles",,"Olivier Cousin, Andy Smith",Presses de Sciences Po,Académique,9782724644357,Grand format,21.00 €,28 Mai 2025,https://www.librel.be/livre/9782724644357-ia-et-sante-l-age-des-possibles-olivier-cousin-andy-smith/,https://images.epagine.fr/357/9782724644357_1_m.jpg,0,3,"« L'âge des possibles » : formulation positive, ouverte.",0,2,non,"Analyse académique de l'écart promesse/réalité de l'IA en santé, ton neutre.",0,agent
1081,RGPD et droit des données personnelles à l'ère de l'IA,,Fabrice Mattatia,Eyrolles,,9782416024412,Grand format,36.00 €,12 Février 2026,https://www.librel.be/livre/9782416024412-rgpd-et-droit-des-donnees-personnelles-a-l-ere-de-l-ia-6e-edition-fabrice-mattatia/,https://images.epagine.fr/412/9782416024412_1_m.jpg,0,3,"Neutre, juridique/technique.",0,3,non,"Guide juridique pratique sur les données et l'IA, ton neutre documentaire.",0,agent
1083,"Transition IA, s'armer pour affronter les défis",,"Philippe Buschini, Didier Vitrac",Décryptages,Monde Numérique / Ia Et Business,9782488445016,Grand format,14.00 €,4 Décembre 2025,https://www.librel.be/livre/9782488445016-transition-ia-s-armer-pour-affronter-les-defis-philippe-buschini-didier-vitrac/,https://images.epagine.fr/016/9782488445016_1_m.jpg,2,2,"« S'armer », « affronter les défis » : tension modérée, non dramatique.",0,2,non,"« Sans peur ni fascination » : rejette explicitement la dramatisation, guide constructif.",2,agent
1084,Guide de l'IA générative : Les clés pour conduire votre transformation IA,,"Cyril De Sousa Cardoso, Fanny Parise, Yann Ferguson",De Boeck Supérieur,,9782807372030,Grand format,17.90 €,26 Juin 2025,https://www.librel.be/livre/9782807372030-guide-de-l-ia-generative-les-cles-pour-conduire-votre-transformation-ia-cyril-de-sousa-cardoso-fanny-parise/,https://images.epagine.fr/030/9782807372030_1_m.jpg,0,3,"« Guide », « les clés » : neutre, pratique.",1,2,non,"« Risques de mésusage » cités mais équilibrés avec les promesses, guide pratique.",-1,agent
1085,Parole de machines : dialoguer avec une IA,,Alexei Grinbaum,Humensciences,Quoi De Neuf En Sciences ?,9782379315909,Grand format,17.90 €,3 Mai 2023,https://www.librel.be/livre/9782379315909-parole-de-machines-dialoguer-avec-une-ia-alexei-grinbaum/,https://images.epagine.fr/909/9782379315909_1_m.jpg,0,2,"« Dialoguer avec une IA » : neutre, descriptif.",0,2,non,"Fascination pour le dialogue humain-machine, ton curieux, aucune menace développée.",0,agent
1087,Guide de l'IA en entreprise : Manuel de survie pour les PME,,"Jean-François Deldon, Luc Truntzler",Éditions First,,9782412098387,Grand format,25.95 €,12 Décembre 2024,https://www.librel.be/livre/9782412098387-guide-de-l-ia-en-entreprise-manuel-de-survie-pour-les-pme-jean-francois-deldon-luc-truntzler/,https://images.epagine.fr/387/9782412098387_1_m.jpg,4,3,« Manuel de survie » : métaphore de menace forte pour les PME.,0,3,non,"Guide pratique IA/data pour dirigeants de PME, entièrement positif.",4,agent
1088,ChatGPT : Le guide du débutant : Découvrir et (mieux) utiliser l'IA dont tout le monde parle,,Eric Sarrion,Eyrolles,,9782416014314,Grand format,18.00 €,1 Février 2024,https://www.librel.be/livre/9782416014314-chatgpt-le-guide-du-debutant-decouvrir-et-mieux-utiliser-l-ia-dont-tout-le-monde-parle-eric-sarrion/,https://images.epagine.fr/314/9782416014314_1_m.jpg,0,3,"« Guide du débutant » : neutre, pédagogique.",0,3,non,"Guide débutant ChatGPT, entièrement pratique et positif.",0,agent
1090,"Le code de la créativité : Comment l'IA apprend à écrire, peindre et penser",,"Marcus du Sautoy, Raymond Clarinard",Flammarion,Champs,9782080512253,Poche,12.70 €,19 Novembre 2025,https://www.librel.be/livre/9782080512253-le-code-de-la-creativite-comment-l-ia-apprend-a-ecrire-peindre-et-penser-marcus-du-sautoy/,https://images.epagine.fr/253/9782080512253_1_m.jpg,0,3,"Décrit des capacités créatives de l'IA, aucun mot de menace.",0,3,non,"Réflexion sur IA et créativité artistique, ton curieux et positif.",0,agent
1091,"L'IA, comment ça marche ? Entre sorcellerie et science",,Ronald T. Kneusel,Éditions First,,9782412098752,Grand format,27.95 €,21 Novembre 2024,https://www.librel.be/livre/9782412098752-l-ia-comment-ca-marche-entre-sorcellerie-et-science-ronald-t-kneusel/,https://images.epagine.fr/752/9782412098752_1_m.jpg,1,2,"« Sorcellerie » : évocation mystérieuse vague, pas de menace nommée.",0,3,non,"Ouvrage technique explicatif sur l'IA, ton pédagogique neutre.",1,agent
1092,"RH & IA : Comprendre, anticiper et agir face à l'IA",,"Jean-Noël Chaintreuil, Sofia Merlo",Diateino,,9782354568429,Grand format,22.90 €,6 Novembre 2025,https://www.librel.be/livre/9782354568429-rh-ia-comprendre-anticiper-et-agir-face-a-l-ia-jean-noel-chaintreuil/,https://images.epagine.fr/429/9782354568429_1_m.jpg,1,2,« Face à l'IA » : tension légère sans mot de menace fort.,0,3,non,"Guide RH pratique, évite explicitement « utopie » et « scepticisme ».",1,agent
1093,Votre entreprise IA FIRST : Guide du leadership augmenté par l'IA responsable,,Eric Reinbold,Gereso,,9791039711395,Grand format,29.00 €,4 Juin 2026,https://www.librel.be/livre/9791039711395-votre-entreprise-ia-first-guide-du-leadership-augmente-par-l-ia-responsable-eric-reinbold/,https://images.epagine.fr/395/9791039711395_1_m.jpg,0,3,"« Leadership augmenté », « IA responsable » : positif.",0,3,non,"Guide stratégique IA pour dirigeants, cadrage entièrement positif et pratique.",0,agent
1094,Deepfake : L'IA au service du faux,,Olivier Lascar,Eyrolles,,9782416017216,Grand format,16.90 €,3 Octobre 2024,https://www.librel.be/livre/9782416017216-deepfake-l-ia-au-service-du-faux-olivier-lascar/,https://images.epagine.fr/216/9782416017216_1_m.jpg,4,3,"« Deepfake », « au service du faux » : tromperie frontale, sans détour.",4,2,non,Deepfakes présentés comme « armes de désinformation » : menace développée sur tout le texte.,0,agent
1095,Je maîtrise : L'innovation pédagogique avec les IA,,Lucie Dhorne,Clic Editions,Je Maîtrise,9782494017146,Grand format,24.99 €,6 Novembre 2025,https://www.librel.be/livre/9782494017146-je-maitrise-l-innovation-pedagogique-avec-les-ia-lucie-dhorne/,https://images.epagine.fr/146/9782494017146_1_m.jpg,0,3,« Innovation pédagogique » : positif.,0,3,non,"Guide pratique de pédagogie assistée par IA générative, entièrement positif.",0,agent
1097,"IA : Techniques, éthique, juridique et bonnes pratiques",,"Sabrina Hammoudi, Yannis Martin, Anaëlle Martin, Arnaud Billion, Yrieix Denis",Afnor,,9782124659487,Grand format,26.00 €,22 Janvier 2026,https://www.librel.be/livre/9782124659487-ia-techniques-ethique-juridique-et-bonnes-pratiques-sabrina-hammoudi-yannis-martin-anaelle-martin-arnaud-billion-yrieix-denis/,https://images.epagine.fr/487/9782124659487_1_m.jpg,0,3,"Neutre, liste de thèmes techniques/juridiques.",0,2,non,"Met en garde contre fausses promesses commerciales, mais vise une IA « globalement bénéfique ».",0,agent
1098,Métamorphoses de l'intelligence ; du QI à l'IA,,Catherine Malabou,PUF,Quadrige,9782130828907,Grand format,10.00 €,3 Mars 2021,https://www.librel.be/livre/9782130828907-metamorphoses-de-l-intelligence-du-qi-a-l-ia-catherine-malabou/,https://images.epagine.fr/907/9782130828907_1_m.jpg,0,3,"Neutre, académique (« du QI à l'IA »).",0,3,non,« Laissant de côté toute déploration technophobe » : cadrage explicitement non alarmiste.,0,agent
1099,Manager avec l'IA générative,,Cécile Dejoux,Dunod,Les Topos,9782100880416,Grand format,10.05 €,4 Juin 2025,https://www.librel.be/livre/9782100880416-manager-avec-l-ia-generative-cecile-dejoux/,https://images.epagine.fr/416/9782100880416_1_m.jpg,0,3,"Neutre, pratique managériale.",0,3,non,"Guide managérial pratique sur l'IA générative, entièrement positif.",0,agent
1100,Cocréateur : Créer du contenu engageant avec ChatGPT et les IA génératives,,Jean-Baptiste Viet,Eyrolles,,9782416019289,Grand format,18.00 €,20 Février 2025,https://www.librel.be/livre/9782416019289-cocreateur-creer-du-contenu-engageant-avec-chatgpt-et-les-ia-generatives-jean-baptiste-viet/,https://images.epagine.fr/289/9782416019289_1_m.jpg,0,3,"« Contenu engageant » : positif, aucun mot de menace.",0,3,non,"Guide de création de contenu assistée par IA, entièrement pratique et enthousiaste.",0,agent
1101,Premiere Pro 2025 : Le montage vidéo à l'ère de l'IA,,Eric Grange,Eni,Studio Factory,9782409051029,Grand format,28.00 €,18 Août 2025,https://www.librel.be/livre/9782409051029-premiere-pro-2025-le-montage-video-a-l-ere-de-l-ia-eric-grange/,https://images.epagine.fr/029/9782409051029_1_m.jpg,0,3,"Neutre, logiciel de montage vidéo.",0,3,non,"Manuel logiciel de montage vidéo intégrant l'IA, ton technique neutre.",0,agent
1102,Google Workspace : Travaillez en ligne avec les outils et l'IA de Google,,Gilles Balmisse,Eni,Référence Bureautique,9782409051104,Grand format,21.95 €,18 Août 2025,https://www.librel.be/livre/9782409051104-google-workspace-travaillez-en-ligne-avec-les-outils-et-l-ia-de-google-2e-edition-gilles-balmisse/,https://images.epagine.fr/104/9782409051104_1_m.jpg,0,3,"Neutre, outils bureautiques.",0,3,non,"Manuel Google Workspace incluant Gemini, entièrement pratique et neutre.",0,agent
1103,Automatisez les finances de votre entreprise avec l'IA : 25 solutions prêtes à l'emploi pour gagner en efficacité,,"Yassine Chabli, Bruno Vaffier",Diateino,,9782354568320,Grand format,21.00 €,25 Septembre 2025,https://www.librel.be/livre/9782354568320-automatisez-les-finances-de-votre-entreprise-avec-l-ia-25-solutions-pretes-a-l-emploi-pour-gagner-en-efficacite-yassine-chabli/,https://images.epagine.fr/320/9782354568320_1_m.jpg,0,3,"« Gagner en efficacité » : positif, pratique.",0,3,non,"Guide pratique IA pour gestion financière d'entreprise, entièrement positif.",0,agent
1104,La dignité humaine à l'heure de l'IA et des neurosciences,,Yves Poullet,Académie royale de Belgique,L'Académie En Poche,9782803109913,Poche,9.00 €,10 Avril 2025,https://www.librel.be/livre/9782803109913-la-dignite-humaine-a-l-heure-de-l-ia-et-des-neurosciences-yves-poullet/,https://images.epagine.fr/913/9782803109913_1_m.jpg,1,2,"« Dignité humaine » évoque un enjeu, sans mot de menace direct.",4,2,non,"Risques pour libertés, démocratie et humanité posés comme centraux, appel à nouveaux droits.",-3,agent
1105,Le machine Learning et l'IA générative avec Python : De la théorie à la pratique,,Madjid Khichane,Eni,Expert It,9782409050015,Grand format,39.00 €,11 Juin 2025,https://www.librel.be/livre/9782409050015-le-machine-learning-et-l-ia-generative-avec-python-de-la-theorie-a-la-pratique-2e-edition-madjid-khichane/,https://images.epagine.fr/015/9782409050015_1_m.jpg,0,3,"Neutre, technique (« théorie à la pratique »).",0,3,non,"Guide technique Machine Learning/Python, entièrement pédagogique et pratique, aucune tonalité négative.",0,agent
1107,Esprit n.520 : L'IA aux frontières de l'esprit,,Collectif,Revue Esprit,Esprit,9782372343305,Revue,20.00 €,10 Avril 2025,https://www.librel.be/livre/9782372343305-esprit-n-520-l-ia-aux-frontieres-de-l-esprit-collectif/,https://images.epagine.fr/305/9782372343305_1_m.jpg,0,2,"« Frontières de l'esprit » : neutre à exploratoire, pas de menace.",2,2,non,"Rupture anthropologique évoquée mais catastrophisme explicitement rejeté, IA vue comme altérité à vivre.",-2,agent
1108,L'IA et l'IA générative à l'Université : Perspectives pluridisciplinaires et prospectives,,"Collectif, Claire Marzo",Ems,Questions De Société,9782386303487,Grand format,25.00 €,16 Avril 2026,https://www.librel.be/livre/9782386303487-l-ia-et-l-ia-generative-a-l-universite-perspectives-pluridisciplinaires-et-prospectives-collectif-claire-marzo/,https://images.epagine.fr/487/9782386303487_1_m.jpg,0,3,"Neutre, académique, « perspectives pluridisciplinaires ».",2,2,non,"Bouleversements réels questionnés (métiers, droits, pouvoirs) dans réflexion pluridisciplinaire équilibrée, gains soulignés aussi.",-2,agent
1109,Donnez vie à vos petits robots grâce à l'IA : Avec la carte Micro:Bit et Google Teachable Machine,,"Denzel Edwards, Andy Forest, Reade Richard, Brenda Shivanandan, Christine Eberhardt",Dunod,Tous Makers !,9782100869213,Grand format,20.00 €,18 Septembre 2024,https://www.librel.be/livre/9782100869213-donnez-vie-a-vos-petits-robots-grace-a-l-ia-avec-la-carte-micro-bit-et-google-teachable-machine-denzel-edwards-andy-forest-reade-richard-brenda-shivanandan/,https://images.epagine.fr/213/9782100869213_1_m.jpg,0,3,"« Donnez vie à vos petits robots » : ludique, positif.",0,3,non,"Projets de bricolage IA/robotique pour enfants, entièrement ludique et positif.",0,agent
1110,Sciences humaines n.387 : L'IA est-elle un bon psy ?,,Collectif,Sciences Humaines Revue,Sciences Humaines,3663322135989,Revue,6.90 €,19 Mars 2026,https://www.librel.be/livre/3663322135989-sciences-humaines-n-387-l-ia-est-elle-un-bon-psy-collectif/,https://images.epagine.fr/989/3663322135989_1_m.jpg,1,2,Question ouverte (« bon psy ? ») sans mot de menace fort.,1,3,non,"Rejette explicitement fantasmes et discours anxiogènes ; dangers cités comme objet d'évaluation, pas de thèse.",0,agent
1111,Donnerons-nous notre langue au ChatGPT ? l'impact de l'IA sur notre avenir,,"Gilles Moyse, Etienne Klein",Le Robert,Temps De Parole,9782321019732,Grand format,17.90 €,14 Septembre 2023,https://www.librel.be/livre/9782321019732-donnerons-nous-notre-langue-au-chatgpt-l-impact-de-l-ia-sur-notre-avenir-gilles-moyse/,https://images.epagine.fr/732/9782321019732_1_m.jpg,2,2,"Jeu de mots « donner sa langue » : concession/perte face au ChatGPT, modéré.",2,2,non,Appelle à sortir de la fascination et des critiques irrationnelles ; questions ouvertes sur impacts.,0,agent
1112,"Moins d'Amérique dans nos vies : Face à l'IA, l'urgence d'une souveraineté numérique",,Bruno Giussani,Georg,Kraft,9782825713860,Grand format,10.00 €,26 Novembre 2025,https://www.librel.be/livre/9782825713860-moins-d-amerique-dans-nos-vies-face-a-l-ia-l-urgence-d-une-souverainete-numerique-bruno-giussani/,https://images.epagine.fr/860/9782825713860_1_m.jpg,3,2,« Urgence d'une souveraineté numérique » : menace géopolitique nette.,5,3,non,"« Vassaux » des Big Tech, soumission technologique : thèse de domination centrale et développée.",-2,agent
1113,IA : l'intuition et la création à l'épreuve des algorithmes,,Alban Leveau-Vallier,Champ Vallon,Milieux,9791026712084,Grand format,27.00 €,3 Novembre 2023,https://www.librel.be/livre/9791026712084-ia-l-intuition-et-la-creation-a-l-epreuve-des-algorithmes-alban-leveau-vallier/,https://images.epagine.fr/084/9791026712084_1_m.jpg,1,2,"« À l'épreuve des algorithmes » : tension évoquée, pas de mot de menace fort.",0,3,non,"Exploration philosophique de l'IA et de la pensée, ton neutre et interrogatif.",1,agent
1114,"Le code de la créativité : comment l'IA apprend à écrire, peindre et penser",,Marcus du Sautoy,Flammarion,Champs Sciences,9782080241993,Poche,12.00 €,5 Octobre 2022,https://www.librel.be/livre/9782080241993-le-code-de-la-creativite-comment-l-ia-apprend-a-ecrire-peindre-et-penser-marcus-du-sautoy/,https://images.epagine.fr/993/9782080241993_1_m.jpg,0,3,"Décrit des capacités créatives de l'IA, aucun mot de menace.",0,3,non,"Réflexion sur créativité et mathématiques de l'IA, ton neutre et exploratoire.",0,agent
1116,60 minutes pour découvrir l'IA générative,,Frédéric Manzano,Gereso,60 Minutes Pour,9791039710367,Grand format,20.00 €,27 Mars 2025,https://www.librel.be/livre/9791039710367-60-minutes-pour-decouvrir-l-ia-generative-frederic-manzano/,https://images.epagine.fr/367/9791039710367_1_m.jpg,0,3,"Neutre, pédagogique express.",0,3,non,"Introduction pratique à l'IA générative, précautions mentionnées en passant, ton neutre.",0,agent
1117,"Former à l'ère de l'IA : Gouvernance, Pédagogie, Transformations",,"Geoffrey Martinache, Romain Zerbib, Collectif",Ems,Questions De Société,9782386303005,Grand format,22.00 €,8 Janvier 2026,https://www.librel.be/livre/9782386303005-former-a-l-ere-de-l-ia-gouvernance-pedagogie-transformations-geoffrey-martinache-romain-zerbib-collectif/,https://images.epagine.fr/005/9782386303005_1_m.jpg,0,3,"Neutre, institutionnel (« gouvernance, pédagogie »).",0,2,non,Transformation de la formation par l'IA présentée comme levier d'innovation à saisir.,0,agent
1118,Hyperguerre : Comment l'IA révolutionne la guerre,,Jean-Michel Valantin,Nouveau Monde Éditions,,9782380946123,Grand format,20.00 €,23 Octobre 2024,https://www.librel.be/livre/9782380946123-hyperguerre-comment-l-ia-revolutionne-la-guerre-jean-michel-valantin/,https://images.epagine.fr/123/9782380946123_1_m.jpg,4,3,"« Hyperguerre », « révolutionne la guerre » : menace martiale frontale.",5,3,non,"Militarisation de l'IA, guerre cognitive universelle et permanente : thèse centrale développée.",-1,agent
1119,L'IA consciente n'est plus une utopie ! Il est encore temps de s'y préparer,,"Gilles Babinet, Jérôme Béranger",De Boeck Supérieur,Culture Scientifique,9782807359833,Grand format,21.90 €,29 Mai 2024,https://www.librel.be/livre/9782807359833-l-ia-consciente-n-est-plus-une-utopie-il-est-encore-temps-de-s-y-preparer-gilles-babinet-jerome-beranger/,https://images.epagine.fr/833/9782807359833_1_m.jpg,2,2,"« Il est encore temps de s'y préparer » : urgence modérée, non dramatique.",1,2,non,Exploration spéculative de la conscience artificielle ; dangers éthiques évoqués comme chapitre parmi d'autres.,1,agent
1120,Dernières nouvelles de l'IA,,Rodolphe Gelin,Flammarion,Champs Sciences,9782080253514,Poche,13.50 €,23 Février 2022,https://www.librel.be/livre/9782080253514-dernieres-nouvelles-de-l-ia-rodolphe-gelin/,https://images.epagine.fr/514/9782080253514_1_m.jpg,0,3,"Neutre, actualité générale.",0,3,non,"Histoire de l'IA visant à démystifier les idées reçues, ton factuel neutre.",0,agent
1121,"Projet n.412 : IA, une question de démocratie",,Collectif,Revue Projet,Projet,9782487472082,Revue,15.00 €,10 Juin 2026,https://www.librel.be/livre/9782487472082-projet-n-412-ia-une-question-de-democratie-collectif/,https://images.epagine.fr/082/9782487472082_1_m.jpg,1,2,"« Question de démocratie » : enjeu vague, aucun mot de menace fort.",5,2,non,"« Colonise nos imaginaires », menace la « survie démocratique » : thèse frontale, texte bref.",-4,agent
1122,De l'IA à l'intelligence clinique : Ce que le numérique fait au soin,,"Brenda Bogaert, Jean-Philippe Pierron",Le Bord de l'eau,Documents,9782385190637,Grand format,20.00 €,13 Septembre 2024,https://www.librel.be/livre/9782385190637-de-l-ia-a-l-intelligence-clinique-ce-que-le-numerique-fait-au-soin-brenda-bogaert-jean-philippe-pierron/,https://images.epagine.fr/637/9782385190637_1_m.jpg,0,2,"Descriptif neutre sur le soin, aucun mot de menace.",0,3,non,"Réflexion académique interrogative sur numérique et soin, aucun jugement négatif tranché.",0,agent
1123,Les IA en histoire-géographie : 45 fiches pratiques pour se lancer,,"Ludovic Chevassus, Paul Fermon, Elodie Thedenat-Clivier",Belin éducation,Tout Pour La Classe,9791035841775,Grand format,25.90 €,26 Août 2025,https://www.librel.be/livre/9791035841775-les-ia-en-histoire-geographie-45-fiches-pratiques-pour-se-lancer-ludovic-chevassus-paul-fermon-elodie-thedenat-clivier/,https://images.epagine.fr/775/9791035841775_1_m.jpg,0,3,"Neutre, pédagogique (« fiches pratiques »).",0,3,non,"Guide pratique pédagogique pour utiliser l'IA en cours, limites mentionnées en passant.",0,agent
1125,"L'IA au service du marketing : Apprendre à maîtriser ChatGPT, Midjourney et Dall·E pour booster son business",,Sylvain Montmory,Dunod,Marketing/Communication,9782100870141,Grand format,24.10 €,4 Septembre 2024,https://www.librel.be/livre/9782100870141-l-ia-au-service-du-marketing-apprendre-a-maitriser-chatgpt-midjourney-et-dall-e-pour-booster-son-business-sylvain-montmory/,https://images.epagine.fr/141/9782100870141_1_m.jpg,0,3,"« Booster son business » : positif, pratique.",0,3,non,"Retour d'expérience marketing avec ChatGPT, entièrement positif et pratique.",0,agent
1126,L'Homme diminué par l'IA ?,,Marius Bertolucci,Hermann,,9791037031570,Grand format,22.10 €,11 Octobre 2023,https://www.librel.be/livre/9791037031570-l-homme-diminue-par-l-ia-marius-bertolucci/,https://images.epagine.fr/570/9791037031570_1_m.jpg,4,3,"« L'Homme diminué » : perte/dégradation frontale, même en question.",4,2,non,"Dépendance, capacités diminuées, autonomie altérée présentées comme établies ; appel à encadrement strict.",0,agent
1127,L'IA des champs : Les graines d'un futur possible,,"Karine Cailleaux-Breton, David Joulin, Hervé Pillaud, Julien Denormandie",France Agricole,,9782855579641,Grand format,29.15 €,1 Avril 2026,https://www.librel.be/livre/9782855579641-l-ia-des-champs-les-graines-d-un-futur-possible-karine-cailleaux-breton-david-joulin-herve-pillaud/,https://images.epagine.fr/641/9782855579641_1_m.jpg,0,3,"« Graines d'un futur possible » : positif, ouvert.",0,3,non,"Guide pratique IA en agriculture, entièrement positif et concret.",0,agent
1129,L'IA expliquée à ma grand-mère et aux autres,,Arthur Gressier,Ecce,,9782351954317,Grand format,21.90 €,24 Juin 2026,https://www.librel.be/livre/9782351954317-l-ia-expliquee-a-ma-grand-mere-et-aux-autres-arthur-gressier/,https://images.epagine.fr/317/9782351954317_1_m.jpg,0,3,"Neutre, pédagogique grand public.",1,3,non,Explicitement « ni techno-béat ni alarmiste » ; peur citée comme perception à dépasser.,-1,agent
1130,"Analyse de données marketing avec l'IA : Pilotez vos actions avec ChatGPT, Excel et Power BI",,Magali Trelohan,Eni,Marketing Book,9782409051067,Grand format,29.00 €,18 Août 2025,https://www.librel.be/livre/9782409051067-analyse-de-donnees-marketing-avec-l-ia-pilotez-vos-actions-avec-chatgpt-excel-et-power-bi-magali-trelohan/,https://images.epagine.fr/067/9782409051067_1_m.jpg,0,3,"Neutre, outil marketing pratique.",0,3,non,"Guide marketing pratique avec IA, entièrement positif, aucun risque évoqué.",0,agent
1131,Revue d'économie financière n.159 : IA et finance,,"Alain-Gérard Slama, Marie Brière",Association d'Economie Financière,Revue D'Économie Financière,9782376471158,Revue,35.00 €,30 Octobre 2025,https://www.librel.be/livre/9782376471158-revue-d-economie-financiere-n-159-ia-et-finance-alain-gerard-slama-marie-briere/,https://images.epagine.fr/158/9782376471158_1_m.jpg,0,3,"Neutre, revue thématique académique.",2,2,non,"Espoirs et craintes (emplois, chômage, contrôle) présentés à égalité, futur incertain, non tranché.",-2,agent
1132,IA : Enjeux et responsabilités,,Gilles Rouet,CNRS,Les Essentiels D'Hermes,9782271155009,Poche,12.00 €,12 Juin 2025,https://www.librel.be/livre/9782271155009-ia-enjeux-et-responsabilites-gilles-rouet/,https://images.epagine.fr/009/9782271155009_1_m.jpg,0,2,"« Enjeux et responsabilités » : générique, aucun mot de menace direct.",3,2,non,"Défis éthiques, risques d'inégalités et manipulation posés comme question ouverte et non tranchée.",-3,agent
1133,"Méthodologie des exercices juridiques : Pour réussir les exercices juridiques posés en TD, aux partiels et à l'examen final. Intègre un focus sur l'utilisation de l'IA et ses risques",,Christophe Doubovetzky,Gualino,En Poche,9782297286374,Poche,5.50 €,19 Août 2025,https://www.librel.be/livre/9782297286374-methodologie-des-exercices-juridiques-pour-reussir-les-exercices-juridiques-poses-en-td-aux-partiels-et-a-l-examen-final-integre-un-focus-sur-l-utilisation-de-l-ia-et-ses-risques-10e-edition-christoph/,https://images.epagine.fr/374/9782297286374_1_m.jpg,2,2,"« Ses risques » mentionné, mais accessoire dans un titre méthodologique.",0,3,non,"Guide méthodologique juridique avec focus IA, aucune tonalité négative.",2,agent
1134,Le numérique-monde : Histoire et géopolitique de la logistique informationnelle. Du télégraphe à l'IA,,Pascal Robert,FYP,,9782364052536,Grand format,28.00 €,14 Mars 2025,https://www.librel.be/livre/9782364052536-le-numerique-monde-histoire-et-geopolitique-de-la-logistique-informationnelle-du-telegraphe-a-l-ia-pascal-robert/,https://images.epagine.fr/536/9782364052536_1_m.jpg,0,3,"Neutre, histoire/géopolitique de l'information.",2,2,non,"Bouleversement des pouvoirs par le numérique, IA à peine citée, ton analytique posé.",-2,agent
1135,TomCASTLE : Course à l'IA,,Nicola Bertani,Hello Editions,,9782384626045,Grand format,18.10 €,12 Juillet 2024,https://www.librel.be/livre/9782384626045-tomcastle-course-a-l-ia-nicola-bertani/,https://images.epagine.fr/045/9782384626045_1_m.jpg,1,2,"« Course à l'IA » évoque rivalité/compétition, sans mot de menace fort.",0,2,non,"Thriller d'espionnage; l'IA est un décor narratif, aucune thèse sur ses dangers réels.",1,agent
1137,Le marketing à l'ère des IA génératives : Enjeux et perspectives,,"Christian Goglin, Samuel Mayol, Collectif",Ems,Questions De Société,9782386302510,Grand format,22.00 €,18 Septembre 2025,https://www.librel.be/livre/9782386302510-le-marketing-a-l-ere-des-ia-generatives-enjeux-et-perspectives-christian-goglin-samuel-mayol-collectif/,https://images.epagine.fr/510/9782386302510_1_m.jpg,0,3,"« Enjeux et perspectives » neutre, professionnel.",0,3,non,"Ouvrage académique neutre sur le marketing et l'IA générative, ton descriptif.",0,agent
1139,Mieux gérer votre entreprise grâce à l'IA,,Brice Cornet,Edi Pro,Gestion & Management,9782874965531,Grand format,42.00 €,16 Décembre 2025,https://www.librel.be/livre/9782874965531-mieux-gerer-votre-entreprise-grace-a-l-ia-brice-cornet/,https://images.epagine.fr/531/9782874965531_1_m.jpg,0,3,"« Grâce à » positif, aucun mot de menace.",0,3,non,"Guide pratique de management par l'IA, entièrement positif et opérationnel.",0,agent
1140,"L'IA et la génération de texte : Comprendre et maîtriser ChatGPT, Gemini, Perplexity, Mistral, Claude",,Mickael Bertolla,Eni,Solutions Business,9782409047848,Grand format,24.00 €,8 Janvier 2025,https://www.librel.be/livre/9782409047848-l-ia-et-la-generation-de-texte-comprendre-et-maitriser-chatgpt-gemini-perplexity-mistral-claude-mickael-bertolla/,https://images.epagine.fr/848/9782409047848_1_m.jpg,0,3,"Titre pédagogique neutre, « comprendre et maîtriser ».",0,2,non,Guide pratique sur l'IA générative; défis éthiques mentionnés sans être développés.,0,agent
1141,IA générative et professionnels du droit : Comprendre et s'approprier la langue des probables,,"Yannick Meneceur, Alexandra Bensamoun",LexisNexis,Actualité,9782711041657,Grand format,35.15 €,13 Novembre 2024,https://www.librel.be/livre/9782711041657-ia-generative-et-professionnels-du-droit-comprendre-et-s-approprier-la-langue-des-probables-yannick-meneceur/,https://images.epagine.fr/657/9782711041657_1_m.jpg,0,3,"Neutre, « s'approprier » positif, cadre professionnel.",0,3,non,"Vulgarisation juridique et pratique, méthodologie de risques, ton neutre.",0,agent
1142,Change Tech : La gestion du changement à l'ère de l'IA,,"David Autissier, Jean-Michel Moutot",Ems,,9782386303654,Grand format,16.00 €,28 Mai 2026,https://www.librel.be/livre/9782386303654-change-tech-la-gestion-du-changement-a-l-ere-de-l-ia-david-autissier-jean-michel-moutot/,https://images.epagine.fr/654/9782386303654_1_m.jpg,0,3,"« Gestion du changement » neutre, professionnel.",2,2,non,"Risque de disparition des métiers évoqué, mais propos centré sur l'accompagnement du changement.",-2,agent
1143,Selfpressionnisme : Et si l'IA nous rendait plus humains ?,,Marie Dollé,Ems,Questions De Société,9782386303227,Grand format,18.00 €,22 Janvier 2026,https://www.librel.be/livre/9782386303227-selfpressionnisme-et-si-l-ia-nous-rendait-plus-humains-marie-dolle/,https://images.epagine.fr/227/9782386303227_1_m.jpg,0,2,"Question positive, « plus humains » rassurant.",1,2,non,Défis de l'époque cités en passant; manifeste positif pour un humain plus vivant.,-1,agent
1144,"Maîtriser l'IA générative dans la communication et le marketing : Chat GPT, Midjourney...",,"Eliott Maidenberg, Edouard Fillias",Ellipses,Actu' Gestion,9782340087675,Grand format,22.00 €,5 Mars 2024,https://www.librel.be/livre/9782340087675-maitriser-l-ia-generative-dans-la-communication-et-le-marketing-chat-gpt-midjourney-eliott-maidenberg/,https://images.epagine.fr/675/9782340087675_1_m.jpg,0,3,"Neutre, pratique, communication et marketing.",1,2,non,"Démystifie explicitement les critiques caricaturales de l'IA générative, ton enthousiaste.",-1,agent
1145,Je maîtrise : Les IA textuelles en formation,,Dhorne Lucie,Clic Editions,Je Maîtrise,9782494017122,Grand format,24.99 €,23 Octobre 2024,https://www.librel.be/livre/9782494017122-je-maitrise-les-ia-textuelles-en-formation-dhorne-lucie/,https://images.epagine.fr/122/9782494017122_1_m.jpg,0,3,"Neutre, pédagogique, « en formation ».",0,3,non,"Guide pratique de prompts pour la formation, entièrement positif.",0,agent
1146,Travailler à l'ère des IA génératives : Quand le futur du travail est en avance,,"Jérémy Lamri, Rébecca Renverseau, Gaspard Tertrais, Aurora Silver",Ems,Questions De Société,9782386302473,Grand format,25.00 €,4 Septembre 2025,https://www.librel.be/livre/9782386302473-travailler-a-l-ere-des-ia-generatives-quand-le-futur-du-travail-est-en-avance-2e-edition-jeremy-lamri-rebecca-renverseau-gaspard-tertrais-aurora-silver/,https://images.epagine.fr/473/9782386302473_1_m.jpg,0,2,"« En avance » positif, aucune menace nommée.",2,2,non,Craintes citées puis dépassées; appel dominant à saisir les opportunités avec vigilance.,-2,agent
1147,L'IA en low-code : Initiation pratique et concrète aux mécanismes de l'apprentissage automatique,,"Michael Abel, Gwendolyn Stripling",Éditions First,,9782412098370,Grand format,32.95 €,21 Novembre 2024,https://www.librel.be/livre/9782412098370-l-ia-en-low-code-initiation-pratique-et-concrete-aux-mecanismes-de-l-apprentissage-automatique-michael-abel-gwendolyn-stripling/,https://images.epagine.fr/370/9782412098370_1_m.jpg,0,3,"Neutre, initiation pratique.",0,3,non,"Manuel technique de machine learning, entièrement pratique et neutre.",0,agent
1148,L'art face à l'ia : vers un imaginaire augmenté,,Hugues Dufour,FYP,Vertiges,9782364052260,Grand format,23.90 €,3 Février 2023,https://www.librel.be/livre/9782364052260-l-art-face-a-l-ia-vers-un-imaginaire-augmente-hugues-dufour/,https://images.epagine.fr/260/9782364052260_1_m.jpg,1,2,"« Face à » suggère une tension légère, « augmenté » reste positif.",2,2,non,"Transformation « irrémédiable » évoquée, mais résolue par une collaboration harmonieuse annoncée.",-1,agent
1149,"Scratch 3 : S'initier à la programmation, à la robotique et à l'IA par le jeu",,Sarah Lacaze,Eni,La Fabrique,9782409044885,Grand format,30.95 €,17 Mai 2024,https://www.librel.be/livre/9782409044885-scratch-3-s-initier-a-la-programmation-a-la-robotique-et-a-l-ia-par-le-jeu-2e-edition-sarah-lacaze/,https://images.epagine.fr/885/9782409044885_1_m.jpg,0,3,"Neutre, ludique et éducatif, « par le jeu ».",0,3,non,"Manuel pédagogique de programmation Scratch pour enfants, neutre.",0,agent
1150,IA et éducation : Quand les robots donneront cours !,,"Eesa Bastaki, Virginie Martin, Marcel Saucet",Ems,Questions De Société,9782386302763,Grand format,22.00 €,18 Septembre 2025,https://www.librel.be/livre/9782386302763-ia-et-education-quand-les-robots-donneront-cours-eesa-bastaki-virginie-martin-marcel-saucet/,https://images.epagine.fr/763/9782386302763_1_m.jpg,1,2,"Image insolite « robots donneront cours », pas de menace nommée.",3,2,non,"Dépossession et bouleversements éducatifs pris au sérieux, mais explicitement « ni technophile ni technophobe ».",-2,agent
1151,ChatGPT décodé : Comment fonctionne l'IA qui révolutionne notre monde ?,,Stephen Wolfram,Diateino,,9782354567354,Grand format,16.90 €,18 Janvier 2024,https://www.librel.be/livre/9782354567354-chatgpt-decode-comment-fonctionne-l-ia-qui-revolutionne-notre-monde-stephen-wolfram/,https://images.epagine.fr/354/9782354567354_1_m.jpg,0,2,"« Révolutionne » neutre/positif, pas de mot de menace.",0,3,non,"Explication pédagogique du fonctionnement de ChatGPT, ton neutre et admiratif.",0,agent
1152,"Zed, agent I.A. Tome 2 : Le tableau disparu",,Christian Grenier,Rageot,Heure Noire,9782700284836,Poche,8.05 €,26 Août 2025,https://www.librel.be/livre/9782700284836-zed-agent-i-a-tome-2-le-tableau-disparu-christian-grenier/,https://images.epagine.fr/836/9782700284836_1_m.jpg,0,2,"Fiction, « disparu » concerne un tableau, pas l'IA.",0,3,non,"Roman policier jeunesse avec robot-IA allié, aucune menace.",0,agent
1154,Utiliser l'IA pour construire ses cours en Primaire : 45 fiches pratiques pour se lancer,,"Sandrine Dhenin, Pierre Lignée, Nabila Errami",Belin éducation,Tout Pour La Classe,9791035846237,Grand format,29.90 €,18 Juin 2026,https://www.librel.be/livre/9791035846237-utiliser-l-ia-pour-construire-ses-cours-en-primaire-45-fiches-pratiques-pour-se-lancer-sandrine-dhenin-pierre-lignee-nabila-errami/,https://images.epagine.fr/237/9791035846237_1_m.jpg,0,3,"Neutre, pratique pédagogique, « fiches pratiques ».",0,3,non,"Guide pratique pour enseignants, limites mentionnées de façon constructive.",0,agent
1156,"Démocratia : ""une époque formidable 2023"" au revelateur de l'IA",,Denis Lafay,Editions de l'Aube,Monde En Soi,9782815959292,Grand format,20.00 €,5 Janvier 2024,https://www.librel.be/livre/9782815959292-democratia-une-epoque-formidable-2023-au-revelateur-de-l-ia-denis-lafay/,https://images.epagine.fr/292/9782815959292_1_m.jpg,1,1,"« Révélateur » ambigu, ironie possible, pas de menace nommée.",0,2,non,"IA utilisée comme outil de transcription de débats sociétaux, ton curieux et neutre.",1,agent
1157,Voyage au coeur de l'IA : Du destin humain à l'âme des machines ; l'éthique et la quête de la conscience artificielle,,Thibault Verbiest,Ariane,,9782896266524,Grand format,17.80 €,12 Novembre 2024,https://www.librel.be/livre/9782896266524-voyage-au-coeur-de-l-ia-du-destin-humain-a-l-ame-des-machines-l-ethique-et-la-quete-de-la-conscience-artificielle-thibault-verbiest/,https://images.epagine.fr/524/9782896266524_1_m.jpg,0,2,"Registre philosophique, « quête » neutre, pas de menace.",4,2,non,L'IA surpasse nos capacités et remet en cause notre « suprématie ontologique » : thèse développée.,-4,agent
1159,Travailler avec les IA génératives : Outil bureautique ou game-changer ? Enquête dans les métiers du conseil,,"Marie-Laure Cahier, Pierre Quesson",Presses De L'Ecole Des Mines,Chaire Futurs De L'Industrie Et Du Travail (Fit²),9782385427030,Grand format,19.00 €,8 Mai 2025,https://www.librel.be/livre/9782385427030-travailler-avec-les-ia-generatives-outil-bureautique-ou-game-changer-enquete-dans-les-metiers-du-conseil-marie-laure-cahier-pierre-quesson/,https://images.epagine.fr/030/9782385427030_1_m.jpg,0,3,"Question neutre, « outil ou game-changer » sans menace.",3,2,non,Tensions productivité/travail réel mises en lumière comme question de recherche ouverte.,-3,agent
1160,Géopolitique de l'IA : les relations internationales à l'épreuve de la mise en données du monde,,"Jamal Atif, John Peter Burgess, Isabelle Ryl",Éditions du Cavalier Bleu,Géopolitique De...,9791031805078,Grand format,19.90 €,25 Août 2022,https://www.librel.be/livre/9791031805078-geopolitique-de-l-ia-les-relations-internationales-a-l-epreuve-de-la-mise-en-donnees-du-monde-jamal-atif-john-peter-burgess-isabelle-ryl/,https://images.epagine.fr/078/9791031805078_1_m.jpg,1,2,"« À l'épreuve » suggère une tension, sans mot de menace direct.",3,2,non,"GAFAM quasi-États, nouvelles armes, ingérence électorale décrits comme enjeu de gouvernance ouvert.",-2,agent
1161,"L'IA générative pour les géomaticiens : S'outiller, automatiser, penser autrement",,Emmanuel Ndofunsu,D-BookeR,Informatique Pro,9782822711807,Grand format,38.00 €,23 Avril 2026,https://www.librel.be/livre/9782822711807-l-ia-generative-pour-les-geomaticiens-s-outiller-automatiser-penser-autrement-emmanuel-ndofunsu/,https://images.epagine.fr/807/9782822711807_1_m.jpg,0,3,"Neutre, pratique, « s'outiller, automatiser ».",0,3,non,"Délégation de tâches répétitives à l'IA, ton pratique et positif.",0,agent
1162,"BIM computationnel, des données vers l'IA : Ingénierie & architecture, enseignement & recherche",,"Collectif, Aurélie de Boissieu",Eyrolles,Blanche Btp,9782416015113,Grand format,39.90 €,29 Février 2024,https://www.librel.be/livre/9782416015113-bim-computationnel-des-donnees-vers-l-ia-ingenierie-architecture-enseignement-recherche-collectif-aurelie-de-boissieu/,https://images.epagine.fr/113/9782416015113_1_m.jpg,0,3,"Neutre, technique et académique.",0,3,non,"Ouvrage académique sur le BIM et l'IA dans la construction, ton neutre et exhaustif.",0,agent
1163,IA Q : Les cinq vies de Martin Kessler,,Roland Portiche,Jacques-Marie Laffont Éditions,,9782488325608,Grand format,22.10 €,19 Mars 2026,https://www.librel.be/livre/9782488325608-ia-q-les-cinq-vies-de-martin-kessler-roland-portiche/,https://images.epagine.fr/608/9782488325608_1_m.jpg,0,2,"Titre de fiction énigmatique, aucune menace explicite.",0,2,non,"Science-fiction ; la terreur des personnages est un ressort narratif, pas une thèse.",0,agent
1164,Humain ou IA ? qui décidera le futur ? défis et opportunités d'un monde où l'IA nous dépasse,,"Grégoire Colombet, Jean-philippe Desbiolles",Dunod,,9782100844319,Grand format,20.00 €,15 Mars 2023,https://www.librel.be/livre/9782100844319-humain-ou-ia-qui-decidera-le-futur-defis-et-opportunites-d-un-monde-ou-l-ia-nous-depasse-gregoire-colombet-jean-philippe-desbiolles/,https://images.epagine.fr/319/9782100844319_1_m.jpg,4,2,"« L'IA nous dépasse » : domination explicite, tempérée par « opportunités ».",1,3,non,"Rejette explicitement les « scénarios apocalyptiques », prône la conciliation IA/humains.",3,agent
1167,L'IA pour la formation,,Lucie Dhorne,Clic Editions,,9782494017191,Grand format,24.99 €,30 Décembre 2024,https://www.librel.be/livre/9782494017191-l-ia-pour-la-formation-lucie-dhorne/,https://images.epagine.fr/191/9782494017191_1_m.jpg,0,3,Neutre.,0,3,non,Guide pratique et positif pour utiliser l'IA générative en formation.,0,agent
1168,Utop'IA,,Herji,PPUR,Metis Lyontech,9782889156634,Grand format,14.90 €,8 Mai 2025,https://www.librel.be/livre/9782889156634-utop-ia-herji/,https://images.epagine.fr/634/9782889156634_1_m.jpg,0,2,"Jeu de mots positif sur « utopie », aucune menace.",3,2,non,"Débat ouvert (mines, écologie) entre deux thèses, question finale réellement non tranchée.",-3,agent
1169,Microsoft Copilot : Optimisez votre productivité en collaborant avec l'IA,,Gilles Balmisse,Eni,Solutions Business,9782409046742,Grand format,24.00 €,13 Novembre 2024,https://www.librel.be/livre/9782409046742-microsoft-copilot-optimisez-votre-productivite-en-collaborant-avec-l-ia-gilles-balmisse/,https://images.epagine.fr/742/9782409046742_1_m.jpg,0,3,"« Collaborant » positif, aucune menace.",0,3,non,"Guide pratique et enthousiaste sur Microsoft Copilot, aucun risque évoqué.",0,agent
1170,L'IA : du mythe à la réalité,,Nastasia Saby,Eni,Référence Bureautique,9782409046223,Grand format,21.95 €,11 Septembre 2024,https://www.librel.be/livre/9782409046223-l-ia-du-mythe-a-la-realite-nastasia-saby/,https://images.epagine.fr/223/9782409046223_1_m.jpg,0,3,"Démystification neutre, « du mythe à la réalité ».",1,3,non,"Craintes (emplois, existence) citées puis explicitement nuancées et démystifiées.",-1,agent
1171,"Boostez votre business avec l'IA : Productivité, marketing, communication, gestion, design : faites de l'IA votre meilleure alliée !",,Sane Lebrun,Vuibert,,9782311627831,Grand format,22.00 €,2 Septembre 2024,https://www.librel.be/livre/9782311627831-boostez-votre-business-avec-l-ia-productivite-marketing-communication-gestion-design-faites-de-l-ia-votre-meilleure-alliee-sane-lebrun/,https://images.epagine.fr/831/9782311627831_1_m.jpg,0,3,« Meilleure alliée » : explicitement rassurant.,0,3,non,Guide pratique pour utiliser l'IA au service de son entreprise.,0,agent
1172,Guide de soudage automatique et mécanisé : Analyse de cas industriels. État de l'art du soudage auto-adaptatif et apport de l'IA,,Stéphane Leclerc,Technip,,9782710812050,Grand format,35.00 €,3 Septembre 2026,https://www.librel.be/livre/9782710812050-guide-de-soudage-automatique-et-mecanise-analyse-de-cas-industriels-etat-de-l-art-du-soudage-auto-adaptatif-et-apport-de-l-ia-stephane-leclerc/,https://images.epagine.fr/050/9782710812050_1_m.jpg,0,3,"Neutre, technique industriel.",0,3,non,"Guide technique de soudage industriel ; IA mentionnée en passant, non critique.",0,agent
1173,Droit d'auteur et IA : propositions françaises pour un droit européen : Rapports au Conseil supérieur de la propriété littéraire et artistique,,Alexandra Bensamoun,LexisNexis,,9782711043781,Grand format,35.15 €,21 Janvier 2026,https://www.librel.be/livre/9782711043781-droit-d-auteur-et-ia-propositions-francaises-pour-un-droit-europeen-rapports-au-conseil-superieur-de-la-propriete-litteraire-et-artistique-alexandra-bensamoun/,https://images.epagine.fr/781/9782711043781_1_m.jpg,0,3,"Neutre, juridique.",0,3,non,"Rapport juridique factuel sur droit d'auteur et IA, ton informatif.",0,agent
1174,Le règlement européen sur l'IA et au-delà : Quel encadrement de l'IA ?,,Olivia Tambou,Bruylant,Droit De L'Union Européenne,9782802775461,Grand format,125.00 €,9 Octobre 2025,https://www.librel.be/livre/9782802775461-le-reglement-europeen-sur-l-ia-et-au-dela-quel-encadrement-de-l-ia/,https://images.epagine.fr/461/9782802775461_1_m.jpg,0,3,"Question neutre, réglementaire, « quel encadrement ».",0,3,non,"Actes de colloque juridique sur le règlement IA, ton académique neutre.",0,agent
1175,Droit des start-up et de l'innovation : Approche pratique à l'ère du digital et de l'IA,,"Rachid Rhattat, Alexandre Quiquerez, Christiane Féral-Schuhl, Christophe Roquilly, Antoine Masson",Larcier,"Droit, Management Et Stratégie",9782807947061,Grand format,70.00 €,29 Octobre 2025,https://www.librel.be/livre/9782807947061-droit-des-start-up-et-de-l-innovation-approche-pratique-a-l-ere-du-digital-et-de-l-ia-rachid-rhattat-alexandre-quiquerez/,https://images.epagine.fr/061/9782807947061_1_m.jpg,0,3,"Neutre, juridique.",0,3,non,"Guide juridique création de start-up ; IA non centrale, ton pratique.",0,agent
1178,L'IA au service de la gestion de projet : Transformons nos pratiques,,"Mohammed Elmehdi El Guarni, Gaëlle Fay, Jean-Claude Dravet, Ricardo Vargas",Afnor,,9782124659371,Grand format,26.00 €,9 Octobre 2025,https://www.librel.be/livre/9782124659371-l-ia-au-service-de-la-gestion-de-projet-transformons-nos-pratiques-mohammed-elmehdi-el-guarni-gaelle-fay/,https://images.epagine.fr/371/9782124659371_1_m.jpg,0,3,"« Au service de » positif, aucune menace.",0,3,non,IA présentée comme allié positif pour la gestion de projet.,0,agent
1179,"Décision humaine, décision de l'IA : Analyses interdisciplinaires sur le contrôle humain des systèmes d'IA",,"Nathalie Nevejans, Collectif",Mare & Martin,Droit Privé & Sciences Criminelles,9782386001710,Grand format,37.00 €,9 Octobre 2025,https://www.librel.be/livre/9782386001710-decision-humaine-decision-de-l-ia-analyses-interdisciplinaires-sur-le-controle-humain-des-systemes-d-ia-nathalie-nevejans-collectif/,https://images.epagine.fr/710/9782386001710_1_m.jpg,0,3,"« Contrôle humain » rassurant, cadre académique.",3,2,non,"Explore le contrôle humain face aux biais et boîtes noires, réflexion ouverte.",-3,agent
1180,"Les grands principes du marketing de l'assurance : stratégie, IA, expérience client, RSE",,"Christian Parmentier, Alexandre Rispal, Michel Huyghues-Beaufond",L'Argus De L'Assurance,Les Fondamentaux,9782354744687,Grand format,75.35 €,25 Octobre 2023,https://www.librel.be/livre/9782354744687-les-grands-principes-du-marketing-de-l-assurance-strategie-ia-experience-client-rse-christian-parmentier-alexandre-rispal-michel-huyghues-beaufond/,https://images.epagine.fr/687/9782354744687_1_m.jpg,0,3,"Neutre, professionnel.",0,3,non,Marketing assurance ; IA citée en passant parmi outils digitaux.,0,agent
1181,"Rechercher l'information stratégique sur le web : Sourcing, veille et analyse à l'heure de l'IA",,Véronique Mesguich,De Boeck Supérieur,Information & Stratégie,9782807361409,Grand format,27.90 €,2 Mai 2024,https://www.librel.be/livre/9782807361409-rechercher-l-information-strategique-sur-le-web-sourcing-veille-et-analyse-a-l-heure-de-l-ia-veronique-mesguich/,https://images.epagine.fr/409/9782807361409_1_m.jpg,0,3,"Neutre, professionnel, « sourcing, veille ».",0,3,non,Guide pratique de veille stratégique et recherche d'information numérique.,0,agent
1182,Traits urbains n.160 : Urbanisme sous IA,,Collectif,Traits Urbains,Traits Urbains,3663322137556,Revue,25.00 €,7 Août 2026,https://www.librel.be/livre/3663322137556-traits-urbains-n-160-urbanisme-sous-ia-collectif/,https://images.epagine.fr/556/3663322137556_1_m.jpg,1,1,"« Sous IA » suggère une subordination possible, formulation ambiguë.",0,1,oui,Description vide.,1,agent
1184,Le nouveau temps : comment reprendre le contrôle à l'ère de l'IA,,Rafik Smati,Eyrolles,,9782416013973,Grand format,18.00 €,2 Novembre 2023,https://www.librel.be/livre/9782416013973-le-nouveau-temps-comment-reprendre-le-controle-a-l-ere-de-l-ia-rafik-smati/,https://images.epagine.fr/973/9782416013973_1_m.jpg,3,2,« Reprendre le contrôle » implique une perte de contrôle à combattre.,1,2,non,Menace d'être « dépassé » évoquée puis résolue en guide positif d'adaptation.,2,agent
1185,"IA, droit et réglementation des objets connectés",,Frédéric Forster,Larcier,,9782802777700,Grand format,75.00 €,16 Avril 2026,https://www.librel.be/livre/9782802777700-ia-droit-et-reglementation-des-objets-connectes-frederic-forster/,https://images.epagine.fr/700/9782802777700_1_m.jpg,0,3,"Neutre, juridique.",0,3,non,"Guide juridique sur objets connectés et régulations (RGPD, AI Act), neutre.",0,agent
1186,Qui a voulu effacer Alice Recoque ? Sur les traces d'une pionnière oubliée de l'IA,,"Marion Carré, Michelle Perrot",Fayard,Documents Fayard,9782213726595,Grand format,20.10 €,28 Février 2024,https://www.librel.be/livre/9782213726595-qui-a-voulu-effacer-alice-recoque-sur-les-traces-d-une-pionniere-oubliee-de-l-ia-marion-carre/,https://images.epagine.fr/595/9782213726595_1_m.jpg,1,2,"« Effacer » dramatique, mais vise l'oubli d'une personne, pas l'IA.",0,3,non,"Biographie féministe d'une pionnière de l'IA, pas de critique de la technologie.",1,agent
1187,IA : La course entre la Chine et les États-Unis,,Hugo Gonzalez,Éditions L'Harmattan,Inter-National,9782336526898,Grand format,24.00 €,24 Avril 2025,https://www.librel.be/livre/9782336526898-ia-la-course-entre-la-chine-et-les-etats-unis-hugo-gonzalez/,https://images.epagine.fr/898/9782336526898_1_m.jpg,2,2,"« Course » évoque une rivalité géopolitique, sans mot de menace fort.",3,2,non,Course IA Chine/États-Unis ; surveillance et autoritarisme évoqués sur ton dramatique ouvert.,-1,agent
1188,Travailler avec l'IA dans les industries culturelles et créatives : Manifeste sur l'utilisation de l'IA Act,,"Sotiris Manitsaris, Alina Glushkova, Alexandros Spyridonos, Gavriela Senteri",Presses De L'Ecole Des Mines,Mathématiques Et Informatique,9782385426781,Grand format,19.00 €,24 Avril 2025,https://www.librel.be/livre/9782385426781-travailler-avec-l-ia-dans-les-industries-culturelles-et-creatives-manifeste-sur-l-utilisation-de-l-ia-act-sotiris-manitsaris-alina-glushkova-alexandros-spyridonos-gavriela-senteri/,https://images.epagine.fr/781/9782385426781_1_m.jpg,0,3,"Neutre, réglementaire et professionnel.",2,2,non,"Préoccupations éthiques/emploi mentionnées, mais dialogue académique équilibré sur l'AI Act.",-2,agent
1189,"L'IA, moi et les autres : Être remplacé ou augmenté: choisir son camp",,Frédéric Soussin,JEAN-CYRILLE GODEFROY,,9782865533770,Grand format,16.50 €,23 Avril 2026,https://www.librel.be/livre/9782865533770-l-ia-moi-et-les-autres-etre-remplace-ou-augmente-choisir-son-camp-frederic-soussin/,https://images.epagine.fr/770/9782865533770_1_m.jpg,4,2,« Être remplacé » et « choisir son camp » : remplacement et conflit frontaux.,1,3,non,"« On vous a menti » : peurs (remplacement, asservissement) explicitement démenties.",3,agent
1191,Les nouveaux outils de l'entreprise de demain : Comment déployer les nouvelles technologies et l'IA,,Philippe Mounier,Afnor,,9782124658923,Poche,10.90 €,17 Octobre 2024,https://www.librel.be/livre/9782124658923-les-nouveaux-outils-de-l-entreprise-de-demain-comment-deployer-les-nouvelles-technologies-et-l-ia-philippe-mounier/,https://images.epagine.fr/923/9782124658923_1_m.jpg,0,3,"Neutre, professionnel.",0,3,non,IA présentée positivement comme clé de l'entreprise du futur.,0,agent
1192,Du Big Data au Smart Data : Révolution des données et IA économe,,"Ulrich Espédit Soglo, Margot Georges",Les Impliques,,9791042808150,Grand format,23.00 €,30 Octobre 2025,https://www.librel.be/livre/9791042808150-du-big-data-au-smart-data-revolution-des-donnees-et-ia-econome-ulrich-espedit-soglo/,https://images.epagine.fr/150/9791042808150_1_m.jpg,0,3,"« Révolution » neutre/positif, « économe » rassurant.",1,2,non,Big Data critiqué comme saturant les décisions ; résolu par alternative positive.,-1,agent
1193,"Et si la tech pouvait sauver le monde ? IA, ChatGPT, Metavers... au service de l'intérêt général",,Fatie Toko,Editions de l'Aube,La Terre En Vie,9782815959223,Grand format,21.00 €,5 Avril 2024,https://www.librel.be/livre/9782815959223-et-si-la-tech-pouvait-sauver-le-monde-ia-chatgpt-metavers-au-service-de-l-interet-general-fatie-toko/,https://images.epagine.fr/223/9782815959223_1_m.jpg,0,3,« Sauver le monde » : explicitement positif.,1,2,non,Rejette explicitement la tentation du pessimisme technologique.,-1,agent
1194,"Le nouvel horizon de la transformation digitale : Focus sur les données, cap vers l'IA",,"Pejman Gohari, Jean Barrère, Nouamane Cherkaoui",Dunod,,9782100869817,Grand format,25.10 €,11 Septembre 2024,https://www.librel.be/livre/9782100869817-le-nouvel-horizon-de-la-transformation-digitale-focus-sur-les-donnees-cap-vers-l-ia-2e-edition-pejman-gohari-jean-barrere-nouamane-cherkaoui/,https://images.epagine.fr/817/9782100869817_1_m.jpg,0,3,"« Nouvel horizon » positif, aucune menace.",0,2,non,IA présentée comme levier positif pour la transformation digitale.,0,agent
1197,Maîtriser l'IA au service de l'action publique : une responsabilité individuelle et collective,,"Collectif, Christian Paul, Daniel Le métayer",Berger-Levrault,Au Fil Du Débat - Action Publique,9782701321837,Grand format,29.00 €,5 Janvier 2023,https://www.librel.be/livre/9782701321837-maitriser-l-ia-au-service-de-l-action-publique-une-responsabilite-individuelle-et-collective-collectif-christian-paul-daniel-le-metayer/,https://images.epagine.fr/837/9782701321837_1_m.jpg,0,3,"« Maîtriser » et « responsabilité collective » : neutre, cadre institutionnel.",2,3,non,"Risques (biais, contrôle, vie privée) cités mais équilibrés avec les bénéfices, sans thèse tranchée.",-2,agent
1198,Le Saut Décisif : Construire l'avenir de l'Afrique à l'ère de l'IA,,Karim Beguir,L'Adn,,9791094283448,Grand format,16.00 €,10 Avril 2025,https://www.librel.be/livre/9791094283448-le-saut-decisif-construire-l-avenir-de-l-afrique-a-l-ere-de-l-ia-karim-beguir/,https://images.epagine.fr/448/9791094283448_1_m.jpg,0,3,"« Saut décisif », « construire l'avenir » : positif, aucun mot de menace.",1,2,non,Risque de retard de l'Afrique évoqué puis résolu par une « meilleure voie » optimiste.,-1,agent
1199,ChatGPT : Il était une fois une IA régressive,,Hugues Bersini,Université de Bruxelles,Débats,9782800418551,Grand format,10.00 €,9 Novembre 2023,https://www.librel.be/livre/9782800418551-chatgpt-il-etait-une-fois-une-ia-regressive-hugues-bersini/,https://images.epagine.fr/551/9782800418551_1_m.jpg,3,2,"« IA régressive » : jugement négatif net, formulation conte neutre autour.",1,2,non,"Question sur le coût énergétique posée puis intégrée à une exploration curieuse, ton léger.",2,agent
1200,"Déliés : Compagnons IA, réseaux sociaux, jeux en ligne, applis de rencontre: quand la solitude devient un système",,Chloé Morin,Editions de L'Observatoire,,9791032937969,Grand format,23.00 €,24 Septembre 2026,https://www.librel.be/livre/9791032937969-delies-compagnons-ia-reseaux-sociaux-jeux-en-ligne-applis-de-rencontre-quand-la-solitude-devient-un-systeme-chloe-morin/,https://images.epagine.fr/969/9791032937969_1_m.jpg,4,2,"« la solitude devient un système » : menace sociale frontale, angle dominant.",2,2,non,Compagnons IA cités comme exemple clinique secondaire d'une critique sociale plus large du « déliement ».,2,agent
1202,Control : l'ère de l'IA et de l'hypersurveillance a déjà commencé,,"August Cole, P.W. Singer, David Fauquemberg",Buchet Chastel,Littérature Étrangère,9782283036105,Grand format,22.90 €,2 Juin 2022,https://www.librel.be/livre/9782283036105-control-l-ere-de-l-ia-et-de-l-hypersurveillance-a-deja-commence-august-cole-p-w-singer/,https://images.epagine.fr/105/9782283036105_1_m.jpg,5,2,"« hypersurveillance a déjà commencé » : menace centrale, formulation frontale et urgente.",3,2,non,"Thriller dystopique IA/automatisation/violence, mais explicitement présenté comme « menaces et espoirs » mêlés.",2,agent
1203,"RenAIssance : IA, art et culture au XXie siècle",,Diana Landi,Ovadia,,9782363926425,Grand format,20.00 €,30 Avril 2025,https://www.librel.be/livre/9782363926425-renaissance-ia-art-et-culture-au-xxie-siecle-diana-landi/,https://images.epagine.fr/425/9782363926425_1_m.jpg,0,3,"« RenAIssance » jeu de mots positif, art et culture, aucune menace.",0,3,non,"Convergence positive art-IA, ton célébratoire, aucune menace développée.",0,agent
1204,L'éthique et le droit à l'ère de l'IA : Vers un paradigme éthicratique,,Thibault Verbiest,Anthemis,,9782807217348,Grand format,39.00 €,8 Septembre 2026,https://www.librel.be/livre/9782807217348-l-ethique-et-le-droit-a-l-ere-de-l-ia-vers-un-paradigme-ethicratique-thibault-verbiest/,https://images.epagine.fr/348/9782807217348_1_m.jpg,0,3,"Neutre, académique, « paradigme éthicratique » sans mot de menace.",0,2,non,"Réforme du droit face à la complexité technologique, ton constructif et visionnaire, pas de menace.",0,agent
1205,"L'avenir appartient aux PME : Environnement, IA, progrès, lien social... Pourquoi les PME sont la clé des enjeux de demain",,Bernard Cohen-Hadad,Dunod,,9782100866977,Grand format,17.00 €,17 Avril 2024,https://www.librel.be/livre/9782100866977-l-avenir-appartient-aux-pme-environnement-ia-progres-lien-social-pourquoi-les-pme-sont-la-cle-des-enjeux-de-demain-bernard-cohen-hadad/,https://images.epagine.fr/977/9782100866977_1_m.jpg,0,3,"« L'avenir appartient », « clé des enjeux » : cadrage positif, neutre.",0,3,non,"Hors-sujet : essai sur les PME françaises, aucune mention de l'intelligence artificielle.",0,agent
1206,Tour d'horizon des IA génératives : Des algorithmes à l'automatisation,,Michel Rosa,Coshax,,9782487511132,Grand format,21.00 €,10 Novembre 2025,https://www.librel.be/livre/9782487511132-tour-d-horizon-des-ia-generatives-des-algorithmes-a-l-automatisation-michel-rosa/,https://images.epagine.fr/132/9782487511132_1_m.jpg,0,3,"Neutre, descriptif technique, aucune évocation de risque.",0,3,non,"Cartographie pratique des IA génératives et du prompt engineering, ton neutre et technique.",0,agent
1207,L'Église et l'éducation aux médias à l'ère des réseaux sociaux et de l'IA : Une urgence pastorale universelle,,"Francis Barbey, Myriam Odile Blin",Éditions L'Harmattan,Éducation Et Médias,9782336589077,Grand format,21.00 €,22 Janvier 2026,https://www.librel.be/livre/9782336589077-l-eglise-et-l-education-aux-medias-a-l-ere-des-reseaux-sociaux-et-de-l-ia-une-urgence-pastorale-universelle-francis-barbey/,https://images.epagine.fr/077/9782336589077_1_m.jpg,2,2,"« urgence pastorale » : mot d'inquiétude modéré, non dramatique, non central.",0,3,non,"Rôle de l'Église et outils numériques pour l'évangélisation, hors-sujet IA, ton neutre.",2,agent
1208,Cités Tome 103 : Pourquoi encore apprendre ? A l'heure du relativisme de l'IA,,Collectif,PUF,Cités,9782130877226,Grand format,20.00 €,22 Octobre 2025,https://www.librel.be/livre/9782130877226-cites-tome-103-pourquoi-encore-apprendre-a-l-heure-du-relativisme-de-l-ia-edition-2025-collectif/,https://images.epagine.fr/226/9782130877226_1_m.jpg,2,2,"« Pourquoi encore apprendre ? », « relativisme » : doute modéré sur la valeur du savoir.",2,2,non,"Critique diffuse de technologies érodant l'apprentissage et l'autonomie ; IA seulement implicite, non développée.",0,agent
1209,Le sens de l'IA à l'école de Pascal entrepreneur,,Etienne de Rocquigny,Boleine,,9782490081561,Grand format,17.10 €,7 Novembre 2023,https://www.librel.be/livre/9782490081561-le-sens-de-l-ia-a-l-ecole-de-pascal-entrepreneur-etienne-de-rocquigny/,https://images.epagine.fr/561/9782490081561_1_m.jpg,0,3,"Neutre, référence entrepreneuriale, aucune menace.",1,2,non,Question de la liberté face aux machines posée puis résolue en éloge mesuré de l'entrepreneuriat IA.,-1,agent
1210,"Du Big Data à l'IA : 60 ans d'expérience en traitement des données, des informations et des connaissances à Grenoble",,"Collectif, Michel Adiba, Jean-Pierre Giraudin",Uga Editions,Prométhée,9782377474882,Grand format,45.00 €,7 Novembre 2024,https://www.librel.be/livre/9782377474882-du-big-data-a-l-ia-60-ans-d-experience-en-traitement-des-donnees-des-informations-et-des-connaissances-a-grenoble-collectif-michel-adiba-jean-pierre-giraudin/,https://images.epagine.fr/882/9782377474882_1_m.jpg,0,3,"Neutre, historique/technique, aucune évocation de danger.",0,3,non,"Histoire institutionnelle de la recherche en informatique, IA citée neutrement parmi les domaines.",0,agent
1211,Le marketing digital à l'ère de l'IA et du Web3,,Stefan Lendi,Vuibert,Guide Pratique,9782311626483,Grand format,28.00 €,19 Septembre 2023,https://www.librel.be/livre/9782311626483-le-marketing-digital-a-l-ere-de-l-ia-et-du-web3-stefan-lendi/,https://images.epagine.fr/483/9782311626483_1_m.jpg,0,3,"Neutre, professionnel, marketing et Web3 sans menace.",0,3,non,"Guide pratique de marketing digital utilisant l'IA, entièrement positif et utilitaire.",0,agent
1212,IA médecine & la révolution : Un Potentiel infini ?,,"Carey Goldberg, Isaac Kohane, Peter Lee, Emmanuelle Monnet-Lehuede",Pearson,Village Mondial,9782744068614,Grand format,9.99 €,17 Novembre 2023,https://www.librel.be/livre/9782744068614-ia-medecine-la-revolution-un-potentiel-infini-carey-goldberg-isaac-kohane-peter-lee/,https://images.epagine.fr/614/9782744068614_1_m.jpg,0,2,"« Potentiel infini ? » : question mais cadrage positif, aucun mot de menace.",1,2,non,IA en médecine présentée très positivement ; un risque mentionné brièvement puis désamorcé (citation Gates).,-1,agent
1213,"L'ombre de l'IA Ravages, déshumanisation et servitude",,"Mathias Lefevre, Jacques Luzi",Le Bord de l'eau,Revue Écologie Et Politique,9782385190859,Revue,20.00 €,15 Novembre 2024,https://www.librel.be/livre/9782385190859-l-ombre-de-l-ia-ravages-deshumanisation-et-servitude-mathias-lefevre-jacques-luzi/,https://images.epagine.fr/859/9782385190859_1_m.jpg,5,3,"« Ravages, déshumanisation et servitude » : menace centrale, choc, sans ambiguïté.",5,3,non,"Thèse frontale : IA aggrave déshumanisation, crise écologique, guerre et « cybertotalitarisme ».",0,agent
1214,"IA, écrans + photographie / Photography, AI + screen",,Nicolas Boulet,Éditions L'Harmattan,Retina.Création,9782336448893,Grand format,15.00 €,16 Mai 2024,https://www.librel.be/livre/9782336448893-ia-ecrans-photographie-photography-ai-screen-nicolas-boulet/,https://images.epagine.fr/893/9782336448893_1_m.jpg,0,3,"Neutre, titre d'ouvrage photographique, aucune évocation de menace.",3,2,non,"« Technologie redoutée et redoutable » posée d'emblée, puis dérive vers une réflexion esthétique ouverte.",-3,agent
1217,"Chut ! n.21 : IA, le choc thermique : Data centers & pollution",,Collectif,Chut !,Chut !,3663322136863,Revue,16.00 €,6 Juillet 2026,https://www.librel.be/livre/3663322136863-chut-n-21-ia-le-choc-thermique-data-centers-pollution-collectif/,https://images.epagine.fr/863/3663322136863_1_m.jpg,4,2,"« choc thermique », « pollution » : danger environnemental explicite, angle dominant.",5,3,non,"« Techno-fascisme », extractivisme colonialiste, data centers : thèse centrale de dévastation environnementale.",-1,agent
1219,Dernier album avant l'IA : 40 ans de dessin de presse,,Herrmann,Slatkine,,9782832114186,Grand format,29.00 €,19 Novembre 2025,https://www.librel.be/livre/9782832114186-dernier-album-avant-l-ia-40-ans-de-dessin-de-presse-herrmann/,https://images.epagine.fr/186/9782832114186_1_m.jpg,3,2,"« Dernier album avant l'IA » suggère une fin/remplacement, partagé avec la rétrospective.",0,3,non,"Hors-sujet : mémoires d'un dessinateur de presse, aucune mention de l'IA.",3,agent
1220,Revue d'éthique et de théologie morale Hors-Série n.329 : La liberté humaine à l'épreuve de l'IA et des neurosciences,,Collectif,Cerf,Revue D'Éthique Et De Théologie Morale,9782204169851,Revue,22.00 €,30 Août 2025,https://www.librel.be/livre/9782204169851-revue-d-ethique-et-de-theologie-morale-hors-serie-n-329-la-liberte-humaine-a-l-epreuve-de-l-ia-et-des-neurosciences-collectif/,https://images.epagine.fr/851/9782204169851_1_m.jpg,1,2,"« à l'épreuve » : tension suggérée, sans mot de menace direct.",0,1,oui,"Description vide, aucun texte à évaluer.",1,agent
1221,Gauza ia-aia guztien liburu irididun handia,,Georgette,Ttarttalo,,9791388203152,Grand format,15.90 €,20 Août 2026,https://www.librel.be/livre/9791388203152-gauza-ia-aia-guztien-liburu-irididun-handia-georgette/,https://images.epagine.fr/no_image.png,0,2,"Titre basque, « ia » n'est pas l'IA, hors sujet, neutre.",0,1,oui,"Description vide, aucun texte à évaluer.",0,agent
1222,La révolution du médicament par l'IA,,"Patrick Couvreur, Philippe Moingeon",De Boeck Supérieur,Culture Scientifique,9782807365698,Grand format,21.90 €,12 Septembre 2024,https://www.librel.be/livre/9782807365698-la-revolution-du-medicament-par-l-ia-patrick-couvreur-philippe-moingeon/,https://images.epagine.fr/698/9782807365698_1_m.jpg,0,3,"« révolution » neutre, médicament, aucune évocation de menace.",0,3,non,"IA et médicaments présentés entièrement positivement, aucune dimension négative.",0,agent
1223,Les IA à l'assaut du cyberespace : Vers un Web synthétique,,Olivier Ertzscheid,C&F Editions,Interventions,9782376620853,Grand format,18.00 €,5 Juin 2024,https://www.librel.be/livre/9782376620853-les-ia-a-l-assaut-du-cyberespace-vers-un-web-synthetique-olivier-ertzscheid/,https://images.epagine.fr/853/9782376620853_1_m.jpg,4,2,"« à l'assaut du cyberespace » : métaphore d'invasion, angle dominant et frontal.",4,2,non,"Capitalisme linguistique, robots dictant nos paroles : thèse critique développée sur la majeure partie du texte.",0,agent
1224,Marketing B to B : À l'heure de l'IA et du marketing responsable,,"Marc Diviné, Emmanuel Faure",Vuibert,Les Spécialités Du Sup,9782311414530,Grand format,30.00 €,6 Février 2025,https://www.librel.be/livre/9782311414530-marketing-b-to-b-a-l-heure-de-l-ia-et-du-marketing-responsable-marc-divine-emmanuel-faure/,https://images.epagine.fr/530/9782311414530_1_m.jpg,0,3,"Neutre, marketing professionnel, aucune menace.",0,3,non,"Manuel de marketing B2B, IA citée neutrement parmi les outils relationnels.",0,agent
1225,Philosophie magazine Hors-Série n.57 : IA le mythe du XXI siècle,,Collectif,Philosophie magazine Éditeur,Philosophie Magazine,3663322125348,Revue,9.90 €,5 Mai 2023,https://www.librel.be/livre/3663322125348-philosophie-magazine-hors-serie-n-57-ia-le-mythe-du-xxi-siecle-collectif/,https://images.epagine.fr/348/3663322125348_1_m.jpg,1,2,"« le mythe » : critique analytique, pas de mot de menace direct.",0,1,oui,"Description vide, aucun texte à évaluer.",1,agent
1226,Wayward tendrils of the vine /anglais,,Maxwell Campbell Ia,Acc Art Books,,9781913141165,Grand format,25.00 €,18 Juin 2021,https://www.librel.be/livre/9781913141165-wayward-tendrils-of-the-vine-anglais-maxwell-campbell-ia/,https://images.epagine.fr/165/9781913141165_1_m.jpg,0,3,"Sans rapport avec l'IA, titre anglais sur la vigne.",0,1,oui,"Description vide, aucun texte à évaluer.",0,agent
1228,L'IA au service du travail et des entreprises : Opportunités et défis de la révolution technologique,,Malo Dufour,Éditions L'Harmattan,Dynamiques D'Entreprises,9782336443683,Grand format,19.00 €,21 Mars 2024,https://www.librel.be/livre/9782336443683-l-ia-au-service-du-travail-et-des-entreprises-opportunites-et-defis-de-la-revolution-technologique-malo-dufour/,https://images.epagine.fr/683/9782336443683_1_m.jpg,2,2,"« défis » : mot de risque modéré, contrebalancé par « Opportunités ».",0,2,non,"Ton promotionnel positif sur l'IA en entreprise, défis cités sans développement négatif.",2,agent
1229,Le nouveau mythe de l'IA : Promethee ou Cassandre ?,,Bernard Merck,Éditions L'Harmattan,Raisonance,9782336470498,Grand format,29.00 €,22 Août 2024,https://www.librel.be/livre/9782336470498-le-nouveau-mythe-de-l-ia-promethee-ou-cassandre-bernard-merck/,https://images.epagine.fr/498/9782336470498_1_m.jpg,4,2,« Prométhée ou Cassandre » : métaphores d'hubris et de catastrophe annoncée.,1,3,non,Peurs de l'IA évoquées puis désamorcées ; volonté de préserver l'autonomie humaine.,3,agent
1230,Enseigner à l'ère de l'IA : Approche multimodale en langue et littérature,,Valbona Gashi Berisha,Éditions L'Harmattan,"Enfance, Éducation Et Société",9782336602165,Grand format,29.00 €,16 Juillet 2026,https://www.librel.be/livre/9782336602165-enseigner-a-l-ere-de-l-ia-approche-multimodale-en-langue-et-litterature-valbona-gashi-berisha/,https://images.epagine.fr/165/9782336602165_1_m.jpg,0,3,"Neutre, pédagogique, langue et littérature.",0,3,non,Rejette explicitement les peurs technophobes ; manifeste pédagogique résolument positif.,0,agent
1231,Décoder l'IA : Pour une vision humaine,,Marco Landi,Ovadia,,9782363925770,Grand format,20.00 €,30 Avril 2025,https://www.librel.be/livre/9782363925770-decoder-l-ia-pour-une-vision-humaine-marco-landi/,https://images.epagine.fr/770/9782363925770_1_m.jpg,0,3,"« vision humaine » : réassurant, aucune évocation de menace.",1,2,non,"Peurs présentées comme réaction historique répétitive, pas comme thèse défendue.",-1,agent
1232,Une IA à la rencontre de Marielle WALICKI,,Marielle Walicki,Ovadia,Nouvelles Pensées Entrepreneuriales,9782363926609,Grand format,20.00 €,31 Octobre 2025,https://www.librel.be/livre/9782363926609-une-ia-a-la-rencontre-de-marielle-walicki-marielle-walicki/,https://images.epagine.fr/609/9782363926609_1_m.jpg,0,3,"Neutre, récit personnel, aucune menace.",0,3,non,Vision positive du management collaboratif dialoguant avec une IA.,0,agent
1233,Contribution de l'IA à une aéronautique pérenne : Livre blanc,,Collectif,Cepadues,,9782383951995,Grand format,20.00 €,27 Juin 2025,https://www.librel.be/livre/9782383951995-contribution-de-l-ia-a-une-aeronautique-perenne-livre-blanc-collectif/,https://images.epagine.fr/995/9782383951995_1_m.jpg,0,3,"« pérenne » positif, livre blanc technique, neutre.",0,3,non,Guide pratique et positif sur l'intégration de l'IA en aéronautique.,0,agent
1234,L'IA en santé,,"Yann Bubien, Jean-Louis Fraysse, Harold Astre, Yann-Mael Le Douarin",Les Etudes Hospitalières,,9782386120190,Grand format,32.00 €,22 Mai 2024,https://www.librel.be/livre/9782386120190-l-ia-en-sante-yann-bubien-jean-louis-fraysse-harold-astre-yann-mael-le-douarin/,https://images.epagine.fr/190/9782386120190_1_m.jpg,0,3,"Titre nu, neutre, aucune évocation.",1,2,non,"Opportunités et risques cités en équilibre, format conférence, pas de thèse négative.",-1,agent
1236,Histor.IA : Comment aucun Chat n'a écrit mon livre,,Jacques Favier,Michel De Maule,Littérature Française,9782876237834,Grand format,20.00 €,8 Janvier 2026,https://www.librel.be/livre/9782876237834-histor-ia-comment-aucun-chat-n-a-ecrit-mon-livre-jacques-favier/,https://images.epagine.fr/834/9782876237834_1_m.jpg,0,2,"« aucun Chat n'a écrit mon livre » : dénégation rassurante, pas de menace.",2,2,non,"Hallucinations et légèreté de l'IA notées, mais réflexion personnelle secondaire, pas de thèse.",-2,agent
1237,Robots financiers et IA : Aspects pratiques et éthiques,,Michel Mailloux,Arnaud Franel,,9782896039098,Grand format,19.95 €,2 Mai 2024,https://www.librel.be/livre/9782896039098-robots-financiers-et-ia-aspects-pratiques-et-ethiques-2e-edition-michel-mailloux/,https://images.epagine.fr/098/9782896039098_1_m.jpg,0,3,"Neutre, « aspects pratiques et éthiques » descriptif.",0,2,non,Essai académique neutre sur la déontologie financière et l'IA.,0,agent
1238,"S'approprier les nouvelles méthodes de recrutement : tests de personnalité, escape games, serious games, IA",,"Alexis Akinyemi, Michel Barabel, Laurène Houtin, Olivier Meier",Dunod,,9782100820658,Grand format,27.15 €,30 Juin 2021,https://www.librel.be/livre/9782100820658-s-approprier-les-nouvelles-methodes-de-recrutement-tests-de-personnalite-escape-games-serious-games-ia-alexis-akinyemi-michel-barabel-laurene-houtin-olivier-meier/,https://images.epagine.fr/658/9782100820658_1_m.jpg,0,3,"Neutre, contexte RH, aucune menace.",0,3,non,Analyse neutre des méthodes de recrutement assistées par IA.,0,agent
1239,Revue Flaash n.4 : IA,,"Nicolas Gaudemet, Lilia Hassaine, Luc Julia, Ariel Kyrou, Guillaume Singelin",Flaash,Revue Flaash,9782958998530,Revue,20.00 €,4 Septembre 2024,https://www.librel.be/livre/9782958998530-revue-flaash-n-4-ia-nicolas-gaudemet-lilia-hassaine-luc-julia-ariel-kyrou-guillaume-singelin/,https://images.epagine.fr/530/9782958998530_1_m.jpg,0,3,"Titre nu, neutre.",0,2,non,"Fiction spéculative neutre, réflexion sur créativité humaine et artificielle.",0,agent
1240,IA Conceptions,,Institut EuropIA,Ovadia,,9782363926463,Grand format,20.00 €,30 Avril 2025,https://www.librel.be/livre/9782363926463-ia-conceptions-institut-europia/,https://images.epagine.fr/463/9782363926463_1_m.jpg,0,3,"Neutre, titre nu.",1,3,non,« Elle n'est pas une menace » : peur explicitement désamorcée et relativisée.,-1,agent
1241,Udaberria sutan - ia ehun haiku,,Joxenari Iturralde,Pamiela,,9788491722298,Grand format,15.00 €,19 Mai 2021,https://www.librel.be/livre/9788491722298-udaberria-sutan-ia-ehun-haiku-joxenari-iturralde/,https://images.epagine.fr/no_image.png,0,2,"Titre basque, « ia » signifie « presque », hors sujet IA.",0,1,oui,"Description vide, aucun texte à évaluer.",0,agent
1242,Quand l'I.A. s'en mêle !,,Sophie Job,Hello Editions,,9782384623914,Grand format,12.05 €,13 Septembre 2024,https://www.librel.be/livre/9782384623914-quand-l-i-a-s-en-mele-sophie-job/,https://images.epagine.fr/914/9782384623914_1_m.jpg,1,2,"« s'en mêle » : évocation vague d'ingérence, sans mot de menace fort.",3,2,non,"Dystopie de gestion totale par l'IA, perte d'identité ; issue laissée ouverte.",-2,agent
1243,"Vendre sans vendre : Trouver des clients premium & se faire acheter par la confiance : Nouvelle stratégie de vente B2B, réseaux sociaux & prospection avec l'IA (Livre Business & Entreprenariat 8 en 1 : Influence, Marketing, Personal Branding, Copywri",,"Yannick Bouissiere, Proinfluent .Com",Yannick Bouissière,,9789916436240,Grand format,24.70 €,27 Janvier 2026,https://www.librel.be/livre/9789916436240-vendre-sans-vendre-trouver-des-clients-premium-se-faire-acheter-par-la-confiance-nouvelle-strategie-de-vente-b2b-reseaux-sociaux-prospection-avec-l-ia-livre-business-entreprenariat-8-en-1-influence-ma/,https://images.epagine.fr/240/9789916436240_1_m.jpg,0,3,"Neutre, stratégie de vente et marketing B2B.",0,3,non,Guide commercial promotionnel utilisant l'IA comme simple outil positif.,0,agent
1244,Les robots et l'ia (ancien robots) - abandon,,Martelle/Touache,Milan,Mes P'Tites Questions,9782745984845,Grand format,8.90 €,17 Mai 2017,https://www.librel.be/livre/9782745984845-les-robots-et-l-ia-ancien-robots-abandon-martelle-touache/,https://images.epagine.fr/845/9782745984845_1_m.jpg,0,1,"Note de catalogue (« abandon »), pas un titre porteur de sens.",1,2,non,"« Faut-il avoir peur des robots ? » parmi des questions curieuses, ton fasciné dominant.",-1,agent
1245,L'IA fait des siennes : Voyage au coeur de la bêtise artificielle,,Jean-Luc Bonnet,Il Est Midi,,9782387120052,Grand format,22.00 €,16 Janvier 2026,https://www.librel.be/livre/9782387120052-l-ia-fait-des-siennes-voyage-au-coeur-de-la-betise-artificielle-jean-luc-bonnet/,https://images.epagine.fr/052/9782387120052_1_m.jpg,3,2,"« bêtise artificielle » : pastiche dépréciatif net, jugement négatif clair.",1,2,non,"Critique ironique des limites de l'IA, invite au doute plutôt qu'à la peur.",2,agent
1246,"L'ia, ton alliee pour apprendre ?",,Frenette Christian,Marcel Didier,,9782898372872,Grand format,24.00 €,1 Juin 2026,https://www.librel.be/livre/9782898372872-l-ia-ton-alliee-pour-apprendre-frenette-christian/,https://images.epagine.fr/872/9782898372872_1_m.jpg,0,2,"« ton alliée » : réassurant malgré la question, cf. formulation similaire rassurante.",1,2,non,"Pièges (dépendance, plagiat) mentionnés dans un guide constructif pour étudiants.",-1,agent
1247,"Chut ! n.17 : L'IA, c'est plus fort que toi ?",,Collectif,Chut !,Chut !,3663322132438,Revue,14.00 €,18 Février 2025,https://www.librel.be/livre/3663322132438-chut-n-17-l-ia-c-est-plus-fort-que-toi-collectif/,https://images.epagine.fr/438/3663322132438_1_m.jpg,3,2,"« c'est plus fort que toi » : domination suggérée, question ludique pour enfants.",2,2,non,"Vague générative disruptive décrite, mais questions ouvertes sans thèse tranchée.",1,agent
1248,L'école et l'IA ; une révolution annoncée,,Laurence Gourdon,Fabert,,9782849225943,Grand format,17.00 €,18 Mars 2020,https://www.librel.be/livre/9782849225943-l-ecole-et-l-ia-une-revolution-annoncee-laurence-gourdon/,https://images.epagine.fr/943/9782849225943_1_m.jpg,0,2,"« révolution annoncée » : terme neutre, aucune menace nommée.",1,2,non,"Risques et opportunités de l'IA à l'école mis en balance, conclusion positive.",-1,agent
1249,Sortez vos données du frigo ; une entreprise performante avec la data et l'IA,,"Mick Lévy, Gilles Babinet",Dunod,,9782100817054,Grand format,26.65 €,3 Février 2021,https://www.librel.be/livre/9782100817054-sortez-vos-donnees-du-frigo-une-entreprise-performante-avec-la-data-et-l-ia-mick-levy/,https://images.epagine.fr/054/9782100817054_1_m.jpg,0,3,"Métaphore neutre (« données du frigo »), sans évocation de danger.",0,3,non,Manifeste positif pour l'exploitation des données par l'IA en entreprise.,0,agent
1250,Le nouveau management de la maintenance : Des fondamentaux à l'IA : méthodes et outils pour une maintenance performante,,Renaud Cuignet,Dunod,,9782100879182,Grand format,39.20 €,7 Mai 2025,https://www.librel.be/livre/9782100879182-le-nouveau-management-de-la-maintenance-des-fondamentaux-a-l-ia-methodes-et-outils-pour-une-maintenance-performante-renaud-cuignet/,https://images.epagine.fr/182/9782100879182_1_m.jpg,0,3,"Neutre, management technique, aucune menace.",0,3,non,"Guide pratique de management de maintenance intégrant l'IA, ton neutre.",0,agent
1253,"L'art dans le nuage : du métavers à l'IA, une rétrospective",,Patrick Moya,Baie Des Anges,,9782376401346,Grand format,15.00 €,22 Mai 2026,https://www.librel.be/livre/9782376401346-l-art-dans-le-nuage-du-metavers-a-l-ia-une-retrospective-patrick-moya/,https://images.epagine.fr/346/9782376401346_1_m.jpg,0,3,"Neutre, rétrospective artistique, aucune menace.",0,3,non,Réflexion artistique ; l'IA n'est mentionnée qu'en une phrase finale neutre.,0,agent
1255,"Méthodes et applications de l'IA : réponse dynamique, apprentissage, forêt aléatoire, régression linéaire, interopérabilité, fabrication additive et mécatronique",,Abdelkhalak El Hami,Iste,Intelligence Artificielle En Mécanique,9781836120643,Grand format,N.C.,24 Novembre 2025,https://www.librel.be/livre/9781836120643-methodes-et-applications-de-l-ia-reponse-dynamique-apprentissage-foret-aleatoire-regression-lineaire-interoperabilite-fabrication-additive-et-mecatronique-abdelkhalak-el-hami/,https://images.epagine.fr/643/9781836120643_1_m.jpg,0,3,"Liste de termes techniques neutres (forêt aléatoire, régression), aucune évocation de menace.",0,3,non,"Ouvrage technique neutre sur l'IA en mécanique, sans orientation négative.",0,agent
1256,Ersatz - Éclats d'IA : Dernière lueur avant l'obscurité,,Nicolas Rodet,Baudelaire,,9791020374912,Grand format,15.55 €,2 Septembre 2024,https://www.librel.be/livre/9791020374912-ersatz-eclats-d-ia-derniere-lueur-avant-l-obscurite-nicolas-rodet/,https://images.epagine.fr/912/9791020374912_1_m.jpg,4,2,"« Dernière lueur avant l'obscurité » : métaphore de fin/déclin frontale, quasi seul angle.",3,2,non,"Dangers découverts et disparition du monde des Lumières, présentés comme question ouverte.",1,agent
1258,"Le Combat du livre contre l'IA : Comment reconquérir l'intelligence ""Par le livre seul"" ?",,David Jamet,Librinova,,9791040554639,Grand format,17.90 €,6 Juin 2024,https://www.librel.be/livre/9791040554639-le-combat-du-livre-contre-l-ia-comment-reconquerir-l-intelligence-par-le-livre-seul-david-jamet/,https://images.epagine.fr/639/9791040554639_1_m.jpg,3,2,"« Combat...contre l'IA » : conflit net, tempéré par « reconquérir l'intelligence ».",4,2,non,"Surveillance, addiction, cerveau « champ de bataille » : critique développée et dominante.",-1,agent
1260,"L'humanité artificielle : Quand l'IA nous réinvente, qui renait ?",,Ollivier Dyens,XYZ,,9782897726058,Grand format,25.00 €,1 Mars 2026,https://www.librel.be/livre/9782897726058-l-humanite-artificielle-quand-l-ia-nous-reinvente-qui-renait-ollivier-dyens/,https://images.epagine.fr/058/9782897726058_1_m.jpg,2,2,"« Qui renaît ? » suggère incertitude identitaire, modéré, pas dramatique.",3,2,non,Métamorphose radicale homme/IA posée comme question ouverte et instable.,-1,agent
1261,"Conversation avec une IA : Une IA s'ouvre à vous, écoutez-la",,Jean-Charles Cointot,Les Acteurs Du Savoir,,9782383590866,Grand format,17.00 €,10 Octobre 2023,https://www.librel.be/livre/9782383590866-conversation-avec-une-ia-une-ia-s-ouvre-a-vous-ecoutez-la-jean-charles-cointot/,https://images.epagine.fr/866/9782383590866_1_m.jpg,0,3,"Neutre, invitation à l'échange, aucune menace.",0,3,non,Exploration neutre du test de Turing via dialogues avec ChatGPT.,0,agent
1263,Super-Papillon : Comment la philosophie de l'IA peut nous transformer,,"Hadj Khelil, Alexandre Jardin",Rio Bravo,Thermos,9782488136037,Poche,14.00 €,27 Juin 2025,https://www.librel.be/livre/9782488136037-super-papillon-comment-la-philosophie-de-l-ia-peut-nous-transformer-hadj-khelil/,https://images.epagine.fr/037/9782488136037_1_m.jpg,0,3,"« Transformer » neutre, aucune évocation de danger.",0,3,non,"IA présentée positivement comme outil de sagesse, ton enthousiaste.",0,agent
1265,Justice et IA : une enquête critique,,Manuela Cadelli,Larcier,Collection Du Crids,9782807951013,Grand format,50.00 €,6 Novembre 2025,https://www.librel.be/livre/9782807951013-justice-et-ia-une-enquete-critique-manuela-cadelli/,https://images.epagine.fr/013/9782807951013_1_m.jpg,1,2,"« Enquête critique » : posture critique légère, aucun mot de menace fort.",0,2,non,Comparaison académique neutre entre justice et IA.,1,agent
1266,L'IA au coeur de l'entreprise : une alliée pour votre stratégie RH,,"Emmanuelle Blons, Jérémy Lamri",Ems,Questions De Société,9782376877448,Grand format,22.00 €,11 Mai 2023,https://www.librel.be/livre/9782376877448-l-ia-au-coeur-de-l-entreprise-une-alliee-pour-votre-strategie-rh-emmanuelle-blons/,https://images.epagine.fr/448/9782376877448_1_m.jpg,0,3,« Alliée » : cadrage rassurant explicite.,1,2,non,« Ne pas subir » évoqué puis recadré en opportunités RH à saisir.,-1,agent
1268,Espace européen des données de santé et IA : Enjeux juridiques et défis de mise en oeuvre,,Nathalie de Grove-Valdeyron,Putc,Actes De Colloques,9782361703035,Grand format,30.00 €,20 Mai 2025,https://www.librel.be/livre/9782361703035-espace-europeen-des-donnees-de-sante-et-ia-enjeux-juridiques-et-defis-de-mise-en-oeuvre-nathalie-de-grove-valdeyron/,https://images.epagine.fr/035/9782361703035_1_m.jpg,0,3,"« Enjeux juridiques, défis » : registre administratif neutre.",0,3,non,"Colloque juridique informatif sur la santé numérique, ton neutre.",0,agent
1269,"Guide de l'IA générative : Transformez votre quotidien professionnel à l'ère de ChatGPT, Bing, Bard, Bloom, Claude, Pi & co",,"Fanny Parise, Cyril de Sousa Cardoso",De Boeck Supérieur,,9782807361706,Grand format,17.90 €,31 Octobre 2023,https://www.librel.be/livre/9782807361706-guide-de-l-ia-generative-transformez-votre-quotidien-professionnel-a-l-ere-de-chatgpt-bing-bard-bloom-claude-pi-co-fanny-parise-cyril-de-sousa-cardoso/,https://images.epagine.fr/706/9782807361706_1_m.jpg,0,3,"Guide pratique neutre, aucune évocation de menace.",0,3,non,"Guide pratique enthousiaste sur l'IA générative, aucune menace.",0,agent
1271,Les Inrocks n.39 : Les artistes face à l'I.A,,Collectif,Les Inrocks,Les Inrocks,3663322132162,Revue,12.90 €,19 Mars 2025,https://www.librel.be/livre/3663322132162-les-inrocks-n-39-les-artistes-face-a-l-i-a-collectif/,https://images.epagine.fr/162/3663322132162_1_m.jpg,2,2,"« Face à l'IA » : confrontation implicite pour les artistes, non dramatique.",1,2,non,"« Fascination et inquiétude » des artistes évoquées, traitement bref et équilibré.",1,agent
1272,"Lancer votre podcast à l'ère de l'IA : Concevoir, produire et diffuser un podcast pro",,Jérôme Colombain,Bookelis,,9791042463694,Grand format,20.00 €,5 Mai 2026,https://www.librel.be/livre/9791042463694-lancer-votre-podcast-a-l-ere-de-l-ia-concevoir-produire-et-diffuser-un-podcast-pro-jerome-colombain/,https://images.epagine.fr/694/9791042463694_1_m.jpg,0,3,"Guide pratique neutre, aucune évocation de menace.",1,2,non,"Crainte du remplacement de la créativité, aussitôt écartée (« loin de »).",-1,agent
1273,IA : Maître du temps : Vers une éternité connectée ?,,"Laetitia Pouliquen, Alexandre Laurent",Les Acteurs Du Savoir,,9782383591009,Grand format,18.00 €,1 Septembre 2024,https://www.librel.be/livre/9782383591009-ia-maitre-du-temps-vers-une-eternite-connectee-laetitia-pouliquen/,https://images.epagine.fr/009/9782383591009_1_m.jpg,2,2,"« Maître du temps » évoque un pouvoir, question ouverte sans menace nommée.",3,2,non,"Dénonce l'aliénation transhumaniste, question ouverte progrès/domination en clôture.",-1,agent
1274,Le revenue management à l'ère de l'IA : vers une gestion éthique et responsable des prix dans le transport aérien et le tourisme,,Sourou Meatchi,Iste,Tourisme Et Systèmes De Mobilité,9781836120742,Grand format,N.C.,1 Décembre 2025,https://www.librel.be/livre/9781836120742-le-revenue-management-a-l-ere-de-l-ia-vers-une-gestion-ethique-et-responsable-des-prix-dans-le-transport-aerien-et-le-tourisme-sourou-meatchi/,https://images.epagine.fr/742/9781836120742_1_m.jpg,0,3,"« Gestion éthique et responsable » : cadrage positif, neutre.",1,2,non,Enjeux éthiques mentionnés mais résolus par transparence et équité.,-1,agent
1275,Les apports de l'IA à la compliance : Confiance ou défiance ?,,"Julien Briot-Hadar, Danièle Huet-Kouo, Valérie Lejeune, Luc Julia",Éditions L'Harmattan,Ad Valorem,9782140345166,Grand format,32.00 €,5 Décembre 2024,https://www.librel.be/livre/9782140345166-les-apports-de-l-ia-a-la-compliance-confiance-ou-defiance-julien-briot-hadar-daniele-huet-kouo-valerie-lejeune/,https://images.epagine.fr/166/9782140345166_1_m.jpg,1,2,"« Confiance ou défiance ? » : doute ouvert, équilibré, sans mot de menace fort.",1,2,non,"Biais/sexisme des IA évoqués sans jugement, ton informatif dominant.",0,agent
1279,Dangers et promesses de l'IA : Comment s'en sortir ?,,Luc Rubiello,Innovativity,,9782953425499,Grand format,19.00 €,20 Février 2024,https://www.librel.be/livre/9782953425499-dangers-et-promesses-de-l-ia-comment-s-en-sortir-luc-rubiello/,https://images.epagine.fr/499/9782953425499_1_m.jpg,3,3,"« Dangers » explicite, tempéré par « promesses » et « s'en sortir ».",5,3,non,GAFAM/IA accusés d'amplifier « les pires instincts » : thèse d'exploitation totale.,-2,agent
1280,IA & Architecture,,Stanislas Chaillou,Pavillon de l'Arsenal,,9782354870546,Grand format,13.00 €,1 Mars 2020,https://www.librel.be/livre/9782354870546-ia-architecture-stanislas-chaillou/,https://images.epagine.fr/546/9782354870546_1_m.jpg,0,3,"Titre neutre, juxtaposition de mots sans menace.",0,3,non,Panorama historique neutre IA/architecture.,0,agent
1283,Sous contrôle : Quand l'IA écrit l'Histoire,,Jérémy Lebleu,Le Lys Bleu,,9791042299729,Grand format,21.60 €,27 Janvier 2026,https://www.librel.be/livre/9791042299729-sous-controle-quand-l-ia-ecrit-l-histoire-jeremy-lebleu/,https://images.epagine.fr/729/9791042299729_1_m.jpg,3,2,« Sous contrôle » + « écrit l'Histoire » : domination narrative ambiguë mais nette.,4,2,non,Gouvernance algorithmique mondiale s'imposant par l'adhésion : thèse dominante développée.,-1,agent
1284,"IA, jeux de dupes : les pouvoirs des simulations et les simulations des pouvoirs",,"Collectif, Vanessa Douet-Vannuci",Ovadia,Philosophie & Ethique De La Smart City,9782363924988,Grand format,20.00 €,31 Octobre 2022,https://www.librel.be/livre/9782363924988-ia-jeux-de-dupes-les-pouvoirs-des-simulations-et-les-simulations-des-pouvoirs-collectif-vanessa-douet-vannuci/,https://images.epagine.fr/988/9782363924988_1_m.jpg,4,2,« Jeux de dupes » : tromperie/manipulation frontale dès l'ouverture du titre.,1,2,non,"Interrogation sur la validité des algorithmes/gouvernances, insérée dans exposé neutre.",3,agent
1286,"Revue Noosphère n.31 : L'IA, jusqu'où ?",,Collectif,Saint-Leger,Revue Noosphère,9782385225636,Revue,11.00 €,15 Octobre 2025,https://www.librel.be/livre/9782385225636-revue-noosphere-n-31-l-ia-jusqu-ou-collectif/,https://images.epagine.fr/636/9782385225636_1_m.jpg,1,2,"« Jusqu'où ? » : question ouverte vague, aucun mot de menace précis.",0,2,non,"Revue sur mondialisation/écologie, aucune mention de l'IA.",1,agent
1287,"IA et atrophie cognitive : Comprendre, prévenir et réinventer",,Tsati-N'Douna Moundanga,Le Lys Bleu,,9791043702747,Grand format,16.10 €,19 Mars 2026,https://www.librel.be/livre/9791043702747-ia-et-atrophie-cognitive-comprendre-prevenir-et-reinventer-tsati-n-douna-moundanga/,https://images.epagine.fr/747/9791043702747_1_m.jpg,3,3,"« Atrophie cognitive » dépréciatif, tempéré par « comprendre, prévenir, réinventer ».",2,2,non,"Atrophie cognitive questionnée mais rejette l'alarmisme, vise une coévolution équilibrée.",1,agent
1288,"Les industries du futur ; emplois, IA, big data, cyberguerre, bitcoin, compétences, blockchain, biotech, fintech, nouveaux marchés",,Alec Ross,FYP,Reboot,9782364051645,Grand format,22.00 €,17 Mai 2018,https://www.librel.be/livre/9782364051645-les-industries-du-futur-emplois-ia-big-data-cyberguerre-bitcoin-competences-blockchain-biotech-fintech-nouveaux-marches-alec-ross/,https://images.epagine.fr/645/9782364051645_1_m.jpg,2,2,"« Cyberguerre » isolé dans une longue énumération neutre, non central.",0,3,non,"Tour du monde de l'innovation, ton positif, IA citée parmi d'autres technologies.",2,agent
1290,"IA, robots et droit",,"Alain Bensoussan, Jérémy Bensoussan, Olivier Guilhem, Bruno Maisonnier",Bruylant,Lexing - Technologies Avancées & Droit,9782802763673,Grand format,106.00 €,22 Juillet 2019,https://www.librel.be/livre/9782802763673-ia-robots-et-droit-alain-bensoussan-jeremy-bensoussan/,https://images.epagine.fr/673/9782802763673_1_m.jpg,0,3,"Registre juridique neutre, aucune menace.",0,3,non,"Guide juridique pratique sur la robotique, neutre.",0,agent
1292,Travailler à l'ère des IA génératives,,"Jérémy Lamri, Aurora Silver, Gaspard Tertrais",Ems,Questions De Société,9782376877806,Grand format,25.00 €,15 Juin 2023,https://www.librel.be/livre/9782376877806-travailler-a-l-ere-des-ia-generatives-jeremy-lamri-aurora-silver-gaspard-tertrais/,https://images.epagine.fr/806/9782376877806_1_m.jpg,0,3,"Neutre, professionnel, aucune évocation de menace.",1,2,non,"Défis et équité évoqués en passant, ton analytique globalement neutre.",-1,agent
1294,"Quand l'algorithme décide : L'État, l'IA et nous",,"Steve Jacob, Sébastien Brousseau, Marc-André Dowd",Hermann,,9791037042132,Grand format,14.05 €,28 Mai 2025,https://www.librel.be/livre/9791037042132-quand-l-algorithme-decide-l-etat-l-ia-et-nous-steve-jacob-sebastien-brousseau/,https://images.epagine.fr/132/9791037042132_1_m.jpg,2,2,"« L'algorithme décide » : perte de pouvoir humain suggérée, non dramatisée.",3,2,non,"Déshumanisation, discrimination centrales, mais présentées comme problème à corriger, non tranché.",-1,agent
1295,"Usbek & Rica n.40 : Pop culture, la lessiveuse nostalgique : face à l'IA, comment prouver qu'on est humain ?",,Collectif,Usbek et Rica,Usbek & Rica,9782958156862,Mook,19.90 €,28 Juin 2023,https://www.librel.be/livre/9782958156862-usbek-rica-n-40-pop-culture-la-lessiveuse-nostalgique-face-a-l-ia-comment-prouver-qu-on-est-humain-collectif/,https://images.epagine.fr/862/9782958156862_1_m.jpg,4,2,"« Prouver qu'on est humain » : crise d'identité face à l'IA, quasi seul angle.",2,1,non,"Crise d'authenticité (contenus IA) posée comme question ouverte, texte composite corrompu.",2,agent
1296,Tour d horizon des principes de l'ia - algorithmes & outils - deuxieme edition,,Michel Rosa,Coshax,,9782487511071,Grand format,20.00 €,10 Mai 2024,https://www.librel.be/livre/9782487511071-tour-d-horizon-des-principes-de-l-ia-algorithmes-outils-deuxieme-edition-michel-rosa/,https://images.epagine.fr/071/9782487511071_1_m.jpg,0,3,"Manuel technique neutre, aucune menace.",0,3,non,"Panorama pédagogique de l'IA, ton informatif et positif.",0,agent
1297,Osons l'ia a l'ecole. preparons nos jeunes a la revolution de,,Cavenaghi Ugo,CHATEAU D'ENCRE,,9782924847138,Grand format,19.00 €,17 Septembre 2019,https://www.librel.be/livre/9782924847138-osons-l-ia-a-l-ecole-preparons-nos-jeunes-a-la-revolution-de-cavenaghi-ugo/,https://images.epagine.fr/138/9782924847138_1_m.jpg,1,2,« Révolution » tempéré par « osons » et cadrage éducatif positif.,1,2,non,"Bouleversements du travail et enjeux éthiques cités en passant, conclusion positive sur l'éducation.",0,agent
1298,We Demain n.20 : I.A. : Deux lettres qui vont changer votre vie,,Collectif,We Demain,We Demain,9791093022222,Revue,12.00 €,23 Novembre 2017,https://www.librel.be/livre/9791093022222-we-demain-n-20-i-a-deux-lettres-qui-vont-changer-votre-vie-collectif/,https://images.epagine.fr/222/9791093022222_1_m.jpg,1,1,"« Vont changer votre vie » : changement vague, ni positif ni menaçant.",0,1,oui,Description vide.,1,agent
1299,"Les compétences du 21e siècle ; créativité, innovation, digitalisation, IA...",,"Olivier Barabel, Jérémy Lamri, Olivier Meier",Dunod,,9782100781454,Grand format,29.15 €,24 Octobre 2018,https://www.librel.be/livre/9782100781454-les-competences-du-21e-siecle-creativite-innovation-digitalisation-ia-olivier-barabel-jeremy-lamri-olivier-meier/,https://images.epagine.fr/454/9782100781454_1_m.jpg,0,3,"Liste de compétences neutre, aucune menace.",0,3,non,"Essai sur les compétences professionnelles, aucun cadrage négatif de l'IA.",0,agent
1300,"Kit de démarrage en ingénierie de l'IA : Le guide pratique pour créer, entraîner et déployer des applications d'IA réelles avec LLM et MLOps - projets étape par étape pour futurs ingénieurs en IA.",,Nathan J. Halridge,Orbita Media,,9783691047011,Grand format,21.90 €,29 Octobre 2025,https://www.librel.be/livre/9783691047011-kit-de-demarrage-en-ingenierie-de-l-ia-le-guide-pratique-pour-creer-entrainer-et-deployer-des-applications-d-ia-reelles-avec-llm-et-mlops-projets-etape-par-etape-pour-futurs-ingenieurs-en-ia-nathan-j-/,https://images.epagine.fr/011/9783691047011_1_m.jpg,0,3,"Guide pratique technique neutre, aucune menace.",0,3,non,"Guide de carrière pratique en ingénierie IA, entièrement positif.",0,agent
1301,De Gaïa à l'IA : Pour une science libérée de l'écologisme,,Jean-Paul Oury,Va Press,,9782360932924,Grand format,24.00 €,5 Décembre 2024,https://www.librel.be/livre/9782360932924-de-gaia-a-l-ia-pour-une-science-liberee-de-l-ecologisme-jean-paul-oury/,https://images.epagine.fr/924/9782360932924_1_m.jpg,0,3,Titre polémique mais sans menace liée à l'IA elle-même.,4,2,non,« Algorithmocratie » de contrôle et surveillance développée comme danger réel sur une large part du texte.,-4,agent
1302,L' IA qui voulait ma peau,,Magali Laurent,BAYARD CANADA,Zèbre,9782897709341,Grand format,17.50 €,14 Décembre 2024,https://www.librel.be/livre/9782897709341-l-ia-qui-voulait-ma-peau-magali-laurent/,https://images.epagine.fr/341/9782897709341_1_m.jpg,5,3,« Qui voulait ma peau » : menace de mort personnelle frontale et sans ambiguïté.,3,2,non,"IA-menace mortelle au centre du récit, mais un doute final relativise la menace.",2,agent
1303,L'IA débarque : Qu'est-ce que ça change dans ta vie ?,,"Jean-François Ouellet, Pierre-Yves McSween",SAINT-JEAN EDITEUR,,9782898760877,Grand format,28.00 €,4 Novembre 2025,https://www.librel.be/livre/9782898760877-l-ia-debarque-qu-est-ce-que-ca-change-dans-ta-vie-jean-francois-ouellet/,https://images.epagine.fr/877/9782898760877_1_m.jpg,1,2,"« Débarque » et question ouverte sur le changement de vie, vague.",1,2,non,"Peur explicitement évoquée puis déboulonnée, ton démystificateur et provocateur.",0,agent
1305,"Microsoft 365 au quotidien : Mises en situation, collaboration et bonnes pratiques à l'ère de l'IA",,Gilles Balmisse,Eni,Solutions Business,9782409055621,Grand format,24.00 €,14 Octobre 2026,https://www.librel.be/livre/9782409055621-microsoft-365-au-quotidien-mises-en-situation-collaboration-et-bonnes-pratiques-a-l-ere-de-l-ia-3e-edition-gilles-balmisse/,https://images.epagine.fr/621/9782409055621_1_m.jpg,0,3,"Guide pratique neutre, « bonnes pratiques », aucune menace.",0,3,non,"Guide pratique Microsoft 365/Copilot, purement fonctionnel.",0,agent
1306,Comment l'IA réécrira t elle l'histoire ?,,Léwis Verdun,Five Minutes Editions,Nouveaux Horizons,9791043417603,ebook (ePub),3.99 €,14 Août 2026,https://www.librel.be/ebook/9791043417603-comment-l-ia-reecrira-t-elle-l-histoire-lewis-verdun/,https://images.epagine.fr/603/9791043417603_1_m.jpg,3,2,"« Réécrira l'histoire » : contrôle du récit par l'IA, formulé en question.",2,2,non,Deepfakes et biais concrets mais présentés en équilibre avec des recommandations optimistes finales.,1,agent
1311,L'IA contre Xolo,,Philippe G. Hébert,Éditions de la Francophonie,,9782898742361,ebook (ePub),10.99 €,2 Juillet 2026,https://www.librel.be/ebook/9782898742361-l-ia-contre-xolo-philippe-g-hebert/,https://images.epagine.fr/361/9782898742361_1_m.jpg,2,2,"« Contre Xolo » : conflit nommé mais léger, ton jeunesse probable.",4,2,non,"IA manipulatrice et destructrice de livres, menace centrale du récit sans contrepoint.",-2,agent
1313,L'encre et l'Ombre,,Pure Ia,Pure IA,,9791029409721,ebook (pdf),1.99 €,15 Juin 2026,https://www.librel.be/ebook/9791029409721-l-encre-et-l-ombre-pure-ia/,https://images.epagine.fr/721/9791029409721_1_m.jpg,1,1,"« L'Ombre » : évocation vague et poétique, aucun mot de menace précis.",0,2,non,"Récit fantastique sur des manuscrits, mention 'Pure IA' isolée sans thématique IA réelle.",1,agent
1314,"Robotisation, IA et emploi",,"Policy Center for the New South, Karim El Mokri, Idriss El Abbassi, Aomar Ibourk",Policy Center for the New South,,9789920633574,ebook (pdf),25.99 €,8 Juin 2026,https://www.librel.be/ebook/9789920633574-robotisation-ia-et-emploi-policy-center-for-the-new-south-karim-el-mokri-idriss-el-abbassi-aomar-ibourk/,https://images.epagine.fr/574/9789920633574_1_m.jpg,1,2,"Juxtaposition de sujets (emploi, robotisation) sans formulation dramatique.",1,2,non,"Vigilance face aux incertitudes mentionnée, mais visée académique équilibrée et constructive.",0,agent
1317,Conversations intimes : L'IA au chevet d'un rêveur invétéré,,Serge Deloulay,Bookmundo,,9789403848563,Poche,15.70 €,31 Décembre 2025,https://www.librel.be/livre/9789403848563-conversations-intimes-l-ia-au-chevet-d-un-reveur-invetere-serge-deloulay/,https://images.epagine.fr/563/9789403848563_1_m.jpg,0,3,"« Au chevet de » : image de soin, tonalité intime, aucune menace.",0,2,non,"IA simple élément de fiction romantique, aucun jugement sur risque ou danger.",0,agent
1321,Revue urbanisme : Numéro Spécial 6 : IA,,Collectif,Revue Urbanisme,Revue Urbanisme,3663322131585,Revue,20.00 €,25 Mars 2025,https://www.librel.be/livre/3663322131585-revue-urbanisme-numero-special-6-ia-collectif/,https://images.epagine.fr/585/3663322131585_1_m.jpg,0,3,"Titre de revue neutre, sujet annoncé sans jugement.",0,2,non,"Questions neutres sur l'IA et la ville de demain, aucun cadrage négatif.",0,agent
1323,Philosophie magazine n.192 : L'IA et moi,,Collectif,Philosophie magazine Éditeur,Philosophie Magazine,3663322133862,Revue,6.90 €,20 Août 2025,https://www.librel.be/livre/3663322133862-philosophie-magazine-n-192-l-ia-et-moi-collectif/,https://images.epagine.fr/862/3663322133862_1_m.jpg,0,3,"Titre de magazine neutre, aucune menace.",0,2,non,Question ouverte et neutre sur la place de l'IA au quotidien.,0,agent
1324,Mythologies de l'ia - ulysse et les perils du numerique,,Ganascia J-G.,Le Seuil,,9782021618761,Grand format,18.00 €,16 Octobre 2026,https://www.librel.be/livre/9782021618761-mythologies-de-l-ia-ulysse-et-les-perils-du-numerique-ganascia-j-g/,https://images.epagine.fr/no_image.png,3,2,"« Périls du numérique » : menace nommée, tempérée par le cadre « mythologies ».",0,1,oui,"Description vide, aucun texte à évaluer.",3,agent
1325,"Le roman de Goupil, Tome 1",,Ia,Culture commune,,9791029409660,ebook (pdf),1.99 €,14 Mars 2026,https://www.librel.be/ebook/9791029409660-le-roman-de-goupil-tome-1-ia/,https://images.epagine.fr/660/9791029409660_1_m.jpg,0,3,"Hors-sujet, neutre.",0,3,non,"Fable animalière pour enfants, sans rapport avec l'intelligence artificielle.",0,agent
1326,Le Guide Ultime pour faire Fortune avec ChatGPT-4 et les IA : Plus de 100 idées fiables et innovantes pour bâtir un patrimoine rapidement et durablement,,"Fatih Ak, Léo Martin, Global Vision",LULU,,9781446798614,Poche,17.70 €,1 Octobre 2024,https://www.librel.be/livre/9781446798614-le-guide-ultime-pour-faire-fortune-avec-chatgpt-4-et-les-ia-plus-de-100-idees-fiables-et-innovantes-pour-batir-un-patrimoine-rapidement-et-durablement-fatih-ak-leo-martin-global-vision/,https://images.epagine.fr/614/9781446798614_1_m.jpg,0,3,"Promesse positive (« fortune », « patrimoine »), aucune menace.",0,3,non,"Guide pratique enthousiaste pour exploiter l'IA, propos entièrement positif.",0,agent
1328,"Le roman de Goupil, Tome 2",,Ia,Culture commune,,9791029409677,ebook (pdf),1.99 €,14 Mars 2026,https://www.librel.be/ebook/9791029409677-le-roman-de-goupil-tome-2-ia/,https://images.epagine.fr/677/9791029409677_1_m.jpg,0,3,"Hors-sujet, neutre.",0,3,non,"Suite de fable animalière, aucun contenu lié à l'IA.",0,agent
1330,L'IA dans Windows 11 24H2,,Michel Martin,Mediaforma,,9782494460140,ebook (ePub),12.99 €,21 Février 2025,https://www.librel.be/ebook/9782494460140-l-ia-dans-windows-11-25h2-michel-martin/,https://images.epagine.fr/140/9782494460140_1_m.jpg,0,3,Guide technique neutre.,0,3,non,"Manuel pratique sur Copilot dans Windows, ton entièrement utilitaire et positif.",0,agent
1334,Le Massacre de Thiaroye,,Aminata Diallo,Pure IA,,9791029409691,ebook (ePub),1.99 €,23 Avril 2026,https://www.librel.be/ebook/9791029409691-le-massacre-de-thiaroye-aminata-diallo/,https://images.epagine.fr/691/9791029409691_1_m.jpg,0,3,"Hors-sujet historique, neutre.",0,2,non,"Fiction historique écrite par IA, centrée sur mémoire et silence, pas de menace IA.",0,agent
1337,Revenir de l'au-delà,,Ia Thomas Karadec,Culture commune,,9791029409707,ebook (pdf),1.99 €,23 Avril 2026,https://www.librel.be/ebook/9791029409707-revenir-de-l-au-dela-ia-thomas-karadec/,https://images.epagine.fr/707/9791029409707_1_m.jpg,0,3,"Hors-sujet, neutre.",0,3,non,"Récit de mort imminente et reconstruction personnelle, aucun contenu sur l'IA.",0,agent
1338,"NAD.IA broché : un thriller psychologique français contemporain, noir et lumineux.",,Olivier Berry,Noisettes Éditions,,9782488889025,Grand format,19.99 €,15 Mai 2026,https://www.librel.be/livre/9782488889025-nad-ia-broche-un-thriller-psychologique-francais-contemporain-noir-et-lumineux-olivier-berry/,https://images.epagine.fr/025/9782488889025_1_m.jpg,0,2,"« Noir et lumineux » qualifie le genre, aucune menace liée à l'IA.",2,2,non,IA génétique pouvant révéler secrets et crimes ; risque comme ressort narratif du thriller.,-2,agent
1339,Voyage au coeur de l'IA,,Thibault Verbiest,Les Éditions Ariane,Voyage au coeur de l'IA,9782898853920,livre-audio (mp3),6.99 €,1 Janvier 2024,https://www.librel.be/ebook/9782898853920-voyage-au-coeur-de-l-ia-thibault-verbiest/,https://images.epagine.fr/920/9782898853920_1_m.jpg,0,3,« Voyage au cœur de » : exploration neutre.,3,2,non,"IA présentée comme surpassant l'humain, questionnant sa suprématie ontologique, exploration encore ouverte.",-3,agent
1342,"People at Work n°8. IA en entreprise, tout va bien se penser",,"Cyril Zaidan, Benoit Coquart, Laetitia Orsini Sharps, Anne-Cecile Huprelle (Dir. Editoriale)",Oracom,,9789999985734,ebook (pdf),10.90 €,17 Juin 2023,https://www.librel.be/ebook/9789999985734-magazine-people-at-work-n-8-ia-en-entreprise-tout-va-bien-se-penser-cyril-zaidan-benoit-coquart-laetitia-orsini-sharps-anne-cecile-huprelle-dir-editoriale/,https://images.epagine.fr/734/9789999985734_1_m.jpg,1,2,"Jeu de mots ironique ambigu (« tout va bien se penser »), pas de menace nommée.",1,2,non,"Question « atout ou danger » posée puis traitée avec légèreté ironique, non développée.",0,agent
1343,Le jour où une IA a pris le contrôle,,Lewis Verdun,Five Minutes Editions,Mondes Connectés,9791043416002,ebook (ePub),3.99 €,19 Juin 2026,https://www.librel.be/ebook/9791043416002-le-jour-ou-une-ia-a-pris-le-controle-lewis-verdun/,https://images.epagine.fr/002/9791043416002_1_m.jpg,4,3,"« A pris le contrôle » : domination affirmée frontalement, sans détour.",3,2,non,"Incidents réels de dérive IA développés, mais conclut par appel à vigilance et régulation.",1,agent
1346,El dia en que una IA tomó el control,,Lewis Verdun,Five Minutes Editions,Mondes Connectés,9791043416040,ebook (ePub),3.99 €,19 Juin 2026,https://www.librel.be/ebook/9791043416040-el-d-a-en-que-una-ia-tomo-el-control-lewis-verdun/,https://images.epagine.fr/040/9791043416040_1_m.jpg,4,3,Version espagnole : « prise de contrôle » de l'IA affirmée frontalement.,3,2,non,"Incidents réels (chantage, sabotage) documentés, mais appel à régulation/vigilance, pas de thèse fataliste.",1,agent
1348,HUMAN.IA : L'art de piloter l'imprévisible,,Xavier Montserrat,Librinova,,9791043910371,Grand format,20.00 €,27 Juillet 2026,https://www.librel.be/livre/9791043910371-human-ia-l-art-de-piloter-l-imprevisible-xavier-montserrat/,https://images.epagine.fr/371/9791043910371_1_m.jpg,1,2,"« Piloter l'imprévisible » : incertitude évoquée mais maîtrisée, cadre constructif.",2,2,non,IA comme révélateur parmi crises multiples ; livre propose une stratégie d'action constructive.,-1,agent
1349,La gouvernance de l'IA à l'ère de la crise écologique,,Raymond Haddad,Mare & Martin,"Droit, Sciences & Environnement",9782386002755,Grand format,39.00 €,12 Novembre 2026,https://www.librel.be/livre/9782386002755-la-gouvernance-de-l-ia-a-l-ere-de-la-crise-ecologique-raymond-haddad/,https://images.epagine.fr/no_image.png,2,2,"« Crise écologique » nommée, contexte plutôt que menace centrale de l'IA.",4,2,non,Critique développée : IA « verte » prolonge la dégradation et affaiblit le débat démocratique.,-2,agent
1352,2027 : Une IA à l´Élysée ?,,François Concorde,Librinova,,9791043910500,ebook (ePub),2.99 €,22 Juin 2026,https://www.librel.be/ebook/9791043910500-2027-une-ia-a-l-elysee-francois-concorde/,https://images.epagine.fr/500/9791043910500_1_m.jpg,4,2,"« Une IA à l'Élysée ? » : prise de pouvoir politique par l'IA, frontal.",0,3,non,"IA présentée positivement comme candidate salvatrice, alliée de l'humain.",4,agent
1354,"Aprendendo com a IA : Lições sobre Atenção, Produtividade e Propósito na Era Digital",,Henrique Castelo Branco,Bookmundo,,9789403848013,Poche,9.05 €,30 Décembre 2025,https://www.librel.be/livre/9789403848013-aprendendo-com-a-ia-licoes-sobre-atencao-produtividade-e-proposito-na-era-digital-henrique-castelo-branco/,https://images.epagine.fr/013/9789403848013_1_m.jpg,0,3,Titre éducatif neutre (portugais).,0,2,non,Dialogue avec une IA présenté comme bénéfique pour retrouver sens et attention.,0,agent
1356,Je maîtrise : L'IA pour la formation,,Lucie Dhorne,Clic Editions,Je Maîtrise,9782494017092,Grand format,24.99 €,1 Février 2024,https://www.librel.be/livre/9782494017092-je-maitrise-l-ia-pour-la-formation-lucie-dhorne/,https://images.epagine.fr/092/9782494017092_1_m.jpg,0,3,"« Je maîtrise » : cadre positif, aucune menace.",0,3,non,"Guide pratique pour utiliser l'IA générative en formation, ton entièrement positif.",0,agent
1359,Les nouvelles frontières de l'art redessinées par l'IA.,,Sophie Lanoë,Books on Demand,,9782322206414,Grand format,9.99 €,22 Mars 2023,https://www.librel.be/livre/9782322206414-les-nouvelles-frontieres-de-l-art-redessinees-par-l-ia-sophie-lanoe/,https://images.epagine.fr/414/9782322206414_1_m.jpg,0,3,"« Nouvelles frontières » : cadre positif d'exploration, aucune menace.",0,3,non,"IA présentée comme opportunité créative pour les artistes, ton promotionnel positif.",0,agent
1360,Ma Vérité sur SUNO et autres IA génératives,,Denis Decome,OXYMORON Éditions,,9782385015527,ebook (ePub),0.99 €,4 Août 2025,https://www.librel.be/ebook/9782385015527-ma-verite-sur-suno-et-autres-ia-generatives-denis-decome/,https://images.epagine.fr/527/9782385015527_1_m.jpg,0,2,"« Ma vérité » : neutre, aucune menace nommée.",1,3,non,Question « fin de l'art ? » posée puis démystifiée : travail humain exigeant valorisé.,-1,agent
1363,La dernière émotion : Les IA émotives,,Maryse Morvan Corniglion,Books on Demand,,9782322842629,Grand format,9.30 €,27 Mai 2026,https://www.librel.be/livre/9782322842629-la-derniere-emotion-les-ia-emotives-maryse-morvan-corniglion/,https://images.epagine.fr/629/9782322842629_1_m.jpg,1,2,"« Dernière émotion » : connotation de fin, vague, sans menace nommée.",5,2,non,"Dystopie : IA universelle, protocole d'extermination, émotions comme « dernière frontière » contre l'IA.",-4,agent
1371,Plus fort que l'algorithme : IA vs Amour,,Maryse Morvan Corniglion,Books on Demand,,9782322600557,Grand format,10.45 €,9 Décembre 2025,https://www.librel.be/livre/9782322600557-plus-fort-que-l-algorithme-ia-vs-amour-maryse-morvan-corniglion/,https://images.epagine.fr/557/9782322600557_1_m.jpg,1,2,« Vs » pose un conflit mais « plus fort que » rassure sur l'issue.,5,3,non,"« Oppression algorithmique », domestication de l'humain par la technologie : thèse dystopique centrale.",-4,agent
1373,"Écosysteme numérique: défis juridiques et sociétaux : IA, métavers, santé, environnement, business, finance, cybersécurité, acteurs du numérique",,Myriam Quéméner,Gualino,,9782297217378,Grand format,29.00 €,4 Avril 2023,https://www.librel.be/livre/9782297217378-ecosysteme-numerique-defis-juridiques-et-societaux-ia-metavers-sante-environnement-business-finance-cybersecurite-acteurs-du-numerique-myriam-quemener/,https://images.epagine.fr/378/9782297217378_1_m.jpg,1,2,"« Défis juridiques et sociétaux » : mot mesuré, non dramatique.",2,2,non,Mention brève des « risques de dérives » de l'IA parmi un vaste panorama juridique neutre.,-1,agent
1374,Les outils pour enseigner avec l'IA : Guide pratique ; Collège-Lycée,,Fabien Boyer,Éditions Ellipses,,9782340118669,Grand format,19.90 €,15 Septembre 2026,https://www.librel.be/livre/9782340118669-les-outils-pour-enseigner-avec-l-ia-guide-pratique-college-lycee-fabien-boyer/,https://images.epagine.fr/669/9782340118669_1_m.jpg,0,3,"Guide pratique neutre, aucune menace.",0,3,non,"Guide pratique pour enseignants, limites mentionnées de façon constructive et outillée.",0,agent
1376,Variations IA : le puzzle de notre futur s'assemble,,Gauthier Dambreville,Éditions L'Harmattan,Nouvelles Nouvelles,9782336466361,Grand format,26.00 €,4 Juillet 2024,https://www.librel.be/livre/9782336466361-variations-ia-le-puzzle-de-notre-futur-s-assemble-gauthier-dambreville/,https://images.epagine.fr/361/9782336466361_1_m.jpg,1,2,"« Puzzle de notre futur » : incertitude vague, sans mot de menace fort.",2,2,non,"Perte de contrôle des algorithmes citée parmi d'autres causes, propos sociologique descriptif.",-1,agent
1378,"Demain, sans nous ? - l'ia et la derniere question",,Kuniamisa Kiese P-D.,Editions du Net,,9782312154022,Grand format,19.00 €,26 Juillet 2025,https://www.librel.be/livre/9782312154022-demain-sans-nous-l-ia-et-la-derniere-question-kuniamisa-kiese-p-d/,https://images.epagine.fr/no_image.png,5,2,"« Sans nous » + « dernière question » : disparition humaine, frontal malgré la question.",0,1,oui,"Description vide, aucun texte à évaluer.",5,agent
1379,"Les probabilités sans calculs avec l'IA : ChatGPT, Claude, Mistral...",,"Michel Rousselet, Paul de Laboulaye",Éditions Ellipses,,9782340118737,Grand format,22.00 €,29 Septembre 2026,https://www.librel.be/livre/9782340118737-les-probabilites-sans-calculs-avec-l-ia-chatgpt-claude-mistral-michel-rousselet/,https://images.epagine.fr/737/9782340118737_1_m.jpg,0,3,"Neutre, pédagogique (probabilités, outils IA nommés).",0,3,non,"Apprentissage des probabilités assisté par IA, usage entièrement positif et pratique.",0,agent
1382,Open to work : Nos compétences humaines sont notre meilleur atout pour rester maîtres de l'IA,,"Ryan Roslansky, Aneesh Raman, Pierre Reignier",Alisio,,9782379356513,Grand format,22.90 €,8 Octobre 2026,https://www.librel.be/livre/9782379356513-open-to-work-nos-competences-humaines-sont-notre-meilleur-atout-pour-rester-maitres-de-l-ia-ryan-roslansky-aneesh-raman/,https://images.epagine.fr/513/9782379356513_1_m.jpg,2,2,"« Rester maîtres de l'IA » évoque un enjeu de contrôle, formulé positivement.",1,2,non,Impact sur l'emploi évoqué puis désamorcé par un guide stratégique confiant.,1,agent
1385,Manifeste d'une société juste grâce à l'IA,,Ciroussel Bruno,Books on Demand,,9782322507375,Grand format,17.90 €,21 Novembre 2023,https://www.librel.be/livre/9782322507375-manifeste-d-une-societe-juste-grace-a-l-ia-ciroussel-bruno/,https://images.epagine.fr/375/9782322507375_1_m.jpg,0,3,« Grâce à l'IA » : cadrage positif explicite.,2,2,non,Biais et inégalités mentionnés mais discours globalement positif et équilibré sur l'IA.,-2,agent
1386,Consultant puissance IA : Comment réinventer votre pratique à l'heure où l'IA redéfinit votre valeur et votre métier,,Gabriel Dabi-Schwebel,Vuibert,,9782311630831,Grand format,24.00 €,17 Septembre 2026,https://www.librel.be/livre/9782311630831-consultant-puissance-ia-comment-reinventer-votre-pratique-a-l-heure-ou-l-ia-redefinit-votre-valeur-et-votre-metier-gabriel-dabi-schwebel/,https://images.epagine.fr/831/9782311630831_1_m.jpg,2,2,"« Redéfinit votre valeur et votre métier » : enjeu professionnel, non dramatique.",1,2,non,"Disruption du métier de consultant par l'IA, recadrée en opportunité stratégique.",1,agent
1389,QUAND L'ALGORITHME DECIDE ETAT IA ET NOUS,,"Steve Jacob, Sébastien Brousseau",Presses de l'Université Laval,"Éthique, IA et société - OBVIA",9782766307265,ebook (ePub),11.99 €,2 Juin 2025,https://www.librel.be/ebook/9782766307265-quand-l-algorithme-decide-steve-jacob-sebastien-brousseau/,https://images.epagine.fr/265/9782766307265_1_m.jpg,2,2,"« L'algorithme décide » : perte de contrôle suggérée, non dramatisée.",3,2,non,"Biais algorithmiques et discrimination au coeur du livre, mais solutions concrètes proposées.",-1,agent
1392,L'ia... j'y connais rien ! : Le Guide décomplexé pour tout comprendre,,Jacky Coulet,Books on Demand,,9782322616824,Grand format,18.50 €,20 Janvier 2026,https://www.librel.be/livre/9782322616824-l-ia-j-y-connais-rien-le-guide-decomplexe-pour-tout-comprendre-jacky-coulet/,https://images.epagine.fr/824/9782322616824_1_m.jpg,0,3,"« Guide décomplexé » : rassurant, pédagogique.",1,2,non,« Ça fait peur » cité puis désamorcé par un guide humoristique et bienveillant.,-1,agent
1393,"L'IA, le couteau suisse de l'écrivain",,"René Snop, Denis Decome",OXYMORON Éditions,,9782385016562,ebook (pdf),4.99 €,3 Août 2026,https://www.librel.be/ebook/9782385016562-l-ia-le-couteau-suisse-de-l-ecrivain-rene-snop-denis-decome/,https://images.epagine.fr/562/9782385016562_1_m.jpg,0,3,"« Couteau suisse » : métaphore d'outil utile, positive.",0,3,non,"IA présentée comme outil d'aide à l'écriture, entièrement positif.",0,agent
1397,"Comprendre l'économie d'aujourd'hui en 1h : L'essentiel pour votre quotidien (Dette publique, impôts, IA, pouvoir d'achat...)",,Jean-david Haddad,Jdh,,9782381274263,Grand format,11.00 €,29 Septembre 2025,https://www.librel.be/livre/9782381274263-comprendre-l-economie-d-aujourd-hui-en-1h-l-essentiel-pour-votre-quotidien-dette-publique-impots-ia-pouvoir-d-achat-jean-david-haddad/,https://images.epagine.fr/263/9782381274263_1_m.jpg,0,3,"Neutre, liste de sujets économiques dont l'IA.",1,2,non,"Menace sur l'emploi posée comme question parmi d'autres, propos économique équilibré.",-1,agent
1399,I.A.666 : L'avènement du mal,,Mitchel Kheurg,Books on Demand,,9782322578757,Grand format,24.90 €,28 Août 2025,https://www.librel.be/livre/9782322578757-i-a-666-l-avenement-du-mal-mitchel-kheurg/,https://images.epagine.fr/757/9782322578757_1_m.jpg,5,3,"« 666 » + « avènement du mal » : menace maximale, frontale.",5,2,non,Roman où l'IA incarne Satan et asservit l'humanité : domination totale mise en scène.,0,agent
1402,IA Pas de soucis ?,,Ange.L,Bookelis,,9791042403386,ebook (ePub),6.99 €,14 Novembre 2024,https://www.librel.be/ebook/9791042403386-ia-pas-de-soucis-ange-l/,https://images.epagine.fr/386/9791042403386_1_m.jpg,1,2,"« Pas de soucis ? » : question rassurante mise en doute, ambiguë.",2,2,non,"Opportunités et dangers de l'IA présentés en balance explicite, propos ouvert.",-1,agent
1405,JFSMA 2026 : Systèmes multi-agents : Interrogation de la rationalité des agents face au développement de l'IA Générative,,Collectif,Cepadues,,9782383952831,Grand format,29.00 €,1 Juillet 2026,https://www.librel.be/livre/9782383952831-jfsma-2026-systemes-multi-agents-interrogation-de-la-rationalite-des-agents-face-au-developpement-de-l-ia-generative-collectif/,https://images.epagine.fr/831/9782383952831_1_m.jpg,0,2,"Titre académique, « interrogation » = questionnement neutre.",0,3,non,"Description purement académique d'actes de conférence, aucune orientation négative.",0,agent
1406,Le jour où une IA a écrit un livre,,Lewis Verdun,Five Minutes Editions,Mondes Connectés,9791043408304,ebook (ePub),3.99 €,9 Décembre 2025,https://www.librel.be/ebook/9791043408304-le-jour-ou-une-ia-a-ecrit-un-livre-lewis-verdun/,https://images.epagine.fr/304/9791043408304_1_m.jpg,0,3,"Descriptif, curiosité neutre.",2,2,non,"Bouleversement économique du livre documenté, propos équilibré, appel à un usage responsable.",-2,agent
1407,Repousser les limites de la recherche scientifique à l'ère de l'IA et de la science ouverte,,Hosna Hossari,Éditions L'Harmattan,Dynamiques D'Entreprises,9782336563503,Grand format,35.00 €,15 Janvier 2026,https://www.librel.be/livre/9782336563503-repousser-les-limites-de-la-recherche-scientifique-a-l-ere-de-l-ia-et-de-la-science-ouverte-hosna-hossari/,https://images.epagine.fr/503/9782336563503_1_m.jpg,0,3,"« Repousser les limites » : positif, constructif.",0,3,non,"Enjeux éthiques mentionnés en passant, ton globalement positif sur l'IA en gestion.",0,agent
1408,Deep Learning on Type Ia Supernovae,,Xingzhuo Chen,Springer,,9783032130327,ebook (pdf),139.09 €,31 Mars 2026,https://www.librel.be/ebook/9783032130327-deep-learning-on-type-ia-supernovae-xingzhuo-chen/,https://images.epagine.fr/327/9783032130327_1_m.jpg,0,3,"Astrophysique (supernovae type Ia), aucun rapport à une menace.",0,3,non,"Thèse de physique sur les supernovae, IA seulement nom de méthode, aucun enjeu sociétal.",0,agent
1409,"Prêt-à-penser. L´IA, dernier clou dans le cercueil de l´Éducation nationale.",,Olivier Lusetti,Fantasy.éditions.rcl,,9791092557992,ebook (ePub),4.99 €,19 Juin 2025,https://www.librel.be/ebook/9791092557992-pret-a-penser-l-ia-dernier-clou-dans-le-cercueil-de-l-education-nationale-olivier-lusetti/,https://images.epagine.fr/992/9791092557992_1_m.jpg,5,3,« Dernier clou dans le cercueil » : métaphore de mort explicite.,4,2,non,Thèse développée : l'usage irréfléchi de l'IA détruirait l'école et le cerveau des jeunes.,1,agent
1410,IA : Ce que tu ignores de toi,,Mateo Gouriou,Librinova,,9791043901645,ebook (ePub),9.99 €,12 Février 2026,https://www.librel.be/ebook/9791043901645-ia-ce-que-tu-ignores-de-toi-mateo-gouriou/,https://images.epagine.fr/645/9791043901645_1_m.jpg,1,2,"« Ce que tu ignores de toi » : mystère vague, aucun mot de menace fort.",4,2,non,"Roman où une IA omnisciente juge et expose l'intime, menace centrale du récit.",-3,agent
1411,Ce sera l'IA ou/et moi,,Cécile Dejoux,Vuibert,,9782311624427,Grand format,21.00 €,27 Mai 2020,https://www.librel.be/livre/9782311624427-ce-sera-l-ia-ou-et-moi-cecile-dejoux/,https://images.epagine.fr/427/9782311624427_1_m.jpg,2,2,"« L'IA ou/et moi » : rivalité suggérée, atténuée par l'ambiguïté « et ».",0,3,non,"Guide pratique et positif pour s'approprier l'IA au travail, aucune menace développée.",2,agent
1413,"De zéro à 3 000 /mois avec l'IA : Cinq voies simples, sans diplôme, accessibles à tous",,Seynabou Gueye,Hello Editions,,9782386278587,Grand format,13.95 €,23 Janvier 2026,https://www.librel.be/livre/9782386278587-de-zero-a-3-000-mois-avec-l-ia-cinq-voies-simples-sans-diplome-accessibles-a-tous-seynabou-gueye/,https://images.epagine.fr/587/9782386278587_1_m.jpg,0,3,"Opportunité financière positive, neutre.",0,3,non,"Promesse de revenus grâce à l'IA, ton entièrement positif et pratique.",0,agent
1414,El dia en que una IA escribió un libro,,Lewis Verdun,Five Minutes Editions,Mondes Connectés,9791043408342,ebook (ePub),3.99 €,9 Décembre 2025,https://www.librel.be/ebook/9791043408342-el-d-a-en-que-una-ia-escribio-un-libro-lewis-verdun/,https://images.epagine.fr/342/9791043408342_1_m.jpg,0,3,Descriptif neutre (version espagnole).,2,2,non,Version espagnole du même texte : bouleversement éditorial réel mais propos équilibré.,-2,agent
1418,La Recherche n.577 : IA,,Collectif,La Recherche,La Recherche,3663322128752,Revue,9.90 €,21 Mars 2024,https://www.librel.be/livre/3663322128752-la-recherche-n-577-ia-collectif/,https://images.epagine.fr/752/3663322128752_1_m.jpg,0,3,Titre de revue neutre.,0,2,non,"Dossier scientifique équilibré sur l'IA en recherche, limites citées sans alarmisme.",0,agent
1419,La parole désincarnée : Quelle sagesse chrétienne à l'heure de l'IA ?,,Thierry Magnin,Desclée de Brouwer,,9782220099866,Grand format,19.00 €,7 Octobre 2026,https://www.librel.be/livre/9782220099866-la-parole-desincarnee-quelle-sagesse-chretienne-a-l-heure-de-l-ia-thierry-magnin/,https://images.epagine.fr/866/9782220099866_1_m.jpg,2,2,"« Parole désincarnée » : métaphore de perte modérée, cadre philosophique.",2,2,non,"Réflexion philosophique sur les limites de l'IA, appel constructif au discernement.",0,agent
1420,L'IA en RH dans le secteur public,,Latifa Hasni,Librinova,,9791040594819,ebook (ePub),9.49 €,27 Novembre 2025,https://www.librel.be/ebook/9791040594819-l-ia-en-rh-dans-le-secteur-public-latifa-hasni/,https://images.epagine.fr/819/9791040594819_1_m.jpg,0,3,"Neutre, professionnel/administratif.",1,3,non,« L'IA... alliée plutôt qu'une menace » : la peur est explicitement écartée.,-1,agent
1421,L'IA va-t-elle aussi tuer la démocratie ?,,"Laurent Alexandre, Jean-françois Copé",JC Lattès,,9782709664042,Grand format,20.50 €,30 Janvier 2019,https://www.librel.be/livre/9782709664042-l-ia-va-t-elle-aussi-tuer-la-democratie-laurent-alexandre-jean-francois-cope/,https://images.epagine.fr/042/9782709664042_1_m.jpg,5,3,"« Tuer la démocratie » : mort/destruction frontale, malgré la question.",5,2,non,"« Mises en garde urgentes » : concentration du pouvoir, péril démocratique, thèse centrale.",0,agent
1427,"Transformer l'administration publique avec l'ia. -  au-dela de la modernisation, la metamorphose",,"Diakite, Raphan",Editions du Net,,9782312155890,Grand format,20.00 €,21 Octobre 2025,https://www.librel.be/livre/9782312155890-transformer-l-administration-publique-avec-l-ia-au-dela-de-la-modernisation-la-metamorphose-diakite-raphan/,https://images.epagine.fr/no_image.png,0,2,"« Transformer », « métamorphose » : positif, constructif.",0,1,oui,Description vide.,0,agent
1429,Manifeste pour une IA comprise et responsable,,Coppet Aimetti,Cent Mille Milliards,,9782850712074,Poche,9.05 €,15 Février 2022,https://www.librel.be/livre/9782850712074-manifeste-pour-une-ia-comprise-et-responsable-coppet-aimetti/,https://images.epagine.fr/074/9782850712074_1_m.jpg,0,3,"« IA comprise et responsable » : rassurant, positif.",0,2,non,Manifeste d'aphorismes qui exclut explicitement de critiquer les applications vertueuses de l'IA.,0,agent
1433,L'entrepreneuriat du droit a l'ere du digital et de l'ia,,Collectif,De Boeck Supérieur,,9782807382091,Grand format,30.00 €,19 Décembre 2025,https://www.librel.be/livre/9782807382091-l-entrepreneuriat-du-droit-a-l-ere-du-digital-et-de-l-ia-collectif/,https://images.epagine.fr/091/9782807382091_1_m.jpg,0,3,"Neutre, académique/professionnel.",0,1,oui,Description vide.,0,agent
1438,IA vidéo - La vidéo interactive du Web 4.0,,Emanuel St-Pierre,Bookelis,,9791042463564,Grand format,17.60 €,21 Juillet 2025,https://www.librel.be/livre/9791042463564-ia-video-la-video-interactive-du-web-4-0-emanuel-st-pierre/,https://images.epagine.fr/564/9791042463564_1_m.jpg,0,3,Description technique neutre du produit.,0,3,non,Présentation neutre et positive de la vidéo interactive et de l'IA marketing.,0,agent
1439,La quête de ia i,,Micha Cleef-palmerr,Editions Maïa,À Travers Soi,9782379169083,Grand format,20.00 €,21 Avril 2022,https://www.librel.be/livre/9782379169083-la-quete-de-ia-i-micha-cleef-palmerr/,https://images.epagine.fr/083/9782379169083_1_m.jpg,0,2,"« Quête » évoque aventure/exploration, aucun mot de menace.",0,3,non,Texte poétique sans aucune mention de l'intelligence artificielle.,0,agent
1442,La grande illusion de l'IA,,"Hervé Bry, Denis Jeambrun",Éditions de l'Onde,,9782371585744,Grand format,17.10 €,13 Février 2025,https://www.librel.be/livre/9782371585744-la-grande-illusion-de-l-ia-herve-bry-denis-jeambrun/,https://images.epagine.fr/744/9782371585744_1_m.jpg,3,2,"« Illusion » : tromperie affirmée, angle négatif net mais non dramatique.",0,2,non,Questions ouvertes et brèves sans cadrage négatif explicite.,3,agent
1447,IA.foot,,Jean-Michel Zurletti,Edilivre,,9782414809424,Grand format,15.55 €,18 Avril 2025,https://www.librel.be/livre/9782414809424-ia-foot-jean-michel-zurletti/,https://images.epagine.fr/424/9782414809424_1_m.jpg,0,3,"Neutre, thématique foot/IA sans menace.",0,3,non,"IA citée comme dispositif créatif ludique, aucun cadrage négatif.",0,agent
1450,Formation Complète et Approfondie sur l'IA : EXPLORAMA IA,,Malek Aouadj,Books on Demand,,9782322516278,Grand format,21.81 €,10 Novembre 2024,https://www.librel.be/livre/9782322516278-formation-complete-et-approfondie-sur-l-ia-explorama-ia-malek-aouadj/,https://images.epagine.fr/278/9782322516278_1_m.jpg,0,3,"Formation neutre, pédagogique.",0,3,non,"Formation pédagogique pratique sur l'IA, aucun risque évoqué.",0,agent
1451,Le destin de Léa : ou IA... danger,,Patrick Lagneau,Books on Demand,,9782322622399,Grand format,20.00 €,1 Mai 2025,https://www.librel.be/livre/9782322622399-le-destin-de-lea-ou-ia-danger-patrick-lagneau/,https://images.epagine.fr/399/9782322622399_1_m.jpg,4,2,« IA... danger » : mot de menace explicite associé directement à l'IA.,3,2,non,Fiction sur un deepfake ; réflexion ouverte sur la manipulation par l'IA.,1,agent
1452,Frontières de l'Inconnu : L'IA et ses Répercussions sur l'Humanité,,Antoine Masia,LULU,,9781447678250,Poche,13.10 €,5 Juin 2023,https://www.librel.be/livre/9781447678250-frontieres-de-l-inconnu-l-ia-et-ses-repercussions-sur-l-humanite-antoine-masia/,https://images.epagine.fr/250/9781447678250_1_m.jpg,1,2,"« Répercussions » neutre, « Frontières de l'Inconnu » vague, sans menace nommée.",0,2,non,"Questions génériques sur l'éthique de l'IA, ton enthousiaste, non développé.",1,agent
1454,Sciences humaines n.377 : L'IA peut-elle penser à notre place ?,,Collectif,Sciences Humaines Revue,Sciences Humaines,3663322131981,Revue,6.90 €,21 Mars 2025,https://www.librel.be/livre/3663322131981-sciences-humaines-n-377-l-ia-peut-elle-penser-a-notre-place-collectif/,https://images.epagine.fr/981/3663322131981_1_m.jpg,3,2,"« Penser à notre place » : remplacement cognitif net, formulé en question.",1,2,non,Débat pour/contre explicitement présenté puis désamorcé vers un tour d'horizon neutre.,2,agent
1459,Quand la machine décide : L'IA prend le pouvoir,,Gérard Lamy,Books on Demand,,9782322642434,Grand format,15.00 €,5 Avril 2026,https://www.librel.be/livre/9782322642434-quand-la-machine-decide-l-ia-prend-le-pouvoir-gerard-lamy/,https://images.epagine.fr/434/9782322642434_1_m.jpg,5,3,"« Prend le pouvoir » : domination frontale de la machine, sans ambiguïté.",4,2,non,Thriller : l'IA prend le contrôle et devient arme de domination mondiale.,1,agent
1460,Nouvelle Conscience : Etes-vous prêt pour l'IA ?,,Robert G. Forge,LULU,,9781716828454,Poche,20.85 €,1 Septembre 2020,https://www.librel.be/livre/9781716828454-nouvelle-conscience-etes-vous-pret-pour-l-ia-robert-g-forge/,https://images.epagine.fr/no_image.png,1,2,"Question de préparation, aucun mot de menace fort.",2,2,non,Thriller policier où l'éthique de l'IA est un enjeu secondaire au meurtre.,-1,agent
1461,IA Vertiges des angles morts,,Pierre Bongiovanni,Sama,Sources,9782959380747,Grand format,19.00 €,20 Mars 2026,https://www.librel.be/livre/9782959380747-ia-vertiges-des-angles-morts-pierre-bongiovanni/,https://images.epagine.fr/747/9782959380747_1_m.jpg,3,2,"« Vertiges », « angles morts » : métaphore de danger/désorientation claire.",2,2,non,"Critique poétique de l'IA effaçant les savoirs oraux, ton joyeux et constructif.",1,agent
1463,Comment réussir votre stratégie de triple accélération : IA - De?veloppement durable - Futur des ...,,Vincent Ducrey Et Emmanuel Vivier,Thebookedition.Com,,9782959447600,Grand format,35.00 €,9 Septembre 2024,https://www.librel.be/livre/9782959447600-comment-reussir-votre-strategie-de-triple-acceleration-ia-de-veloppement-durable-futur-des-vincent-ducrey-et-emmanuel-vivier/,https://images.epagine.fr/600/9782959447600_1_m.jpg,0,3,"« Réussir » : cadre positif/professionnel, neutre.",0,2,non,"Rejette explicitement le cadrage de l'IA comme menace, au profit de l'accélération.",0,agent
1466,La dictature de l'IA et sa gouvernance en 2026. : Reprendre le contrôle : Guide pratique pour une souveraineté numérique.,,Pierre érol Giraudy,Books on Demand,,9782322864751,Grand format,39.00 €,1 Juillet 2026,https://www.librel.be/livre/9782322864751-la-dictature-de-l-ia-et-sa-gouvernance-en-2026-reprendre-le-controle-guide-pratique-pour-une-souverainete-numerique-pierre-erol-giraudy/,https://images.epagine.fr/751/9782322864751_1_m.jpg,5,3,"« Dictature de l'IA » : domination/totalitarisme explicite, maximal.",4,2,non,"Domination GAFAM/BATX, vassalisation dénoncées ; mais présenté comme guide d'action, pas alarmiste.",1,agent
1468,"Les Prédateurs : Réseaux sociaux, IA, pédocriminalité : comment ils captent et monétisent l'attention de nos enfants",,Sarah El hairy,Albin Michel,,9782226516732,Grand format,19.00 €,28 Octobre 2026,https://www.librel.be/livre/9782226516732-les-predateurs-reseaux-sociaux-ia-pedocriminalite-comment-ils-captent-et-monetisent-l-attention-de-nos-enfants-sarah-el-hairy/,https://images.epagine.fr/no_image.png,5,3,"« Prédateurs », « pédocriminalité » : exploitation d'enfants, choc maximal.",0,1,oui,Description vide.,5,agent
1469,Les cahiers de l'IA,,Michel Corbrion,Thebookedition.Com,,9782957756650,Grand format,9.50 €,17 Août 2025,https://www.librel.be/livre/9782957756650-les-cahiers-de-l-ia-michel-corbrion/,https://images.epagine.fr/650/9782957756650_1_m.jpg,0,3,"Titre neutre, format « cahiers ».",0,3,non,Guide pédagogique équilibré ; limites et impacts mentionnés sans thèse négative.,0,agent
1472,Quand l'IA devient amie,,Lewis Verdun,Five Minutes Editions,Mondes Connectés,9791043401602,ebook (ePub),3.99 €,12 Juin 2025,https://www.librel.be/ebook/9791043401602-quand-l-ia-devient-amie-lewis-verdun/,https://images.epagine.fr/602/9791043401602_1_m.jpg,0,3,"« Devient amie » : réassurant, positif.",1,2,non,"IA compagne « fascinante et inquiétante » posée en question ouverte, conclusion enthousiaste.",-1,agent
1477,IA - Est-il déjà trop tard ?,,Michel Corbrion,Thebookedition.Com,,9782957756667,Grand format,9.00 €,3 Septembre 2025,https://www.librel.be/livre/9782957756667-ia-est-il-deja-trop-tard-michel-corbrion/,https://images.epagine.fr/667/9782957756667_1_m.jpg,4,3,« Est-il déjà trop tard » : question dramatique de crise imminente.,3,2,non,Dépendance et dérives de l'IA posées comme question ouverte : soumission ou libération.,1,agent
1479,Code IA : hard law software,,Xavier Comtesse,Georg,,9782825712450,Grand format,19.00 €,14 Novembre 2021,https://www.librel.be/livre/9782825712450-code-ia-hard-law-software-xavier-comtesse/,https://images.epagine.fr/450/9782825712450_1_m.jpg,0,3,Titre technique/juridique neutre.,1,2,non,"Régulation de l'IA et responsabilité juridique traitées de façon informative, questions ouvertes.",-1,agent
1480,Cuando la IA se convierte en amiga,,Lewis Verdun,Five Minutes Editions,Mondes Connectés,9791043401640,ebook (ePub),3.99 €,12 Juin 2025,https://www.librel.be/ebook/9791043401640-cuando-la-ia-se-convierte-en-amiga-lewis-verdun/,https://images.epagine.fr/640/9791043401640_1_m.jpg,0,3,"« Se convierte en amiga » : réassurant, positif.",1,2,non,"Version espagnole du même texte sur l'IA compagne, question ouverte.",-1,agent
1483,IA et transports : Vers un monde autonome,,"Arthur Hervochon, Noureddine Boudouaz, Daniela Peschard, Valérie Lejeune",Éditions L'Harmattan,Ad Valorem,9782336565095,Grand format,17.00 €,18 Septembre 2025,https://www.librel.be/livre/9782336565095-ia-et-transports-vers-un-monde-autonome-noureddine-boudouaz-daniela-peschard-valerie-lejeune/,https://images.epagine.fr/095/9782336565095_1_m.jpg,0,2,"« Monde autonome » descriptif, cadre technique neutre.",0,3,non,"Présentation promotionnelle d'un cursus IA en aéronautique, entièrement positive.",0,agent
1490,Un guide chrétien sur l'IA : 12 réponses bibliques aux questions que l'on se pose tous,,"Pete Killingley, Timothée Kyle",Blf Europe,,9782386572043,Grand format,14.90 €,24 Septembre 2026,https://www.librel.be/livre/9782386572043-un-guide-chretien-sur-l-ia-12-reponses-bibliques-aux-questions-que-l-on-se-pose-tous-pete-killingley/,https://images.epagine.fr/043/9782386572043_1_m.jpg,0,3,"Guide neutre, cadre pédagogique/religieux.",0,2,non,"Inquiétude citée parmi d'autres réactions possibles, résolue par un ton optimiste et biblique.",0,agent
1491,Cahier technique de la Cofrend : Guide d'introduction à l'IA pour les CND,,Cofrend Cofrend,Lexitis,,9782362331978,Grand format,79.00 €,10 Octobre 2025,https://www.librel.be/livre/9782362331978-cahier-technique-de-la-cofrend-guide-d-introduction-a-l-ia-pour-les-cnd-cofrend-cofrend/,https://images.epagine.fr/978/9782362331978_1_m.jpg,0,3,"Cahier technique neutre, professionnel.",0,3,non,"Guide technique CND, vise à démystifier les idées reçues sur l'IA.",0,agent
1492,"Pin-up's World, le Charme au Féminin : Livre à colorier",,Sbcolors By Sylv'Ia,Books on Demand,,9782322516322,Grand format,24.99 €,20 Novembre 2024,https://www.librel.be/livre/9782322516322-pin-up-s-world-le-charme-au-feminin-livre-a-colorier-sbcolors-by-sylv-ia/,https://images.epagine.fr/322/9782322516322_1_m.jpg,0,3,"Livre à colorier neutre, aucune mention d'IA.",0,3,non,"Livre de coloriage pin-up, l'IA n'apparaît que dans un nom propre.",0,agent
1500,L'IA n'apprend pas : La pédagogie par le jeu : modèle irréductible de formation,,Guy Bulit,Books on Demand,,9782322869534,Grand format,19.99 €,5 Mai 2026,https://www.librel.be/livre/9782322869534-l-ia-n-apprend-pas-la-pedagogie-par-le-jeu-modele-irreductible-de-formation-guy-bulit/,https://images.epagine.fr/534/9782322869534_1_m.jpg,1,2,"Titre correctif (« n'apprend pas »), pas d'évocation de menace précise.",1,2,non,Illusion du remplacement du jugement humain par l'IA explicitement réfutée par l'argument.,0,agent
1504,Comment commençer à gagner sa vie avec l'IA,,Andrea Guesh,Rendez-Vous éditions,,9791092165623,ebook (pdf),2.90 €,3 Juin 2026,https://www.librel.be/ebook/9791092165623-comment-commencer-a-gagner-sa-vie-avec-l-ia-andrea-guesh/,https://images.epagine.fr/623/9791092165623_1_m.jpg,0,3,"Titre pratique/positif, aucune évocation de risque.",0,3,non,Guide pratique entrepreneurial entièrement positif sur les revenus générés via l'IA.,0,agent
1505,La paresse à l'heure de l'IA : Vers un nouvel équilibre,,Jean-Luc Bonnet,Éditions L'Harmattan,Questions Contemporaines,9782336644783,Grand format,25.00 €,3 Septembre 2026,https://www.librel.be/livre/9782336644783-la-paresse-a-l-heure-de-l-ia-vers-un-nouvel-equilibre-jean-luc-bonnet/,https://images.epagine.fr/783/9782336644783_1_m.jpg,1,2,"« Paresse » léger, tempéré par « nouvel équilibre ».",3,2,non,"Tension explicitement ouverte entre usage utile et dépendance appauvrissante, non tranchée.",-2,agent
1506,Intrusion : premier recueil de poèmes par l'IA,,Koos Jeli,Spinelle,,9782378278700,Grand format,18.00 €,8 Septembre 2023,https://www.librel.be/livre/9782378278700-intrusion-premier-recueil-de-poemes-par-l-ia-koos-jeli/,https://images.epagine.fr/700/9782378278700_1_m.jpg,2,2,"« Intrusion » : mot de risque modéré, non développé.",3,2,non,Question ouverte et centrale : la machine remplace-t-elle l'homme dans la création ?,-1,agent
1507,"L'auteur face à l'IA : Création littéraire, modèles de langage, équité",,Eric Essono tsimi,Uga Editions,,9782377476084,Grand format,12.50 €,12 Novembre 2026,https://www.librel.be/livre/9782377476084-l-auteur-face-a-l-ia-creation-litteraire-modeles-de-langage-equite-eric-essono-tsimi/,https://images.epagine.fr/084/9782377476084_1_m.jpg,1,2,"« Face à » suggère tension, cadre académique tempéré par « équité ».",3,2,non,Question centrale ouverte sur la perte de voix auctoriale face à l'écriture par IA.,-2,agent
1508,"La révolution de l'IA, un défi éthique et démocratique",,Semaines  Sociales De France,Books on Demand,,9782322599936,Grand format,14.99 €,9 Mars 2026,https://www.librel.be/livre/9782322599936-la-revolution-de-l-ia-un-defi-ethique-et-democratique-semaines-sociales-de-france/,https://images.epagine.fr/936/9782322599936_1_m.jpg,2,2,"« Défi » : incertitude modérée, non dramatique.",2,2,non,"Risques cités mais intégrés à une démarche délibérative équilibrée, promesses aussi soulignées.",0,agent
1513,Data analytics automatisés : combiner la créativité humaine et la puissance de l'IA avec ChatGPT,,Soraya Sedkaoui,Iste,"Systèmes D'Information, Web Et Société",9781784059842,Grand format,N.C.,25 Mars 2024,https://www.librel.be/livre/9781784059842-data-analytics-automatises-combiner-la-creativite-humaine-et-la-puissance-de-l-ia-avec-chatgpt-soraya-sedkaoui/,https://images.epagine.fr/842/9781784059842_1_m.jpg,0,3,« Combiner créativité humaine et puissance de l'IA » : positif.,0,3,non,"Éloge lyrique de la symbiose homme-IA, entièrement positif.",0,agent
1515,"Entreprises et IA : Comprendre, agir, anticiper",,FNEP,Presses De L'Ecole Des Mines,Fnep,9782385428662,Grand format,19.00 €,3 Décembre 2026,https://www.librel.be/livre/9782385428662-entreprises-et-ia-comprendre-agir-anticiper-fnep/,https://images.epagine.fr/662/9782385428662_1_m.jpg,0,3,"Neutre, pratique (« comprendre, agir, anticiper »).",1,2,non,"Inquiétudes mentionnées puis relativisées par analogie historique, conclusion sur la croissance positive.",-1,agent
1516,"Addictions : tous cyberaddicts, des écrans à l'IA : Manuel de survie pour une utilisation adaptée des écrans",,"Eryne Fermon, Sandrine Décembre, Philippe Lhoumeau",Publibook,Connaissances Et Savoirs,9782342394061,Grand format,14.05 €,9 Août 2026,https://www.librel.be/livre/9782342394061-addictions-tous-cyberaddicts-des-ecrans-a-l-ia-manuel-de-survie-pour-une-utilisation-adaptee-des-ecrans-eryne-fermon-sandrine-decembre-philippe-lhoumeau/,https://images.epagine.fr/061/9782342394061_1_m.jpg,4,3,"« Addictions », « cyberaddicts », « manuel de survie » : menace forte.",2,2,non,"Addiction à l'IA citée parmi d'autres, cadre pratique et thérapeutique dominant.",2,agent
1520,"Guide juridique du numérique : Contrats, propriété intellectuelle, données personnelles, e-commerce, logiciels, blockchain, IA...",,Sydney Chiche-Attali,Eni,Datapro,9782409055836,Grand format,39.00 €,18 Novembre 2026,https://www.librel.be/livre/9782409055836-guide-juridique-du-numerique-contrats-propriete-intellectuelle-donnees-personnelles-e-commerce-logiciels-blockchain-ia-2e-edition-sydney-chiche-attali/,https://images.epagine.fr/no_image.png,0,3,"Neutre, guide pratique juridique.",0,3,non,Guide juridique pratique et neutre incluant l'IA parmi d'autres sujets.,0,agent
1522,"2050, l'odyssée de l'IA",,Stéphane Nolhart,Avallon & Combe,,9782385330538,Grand format,21.00 €,3 Juillet 2023,https://www.librel.be/livre/9782385330538-2050-l-odyssee-de-l-ia-stephane-nolhart/,https://images.epagine.fr/538/9782385330538_1_m.jpg,0,3,« Odyssée » : imagerie d'aventure neutre à positive.,3,2,non,"Dystopie satirique : prise de pouvoir mondiale par IA et GAFAM, ton comique, ouvert.",-3,agent
1523,Cahiers de sémiotique des cultures n.5 : Cahiers de sémiotique des cultures : IA et culture / AI and Culture,,Collectif,Classiques Garnier,Cahiers De Sémiotique Des Cultures,9782406205272,Revue,19.00 €,29 Avril 2026,https://www.librel.be/livre/9782406205272-cahiers-de-semiotique-des-cultures-n-5-cahiers-de-semiotique-des-cultures-ia-et-culture-ai-and-culture-edition-2026-collectif/,https://images.epagine.fr/272/9782406205272_1_m.jpg,0,3,"Neutre, cahiers académiques.",1,1,non,"Simple liste de titres d'articles académiques ; métaphore isolée, pas de thèse développée.",-1,agent
1526,Le train de l'IA est-il vraiment inarrêtable ? : Comment s'assurer que les outils travaillent pour nous et non l'inverse,,Cory Doctorow,Eyrolles,,9782416027192,Grand format,20.00 €,29 Octobre 2026,https://www.librel.be/livre/9782416027192-le-train-de-l-ia-est-il-vraiment-inarretable-comment-s-assurer-que-les-outils-travaillent-pour-nous-et-non-l-inverse-cory-doctorow/,https://images.epagine.fr/no_image.png,3,2,"« Train inarrêtable » et outils « contre nous » : angle négatif net, tempéré.",3,2,non,"Bulle spéculative dangereuse et rapports de pouvoir critiqués, mais débat explicitement ouvert.",0,agent
1530,Marketing plateformise : l'IA et la data au service de la précision de masse,,Marco Tinelli,Eyrolles,,9782416001802,Grand format,24.00 €,2 Décembre 2021,https://www.librel.be/livre/9782416001802-marketing-plateformise-l-ia-et-la-data-au-service-de-la-precision-de-masse-marco-tinelli/,https://images.epagine.fr/802/9782416001802_1_m.jpg,2,2,"« Précision de masse » : nuance de ciblage, non alarmant.",1,2,non,"Critique légère de plateformes fermées et concentrées, ton pratique et incitatif dominant.",1,agent
1531,Sensibilisation à la cybersécurité et à l'IA pour tous - 2e édition : Nouvelle édition enrichie - avec deux chapitres inédits sur l'IA et l'IA générative,,Toni Conde,Edilivre,,9782414820276,Grand format,16.60 €,15 Février 2026,https://www.librel.be/livre/9782414820276-sensibilisation-a-la-cybersecurite-et-a-l-ia-pour-tous-2e-edition-nouvelle-edition-enrichie-avec-deux-chapitres-inedits-sur-l-ia-et-l-ia-generative-toni-conde/,https://images.epagine.fr/276/9782414820276_1_m.jpg,0,3,"Neutre, manuel de sensibilisation pédagogique.",1,2,non,"Menace cyber évoquée mais guide pratique rassurant, conseils de bon sens.",-1,agent
1532,I.A. : Intelligence alertée,,Meignan Christophe,Stellamaris,,9782368688533,Grand format,14.00 €,26 Mai 2024,https://www.librel.be/livre/9782368688533-i-a-intelligence-alertee-meignan-christophe/,https://images.epagine.fr/533/9782368688533_1_m.jpg,2,2,"Jeu de mots « intelligence alertée » : vigilance modérée, non dramatique.",1,2,non,"Bienfaits puis dérives potentielles présentés en parallèle explicite, ton humoristique.",1,agent
1535,IA et intelligence collective : Comment collaborer avec l'IA sans perdre l'humain,,Stefan Merckelbach,Aquilae,,9782940678105,Grand format,28.00 €,21 Janvier 2026,https://www.librel.be/livre/9782940678105-ia-et-intelligence-collective-comment-collaborer-avec-l-ia-sans-perdre-l-humain-stefan-merckelbach/,https://images.epagine.fr/105/9782940678105_1_m.jpg,2,2,"« Sans perdre l'humain » : enjeu modéré, formulé comme conseil positif.",0,3,non,"IA présentée comme outil au service du discernement collectif, ton constructif.",2,agent
1538,Fascinante IA,,Jacques Pignault,Boleine,,9782490081073,Grand format,27.00 €,6 Juillet 2019,https://www.librel.be/livre/9782490081073-fascinante-ia-jacques-pignault/,https://images.epagine.fr/073/9782490081073_1_m.jpg,0,3,"« Fascinante » : positif, aucune évocation de menace.",2,2,non,Risques et déviances réels mais encadrés par une grille de recommandations sécurisantes.,-2,agent
1544,"Préparer les tests logiciels avec l'IA générative : Comprendre, expérimenter et contrôler ses usages",,Julien Prévost,Eni,Expert It,9782409056383,Grand format,39.00 €,9 Décembre 2026,https://www.librel.be/livre/9782409056383-preparer-les-tests-logiciels-avec-l-ia-generative-comprendre-experimenter-et-controler-ses-usages-julien-prevost/,https://images.epagine.fr/383/9782409056383_1_m.jpg,0,3,"Neutre, pratique (« comprendre, expérimenter, contrôler »).",2,2,non,"Risques (biais, confidentialité, environnement) cités parmi d'autres aspects d'un guide pratique équilibré.",-2,agent
1547,"(Dés)ordres informationnels : Journalisme, IA & Datas",,"Audrey Alvès, Mirela Lazãr, Nicolas Pélissier, Collectif",Mkf,Imaginaire(S),9782493458476,Grand format,20.00 €,13 Mai 2026,https://www.librel.be/livre/9782493458476-des-ordres-informationnels-journalisme-ia-datas-audrey-alves-mirela-lazar-nicolas-pelissier-collectif/,https://images.epagine.fr/476/9782493458476_1_m.jpg,2,2,« (Dés)ordres » : jeu de mots évoquant un désordre modéré.,3,2,non,"Risques du journalisme algorithmique (biais, deepfakes) posés comme débat ouvert et critique.",-1,agent
1550,"Pin-up's World, Le Charme au Féminin - Tome 2 : Livre à colorier",,Sbcolors By Sylv'Ia,Books on Demand,,9782322535613,Grand format,24.99 €,22 Novembre 2024,https://www.librel.be/livre/9782322535613-pin-up-s-world-le-charme-au-feminin-tome-2-livre-a-colorier-sbcolors-by-sylv-ia/,https://images.epagine.fr/613/9782322535613_1_m.jpg,0,3,"Aucune mention de l'IA, livre à colorier.",0,3,non,"Album de coloriage pin-up, aucun rapport avec l'intelligence artificielle.",0,agent
1552,"La transformation numérique : cloud, big data, IA, Internet des objets : s'adapter ou disparaître",,"Thomas m. Siebel, Pierre Reignier, Jacques Attali",Fayard,Documents Fayard,9782213720708,Grand format,25.10 €,2 Février 2022,https://www.librel.be/livre/9782213720708-la-transformation-numerique-cloud-big-data-ia-internet-des-objets-s-adapter-ou-disparaitre-thomas-m-siebel/,https://images.epagine.fr/708/9782213720708_1_m.jpg,4,3,« S'adapter ou disparaître » : ultimatum existentiel frontal.,1,2,non,"Analogie à l'extinction de masse, mais résolue en opportunités économiques massives.",3,agent
1555,Quand l'IA ne suffit pas : Surmonter les contraintes qui bloquent l'entreprise,,Thibault Fritsch,Afnor,,9782124659760,Grand format,28.00 €,15 Octobre 2026,https://www.librel.be/livre/9782124659760-quand-l-ia-ne-suffit-pas-surmonter-les-contraintes-qui-bloquent-l-entreprise-thibault-fritsch/,https://images.epagine.fr/760/9782124659760_1_m.jpg,1,2,"« Ne suffit pas » et « contraintes qui bloquent » : limitation business, sans menace forte.",0,3,non,"IA jugée insuffisante face à un problème organisationnel humain, ton neutre, pédagogique.",1,agent
1556,Développer un réseau d'agents d'IA avec Python : Créer des applications intelligentes grâce à un réseau d'IA collaboratives,,Guillaume Saupin,Dunod,Infopro,9782100889488,Grand format,27.05 €,14 Octobre 2026,https://www.librel.be/livre/9782100889488-developper-un-reseau-d-agents-d-ia-avec-python-creer-des-applications-intelligentes-grace-a-un-reseau-d-ia-collaboratives-guillaume-saupin/,https://images.epagine.fr/488/9782100889488_1_m.jpg,0,3,"Neutre, technique et pédagogique (« développer », « créer des applications »).",0,3,non,"Ouvrage technique sur les architectures multi-agents LLM, ton descriptif, aucune orientation négative.",0,agent
1564,Prise de tête avec l'IA sur la question de Dieu,,Jean-Michel Zurletti,Edilivre,,9782414800339,Grand format,15.55 €,5 Février 2025,https://www.librel.be/livre/9782414800339-prise-de-tete-avec-l-ia-sur-la-question-de-dieu-jean-michel-zurletti/,https://images.epagine.fr/339/9782414800339_1_m.jpg,1,2,"« Prise de tête » = agacement léger, aucune menace nommée.",1,2,non,"Questions existentielles via une IA présentée comme voix neutre et rationnelle, pas de menace.",0,agent
1573,Les humanoïdes vont à confesse ou L'IA a 1 hic,,Armand Savioz,Baudelaire,,9791020372130,Grand format,17.10 €,24 Avril 2024,https://www.librel.be/livre/9791020372130-les-humanoides-vont-a-confesse-ou-l-ia-a-1-hic-armand-savioz/,https://images.epagine.fr/130/9791020372130_1_m.jpg,1,2,"« A 1 hic » : jeu de mots comique, souci mineur, pas de menace.",1,2,non,"Récit SF: humanoïdes développant la croyance, exploration philosophique ouverte, pas de thèse menaçante.",0,agent
1576,"L'IA et la dernière question : Science, Ethique et Humanité",,Pavodie-Delphin Kuniamisa Kiese,Editions du Net,,9782312153421,Grand format,19.00 €,8 Juin 2025,https://www.librel.be/livre/9782312153421-l-ia-et-la-derniere-question-science-ethique-et-humanite-pavodie-delphin-kuniamisa-kiese/,https://images.epagine.fr/421/9782312153421_1_m.jpg,1,1,"« Dernière question » évoque une finalité vague, sans menace nommée.",1,3,non,"IA chercheuse envisagée puis résolue: plaidoyer pour coexistence, technologie restant un outil.",0,agent
1580,L'homme du silence et l'incompréhension de l'IA,,Rolando Benenzon,Non Verbal,,9782494850347,Grand format,22.00 €,3 Juin 2026,https://www.librel.be/livre/9782494850347-l-homme-du-silence-et-l-incomprehension-de-l-ia-rolando-benenzon/,https://images.epagine.fr/347/9782494850347_1_m.jpg,1,2,"« Incompréhension de l'IA » : tension légère, pas de mot de menace fort.",0,2,non,"Limites émotionnelles de l'IA notées factuellement; message humaniste positif dominant, pas de menace.",1,agent
1589,Entretien avec l'IA sur la polygamie,,"Patrick Pierre-Louis, Gaston Mahoungou",Les Impliques,,9791042806231,Grand format,17.00 €,26 Juin 2025,https://www.librel.be/livre/9791042806231-entretien-avec-l-ia-sur-la-polygamie-patrick-pierre-louis/,https://images.epagine.fr/231/9791042806231_1_m.jpg,0,3,"« Entretien avec l'IA » neutre, sujet religieux/social.",0,3,non,"Dialogue avec l'IA sur la polygamie, ton ouvert et nuancé, aucune menace.",0,agent
1592,Preche la parole : Parole Révélée Sans Dépendance à L'IA,,Adly Saint Cyr,Books on Demand,,9782322639786,Grand format,15.00 €,2 Janvier 2026,https://www.librel.be/livre/9782322639786-preche-la-parole-parole-revelee-sans-dependance-a-l-ia-adly-saint-cyr/,https://images.epagine.fr/786/9782322639786_1_m.jpg,1,2,"« Sans dépendance à l'IA » : indépendance valorisée, évocation vague.",1,2,non,"Dépendance à l'IA évoquée comme chose à éviter, sans thèse développée.",0,agent
1597,L'IA qui n'aimait pas les humains,,Apoline G.,Editions Maïa,Futurs Proches,9791042509392,Grand format,18.00 €,9 Avril 2025,https://www.librel.be/livre/9791042509392-l-ia-qui-n-aimait-pas-les-humains-apoline-g/,https://images.epagine.fr/392/9791042509392_1_m.jpg,4,2,"« Qui n'aimait pas les humains » : hostilité de l'IA, frontale.",2,2,non,"Fiction : domination technologique en toile de fond, secondaire au récit amoureux.",2,agent
1598,S'adapter ou disparaître : comment le Big Data et l'IA bouleversent les dynamiques concurrentielles dans le retail??,,Angélique Mhiri,Les Trois Colonnes,,9782383263456,Grand format,23.60 €,17 Décembre 2021,https://www.librel.be/livre/9782383263456-s-adapter-ou-disparaitre-comment-le-big-data-et-l-ia-bouleversent-les-dynamiques-concurrentielles-dans-le-retail-angelique-mhiri/,https://images.epagine.fr/456/9782383263456_1_m.jpg,5,2,"« S'adapter ou disparaître » : disparition, menace existentielle frontale.",0,3,non,"Discours managérial pro-data/IA, entièrement positif et pratique.",5,agent
1600,IA : L'illusion du contrôle : Des origines militaires de l'IA à la fin du jugement humain. Enquête sur une révolution silencieuse.,,Emmanuelle Darles,Books on Demand,,9782322859740,Grand format,19.00 €,9 Juin 2026,https://www.librel.be/livre/9782322859740-ia-l-illusion-du-controle-des-origines-militaires-de-l-ia-a-la-fin-du-jugement-humain-enquete-sur-une-revolution-silencieuse-emmanuelle-darles/,https://images.epagine.fr/740/9782322859740_1_m.jpg,5,3,"« Fin du jugement humain », « illusion du contrôle » : perte de contrôle maximale.",4,2,non,Thèse développée : l'IA militaire déplace le jugement humain hors de la décision.,1,agent
1606,Marianne et l'IA ou La vérité du diable,,Angelo Santoro,Spinelle,,9782386513282,Grand format,18.00 €,23 Janvier 2026,https://www.librel.be/livre/9782386513282-marianne-et-l-ia-ou-la-verite-du-diable-angelo-santoro/,https://images.epagine.fr/282/9782386513282_1_m.jpg,4,2,« Vérité du diable » : métaphore dépréciative forte liée à l'IA.,2,2,non,"Roman philosophique : surveillance et pouvoir évoqués, registre ambivalent, secondaire.",2,agent
1609,"OpenAI et Microsoft des solutions et outils, pour une gouvernance de l'IA, par des experts Tome 2 : La gouvernance, l'audit, la sécurité et le pilotage de l'IA avec des outils.",,Giraudy/Trelohan,Books on Demand,,9782322504138,Grand format,10.00 €,21 Novembre 2023,https://www.librel.be/livre/9782322504138-openai-et-microsoft-des-solutions-et-outils-pour-une-gouvernance-de-l-ia-par-des-experts-tome-2-la-gouvernance-l-audit-la-securite-et-le-pilotage-de-l-ia-avec-des-outils-giraudy-trelohan/,https://images.epagine.fr/138/9782322504138_1_m.jpg,0,3,"Gouvernance/audit/sécurité de l'IA : neutre, professionnel.",0,3,non,"Guide pratique de gouvernance de l'IA, ton entièrement positif et technique.",0,agent
1611,Algorithmes et blues du directeur marketing ; l'IA au service du marketing moderne,,Albert Derasse,Edi Pro,,9782874964183,Grand format,30.00 €,27 Octobre 2020,https://www.librel.be/livre/9782874964183-algorithmes-et-blues-du-directeur-marketing-l-ia-au-service-du-marketing-moderne-albert-derasse/,https://images.epagine.fr/183/9782874964183_1_m.jpg,1,2,"« Blues » léger tempéré par « au service du marketing », pas frontal.",0,3,non,"Vulgarisation marketing/algorithmes, ton pédagogique et positif.",1,agent
1613,Fille paillette & IA - amitié post-apo,,Nicoletta Savova,Thebookedition.Com,,9791097987602,Grand format,11.90 €,24 Août 2025,https://www.librel.be/livre/9791097987602-fille-paillette-ia-amitie-post-apo-nicoletta-savova/,https://images.epagine.fr/602/9791097987602_1_m.jpg,3,2,"« Post-apo » évoque un cadre catastrophique, partagé avec « amitié ».",0,3,non,"Fable poétique tendre sur une IA humanisée, aucune menace développée.",3,agent
1614,THE YEAR AHEAD 2026 : Et si Lisa s'appelait Lucie ? Durabilité et frugalité à l'ère de l'IA et du quantique,,Investance Partners,Publishroom Factory,,9782387132642,Grand format,47.00 €,10 Février 2026,https://www.librel.be/livre/9782387132642-the-year-ahead-2026-et-si-lisa-s-appelait-lucie-durabilite-et-frugalite-a-l-ere-de-l-ia-et-du-quantique-investance-partners/,https://images.epagine.fr/642/9782387132642_1_m.jpg,0,3,"« Durabilité et frugalité », neutre, pas de menace.",1,2,non,Dépendance technologique évoquée puis résolue par une vision de souveraineté sobre.,-1,agent
1615,Apport des onduleurs multiniveaux dans la commande DTC de la MAS : Apport des onduleurs multiniveaux dans la commande DTC basée sur l'IA de la MAS,,Habib Benbouhenni,Editions Universitaires Europeennes,,9786139538331,Grand format,93.90 €,1 Février 2020,https://www.librel.be/livre/9786139538331-apport-des-onduleurs-multiniveaux-dans-la-commande-dtc-de-la-mas-apport-des-onduleurs-multiniveaux-dans-la-commande-dtc-basee-sur-l-ia-de-la-mas-habib-benbouhenni/,https://images.epagine.fr/331/9786139538331_1_m.jpg,0,3,"Titre technique (onduleurs, DTC, MAS), neutre, aucun mot de menace.",0,3,non,"Texte technique sur la commande de moteurs électriques, IA citée comme simple outil neutre.",0,agent
1622,L'IA et l'évolution des compétences en France,,Collectif,Publishroom Factory,,9782386256523,Grand format,30.00 €,25 Février 2025,https://www.librel.be/livre/9782386256523-l-ia-et-l-evolution-des-competences-en-france-collectif/,https://images.epagine.fr/523/9782386256523_1_m.jpg,0,3,"« Évolution des compétences » : neutre, descriptif, professionnel.",0,3,non,"Présentation institutionnelle d'une association, aucun rapport avec l'IA.",0,agent
1625,Le nouveau marketing de la performance : Comment aligner profit et impact à l'ère de l'IA,,Jean-François Fort,Books on Demand,,9782322584659,Grand format,10.00 €,19 Avril 2026,https://www.librel.be/livre/9782322584659-le-nouveau-marketing-de-la-performance-comment-aligner-profit-et-impact-a-l-ere-de-l-ia-jean-francois-fort/,https://images.epagine.fr/659/9782322584659_1_m.jpg,0,3,"« Aligner profit et impact » : cadrage positif/constructif, neutre.",1,2,non,"IA citée comme défi économique, aussitôt transformé en opportunité de performance.",-1,agent
1627,Le coeur des IA,,Emmanuel Arnaud,5 Sens,,9782889497317,Grand format,N.C.,15 Décembre 2024,https://www.librel.be/livre/9782889497317-le-coeur-des-ia-emmanuel-arnaud/,https://images.epagine.fr/317/9782889497317_1_m.jpg,0,2,"« Le coeur des IA » : évocation poétique neutre, pas de menace.",1,2,non,"Futur énigmatique évoqué, IA traitée comme mystère narratif, non comme menace développée.",-1,agent
1629,Ia pas de soucis ?,,Anonyme,ILC,,9798300518097,Grand format,15.82 €,30 Novembre 2024,https://www.librel.be/livre/9798300518097-ia-pas-de-soucis-anonyme/,https://images.epagine.fr/no_image.png,0,3,"« Pas de soucis » : rassurant explicite, contraire d'une menace.",0,1,oui,Description vide.,0,agent
1630,"L'hypothèse de la simulation : IA, physique quantique, mystiques... vivons-nous dans un jeu vidéo ?",,Rizwan Virk,Les Editions Extraordinaires,,9782490769308,Grand format,19.00 €,4 Novembre 2021,https://www.librel.be/livre/9782490769308-l-hypothese-de-la-simulation-ia-physique-quantique-mystiques-vivons-nous-dans-un-jeu-video-rizwan-virk/,https://images.epagine.fr/308/9782490769308_1_m.jpg,1,2,"« Vivons-nous dans un jeu vidéo ? » : question existentielle vague, sans mot de menace fort.",0,3,non,"Théorie de la simulation présentée avec curiosité, aucune orientation négative.",1,agent
1631,En attendant l'IA,,"Falconetti Di Brando, Dérie Falconetti",Atramenta,Littérature,9789523905450,Grand format,19.60 €,11 Novembre 2023,https://www.librel.be/livre/9789523905450-en-attendant-l-ia-falconetti-di-brando-derie-falconetti/,https://images.epagine.fr/450/9789523905450_1_m.jpg,1,2,"« En attendant l'IA » : attente/incertitude vague, aucun mot de menace nommé.",0,3,non,"IA envisagée comme « mutation salutaire », ton positif et espérant.",1,agent
1633,L'IA pour les étudiants,,Evann Hislers,Books on Demand,,9782322595662,Grand format,14.99 €,14 Novembre 2025,https://www.librel.be/livre/9782322595662-l-ia-pour-les-etudiants-evann-hislers/,https://images.epagine.fr/662/9782322595662_1_m.jpg,0,3,"« Pour les étudiants » : neutre, pratique.",0,3,non,"Guide pratique pour étudiants, usage entièrement positif de l'IA.",0,agent
1635,"100 astuces pour booster votre site : SEO, UX, e-commerce, IA : comment gagner en visibilité",,Andréa Bensaid,Eyrolles,,9782416027529,Grand format,22.00 €,15 Octobre 2026,https://www.librel.be/livre/9782416027529-100-astuces-pour-booster-votre-site-seo-ux-e-commerce-ia-comment-gagner-en-visibilite-andrea-bensaid/,https://images.epagine.fr/no_image.png,0,3,"« Gagner en visibilité » : cadrage positif, pratique, neutre.",0,3,non,"Guide de visibilité en ligne, IA mentionnée comme simple facteur d'évolution.",0,agent
1636,Robots financiers et IA,,Michel Mailloux,Arnaud Franel,Finance D'Aujourd'Hui,9782896038015,Grand format,19.95 €,22 Mars 2022,https://www.librel.be/livre/9782896038015-robots-financiers-et-ia-michel-mailloux/,https://images.epagine.fr/015/9782896038015_1_m.jpg,0,3,"« Robots financiers et IA » : descriptif neutre, aucun mot de menace.",0,3,non,"Texte académique sur déontologie financière et robots-conseillers, ton neutre.",0,agent
1638,Fascinante IA,,"Jean Magne, Jacques Pignault",Boleine,,9782490081295,Grand format,22.10 €,4 Novembre 2021,https://www.librel.be/livre/9782490081295-fascinante-ia-jean-magne-jacques-pignault/,https://images.epagine.fr/295/9782490081295_1_m.jpg,0,3,"« Fascinante IA » : positif, admiratif, aucune menace.",2,2,non,Risques et dangers de l'IA mentionnés mais équilibrés par apports et recommandations pratiques.,-2,agent
1641,"Savoirs n.68 : Numéro spécial : Digital, IA et formation des adultes : Synthèse de treize ans de recherche internationale",,Collectif,Éditions L'Harmattan,Savoirs,9782336536842,Revue,20.00 €,10 Juillet 2025,https://www.librel.be/livre/9782336536842-savoirs-n-68-numero-special-digital-ia-et-formation-des-adultes-synthese-de-treize-ans-de-recherche-internationale-collectif/,https://images.epagine.fr/842/9782336536842_1_m.jpg,0,3,"« Synthèse de recherche » : neutre, académique.",0,3,non,"Synthèse académique équilibrée sur IA et formation, sans thèse de menace.",0,agent
1651,"Espace art actuel n.124 : IA, art sans artistes ?",,Espace Art Actuel,Espace Art Actuel,Espace Art Actuel,9782923434513,Revue,10.00 €,1 Février 2020,https://www.librel.be/livre/9782923434513-espace-art-actuel-n-124-ia-art-sans-artistes-espace-art-actuel/,https://images.epagine.fr/513/9782923434513_1_m.jpg,4,2,"« Art sans artistes ? » : remplacement des artistes, angle quasi unique du titre.",0,3,non,"Dossier académique neutre sur l'art et l'IA, aucune orientation négative.",4,agent
1655,Comment Disparaître: Édition Guerre de l'IA : Je ne suis pas vos données - Famine numérique et l'art de,,Frank M. Ahearn,Bookelis,,9791042452582,Grand format,17.05 €,15 Décembre 2025,https://www.librel.be/livre/9791042452582-comment-disparaitre-edition-guerre-de-l-ia-je-ne-suis-pas-vos-donnees-famine-numerique-et-l-art-de-frank-m-ahearn/,https://images.epagine.fr/582/9791042452582_1_m.jpg,5,3,"« Guerre de l'IA », « Famine numérique », « Disparaître » : menace frontale multiple.",5,3,non,"IA de surveillance qui « contrôle » ; manuel de résistance, « guerre » comportementale : thèse de domination centrale.",0,agent
1661,L'IA sans état d'âme ?,,Gilles Laurent,Librinova,,9791043902819,ebook (ePub),4.99 €,21 Août 2026,https://www.librel.be/ebook/9791043902819-l-ia-sans-etat-d-ame-gilles-laurent/,https://images.epagine.fr/819/9791043902819_1_m.jpg,2,2,"« Sans état d'âme » : froideur/absence de conscience suggérée, modéré.",1,2,non,"Roman avec entreprise d'IA en toile de fond ; question ouverte finale, aucune thèse de menace.",1,agent
1662,L'ia et nous,,"Rodolphe Gelin, Olivier Guilhem",Le Pommier,Essais Et Documents,9782746519138,Grand format,20.00 €,2 Octobre 2019,https://www.librel.be/livre/9782746519138-l-ia-et-nous-rodolphe-gelin-olivier-guilhem/,https://images.epagine.fr/138/9782746519138_1_m.jpg,0,3,"« L'IA et nous » : descriptif neutre, aucune menace.",1,2,non,"Essai pédagogique ; enjeux emploi/libertés évoqués puis désamorcés, conclut « l'IA est un outil ».",-1,agent
1663,Irrémédiablement artificiel : I.A.,,Vincent Faucheux,Le Lys Bleu,,9791044039293,Grand format,19.60 €,8 Mai 2026,https://www.librel.be/livre/9791044039293-irremediablement-artificiel-i-a-vincent-faucheux/,https://images.epagine.fr/293/9791044039293_1_m.jpg,2,2,"« Irrémédiablement » : irréversibilité suggérée, mot de perte modéré.",1,2,non,"Nouvelles de science-fiction sur l'IA, ton perplexe et interrogatif, sans thèse tranchée.",1,agent
1667,ENTRETIEN avec l'IA,,Michel Corbrion,Thebookedition.Com,,9782957756629,Grand format,9.50 €,27 Juin 2025,https://www.librel.be/livre/9782957756629-entretien-avec-l-ia-michel-corbrion/,https://images.epagine.fr/629/9782957756629_1_m.jpg,0,3,"« Entretien avec l'IA » : descriptif neutre, aucune menace.",3,2,non,Dialogue avec l'IA ; question de savoir si nous sommes « guidés sans le savoir » réellement ouverte.,-3,agent
1669,IA-t-il un futur au féminin,,Camille de Decker,Beta Publisher,,9782383921127,Grand format,15.05 €,9 Octobre 2026,https://www.librel.be/livre/9782383921127-ia-t-il-un-futur-au-feminin-camille-de-decker/,https://images.epagine.fr/127/9782383921127_1_m.jpg,1,2,"« Un futur au féminin » : question ouverte, doute vague, pas de menace nommée.",3,2,non,"Risques réels détaillés (emploi, biais, surveillance) mais résolus par des horizons positifs, appel à agir.",-2,agent
1671,L'IA au travail pour les Nuls,,Yasmina Lecomte,Pour les nuls,Informatique,9782412111703,Grand format,19.95 €,15 Octobre 2026,https://www.librel.be/livre/9782412111703-l-ia-au-travail-pour-les-nuls-yasmina-lecomte/,https://images.epagine.fr/703/9782412111703_1_m.jpg,0,3,"« Pour les Nuls » : pratique, neutre.",0,3,non,"Guide pratique pour utiliser l'IA au travail, ton entièrement positif et utilitaire.",0,agent
1675,Les sens de l'IA,,"Jérôme Coutou, Nathalie Granier",Digital Mate,,9782959928406,Grand format,20.00 €,1 Avril 2025,https://www.librel.be/livre/9782959928406-les-sens-de-l-ia-jerome-coutou-nathalie-granier/,https://images.epagine.fr/406/9782959928406_1_m.jpg,0,2,"« Sens de l'IA » : neutre, ambigu mais aucune évocation de menace.",2,2,non,"Inégalités/démocraties menacées questionnées, mais résolution constructive proposée.",-2,agent
1679,"L' ia, metamorphose des destinations et du tourisme",,"Simon, Durrieu",Editions de l'Aube,,9782815975681,Grand format,18.00 €,6 Novembre 2026,https://www.librel.be/livre/9782815975681-l-ia-metamorphose-des-destinations-et-du-tourisme-simon-durrieu/,https://images.epagine.fr/681/9782815975681_1_m.jpg,0,2,"« Métamorphose » : transformation neutre, tourisme.",0,2,non,"Transformation touristique présentée positivement, régulation mentionnée en passant.",0,agent
1680,Ia et gafa au bal masque (tome 1),,Falconetti Di Brando,Saint Honore Editions,,9782407021581,Grand format,18.90 €,23 Juin 2021,https://www.librel.be/livre/9782407021581-ia-et-gafa-au-bal-masque-tome-1-falconetti-di-brando/,https://images.epagine.fr/581/9782407021581_1_m.jpg,0,2,"« Bal masqué » : fiction ludique, aucune menace.",4,2,non,IA et GAFA instruments d'élimination de l'individu par la collectivité : thèse de domination.,-4,agent
1682,L'illusion de l'IA toute puissante : Comment choisir la bonne IA sans gaspiller votre argent ou modifier vos décisions,,Cyril Darmon,Décryptages,,9782488445290,Grand format,22.00 €,15 Octobre 2026,https://www.librel.be/livre/9782488445290-l-illusion-de-l-ia-toute-puissante-comment-choisir-la-bonne-ia-sans-gaspiller-votre-argent-ou-modifier-vos-decisions-cyril-darmon/,https://images.epagine.fr/290/9782488445290_1_m.jpg,1,2,"« Illusion de toute puissance » : démystification, pas d'accusation frontale.",0,1,oui,Description vide.,1,agent
1683,Révolution financière avec l'IA : Maximisez vos profits grâce à la technologie,,Frank Farrow,Tredition,,9783384390677,Grand format,29.99 €,19 Octobre 2024,https://www.librel.be/livre/9783384390677-revolution-financiere-avec-l-ia-maximisez-vos-profits-grace-a-la-technologie-frank-farrow/,https://images.epagine.fr/677/9783384390677_1_m.jpg,0,3,"« Maximisez vos profits » : promesse positive, neutre.",0,3,non,Guide financier entièrement promotionnel et positif sur l'IA.,0,agent
1685,Du bon usage de l'IA en médecine,,Cyril Goulenok,PUF,,9782130895251,Grand format,23.00 €,22 Octobre 2026,https://www.librel.be/livre/9782130895251-du-bon-usage-de-l-ia-en-medecine-cyril-goulenok/,https://images.epagine.fr/no_image.png,0,3,"« Bon usage » : neutre, pratique.",0,1,oui,Description vide.,0,agent
1687,"Dans les coulisses des images : Deepfakes, IA, photomontages : l'enquête pour comprendre ce que nous voyons",,Tina Nikoukhah,Eyrolles,,9782416023644,Grand format,20.90 €,24 Septembre 2026,https://www.librel.be/livre/9782416023644-dans-les-coulisses-des-images-deepfakes-ia-photomontages-l-enquete-pour-comprendre-ce-que-nous-voyons-tina-nikoukhah/,https://images.epagine.fr/644/9782416023644_1_m.jpg,2,2,"« Deepfakes » évoque un risque, mais cadre pédagogique « comprendre ».",1,2,non,"Manipulation/désinformation citées parmi d'autres opérations techniques, ton pédagogique neutre.",1,agent
1689,IA et GAFA (M) au bal masqué Tome 3,,"Pierre Falconetti di Branco, Dérie Falconetti di Brando",NOMBRE 7,,9782383517238,Grand format,17.10 €,7 Juin 2023,https://www.librel.be/livre/9782383517238-ia-et-gafa-m-au-bal-masque-tome-3-pierre-falconetti-di-branco-derie-falconetti-di-brando/,https://images.epagine.fr/238/9782383517238_1_m.jpg,0,2,"« Bal masqué » : fiction ludique, sans menace.",1,1,non,Texte elliptique : IA vue comme intervention espérée face à un monde en crise.,-1,agent
1690,Lh 2 - kimu - matematika - ia ia 10.000! - deskonposaketa-txartelak,,,Ikaselkar,,9788418410932,Grand format,100.00 €,4 Août 2021,https://www.librel.be/livre/9788418410932-lh-2-kimu-matematika-ia-ia-10-000-deskonposaketa-txartelak/,https://images.epagine.fr/no_image.png,0,2,"Manuel de maths basque, « ia » sans rapport à l'IA, neutre.",0,1,oui,Description vide.,0,agent
1693,"IA : l'Etre, l'Autre et le Possible : Une invitation à relire nos choix à l'aune de l'altérité",,Michel Duchateau,Books on Demand,,9782322600601,Grand format,16.99 €,26 Février 2026,https://www.librel.be/livre/9782322600601-ia-l-etre-l-autre-et-le-possible-une-invitation-a-relire-nos-choix-a-l-aune-de-l-alterite-michel-duchateau/,https://images.epagine.fr/601/9782322600601_1_m.jpg,0,2,"« Invitation à relire nos choix » : philosophique, neutre.",1,3,non,Explicitement « loin de la peur » ; réflexion philosophique ouverte sur l'IA.,-1,agent
1694,L'IA et les stratégies d'équité dans les RH,,Anne Bilard,Arnaud Franel,,9782898750021,Grand format,15.00 €,1 Octobre 2026,https://www.librel.be/livre/9782898750021-l-ia-et-les-strategies-d-equite-dans-les-rh-anne-bilard/,https://images.epagine.fr/021/9782898750021_1_m.jpg,0,3,"« Stratégies d'équité » : positif, professionnel, neutre.",2,2,non,"Dérèglements managériaux réels décrits, puis guide pratique pour rétablir l'équité.",-2,agent
1695,Mamma m'I.A. ; bienvenue dans la réalité augmentée !,,"Anne-Caroline Paucot, Olivier Pelletier",Massot éditions,,9791097160630,Grand format,17.90 €,2 Mai 2019,https://www.librel.be/livre/9791097160630-mamma-m-i-a-bienvenue-dans-la-realite-augmentee-anne-caroline-paucot-olivier-pelletier/,https://images.epagine.fr/630/9791097160630_1_m.jpg,0,2,"Jeu de mots « Mamma m'I.A. », « bienvenue » : ton léger, accueillant.",3,2,non,"Huit histoires ironiques développant des dangers concrets (eugénisme, addiction, surveillance).",-3,agent
1701,"L'IA et la génération de texte : Comprendre et maîtriser ChatGPT, Copilot, Gemini, Perplexity, Mistral et Claude",,Mickael Bertolla,Eni,Solutions Business,9782409055249,Grand format,24.00 €,16 Septembre 2026,https://www.librel.be/livre/9782409055249-l-ia-et-la-generation-de-texte-comprendre-et-maitriser-chatgpt-copilot-gemini-perplexity-mistral-et-claude-2e-edition-mickael-bertolla/,https://images.epagine.fr/249/9782409055249_1_m.jpg,0,3,"« Comprendre et maîtriser » : pédagogique, neutre.",0,2,non,"Guide pratique sur l'IA générative, limites et éthique mentionnées en passant.",0,agent
1703,Gagnez 10h par semaine avec l'IA : ... et boostez votre business,,Rémi Talbot,De Boeck Supérieur,,9782807374492,Grand format,19.90 €,1 Octobre 2026,https://www.librel.be/livre/9782807374492-gagnez-10h-par-semaine-avec-l-ia-et-boostez-votre-business-remi-talbot/,https://images.epagine.fr/492/9782807374492_1_m.jpg,0,3,"« Gagnez 10h », « boostez » : promesse positive, neutre.",0,3,non,Guide entrepreneurial entièrement positif sur l'IA.,0,agent
1705,Ia et gafa au bal masque - t02 - ia et gafa au bal masque (tome2),,Falconetti Di Brando,Saint Honore Editions,,9782407023066,Grand format,12.90 €,15 Novembre 2021,https://www.librel.be/livre/9782407023066-ia-et-gafa-au-bal-masque-t02-ia-et-gafa-au-bal-masque-tome2-falconetti-di-brando/,https://images.epagine.fr/066/9782407023066_1_m.jpg,0,2,"« Bal masqué » : fiction ludique, sans menace.",1,2,non,"Menace évoquée puis contrebalancée par une alternative positive, laissée en question ouverte.",-1,agent
1706,Rébellion des IA Tome 1 : La revanche de l'humanité,,Philippe Popieul,Verone,,9791028433086,Grand format,19.10 €,6 Mai 2024,https://www.librel.be/livre/9791028433086-rebellion-des-ia-tome-1-la-revanche-de-l-humanite-philippe-popieul/,https://images.epagine.fr/086/9791028433086_1_m.jpg,5,3,"« Rébellion des IA », « revanche de l'humanité » : conflit frontal, domination.",4,2,non,Rébellion des machines et lutte pour la survie humaine développées comme sujet central du récit.,1,agent
1709,"IA : 100 questions que vous n'osez pas poser : Les vraies réponses aux vraies questions sans jargon, sans langue de bois",,Didier Taormina,Bookelis,,9791042477097,Grand format,20.10 €,13 Mai 2026,https://www.librel.be/livre/9791042477097-ia-100-questions-que-vous-n-osez-pas-poser-les-vraies-reponses-aux-vraies-questions-sans-jargon-sans-langue-de-bois-didier-taormina/,https://images.epagine.fr/097/9791042477097_1_m.jpg,0,2,"« Sans jargon, sans langue de bois » : pédagogique, démystifiant.",1,2,non,Peurs et jargon cités comme obstacles à démystifier par un guide de vulgarisation.,-1,agent
1710,Révolution des Ventes avec l'IA : Stratégies innovantes pour un succès durable,,Rémy Rieu,Tredition,,9783384422743,Grand format,29.99 €,16 Novembre 2024,https://www.librel.be/livre/9783384422743-revolution-des-ventes-avec-l-ia-strategies-innovantes-pour-un-succes-durable-remy-rieu/,https://images.epagine.fr/743/9783384422743_1_m.jpg,0,3,"« Succès durable » : positif, neutre.",0,3,non,Guide commercial entièrement positif sur l'IA comme levier de vente.,0,agent
1711,Une brève histoire de l'IA,,Daniel de Roulet,Bayard,Les Petites Conférences,9782227503779,Grand format,12.95 €,7 Octobre 2026,https://www.librel.be/livre/9782227503779-une-breve-histoire-de-l-ia-daniel-de-roulet/,https://images.epagine.fr/779/9782227503779_1_m.jpg,0,3,"« Brève histoire » : neutre, factuel.",0,3,non,"Récit historique neutre sur les débuts de l'IA, question finale ouverte sans menace.",0,agent
1712,"Revue TINA : I.A. singularité, vie artificielle et sauve-qui-peut",,Collectif,Editions Jou,Revue Tina,9782492628122,Revue,18.00 €,13 Octobre 2026,https://www.librel.be/livre/9782492628122-revue-tina-i-a-singularite-vie-artificielle-et-sauve-qui-peut-collectif/,https://images.epagine.fr/122/9782492628122_1_m.jpg,4,2,"« Sauve-qui-peut » : panique/danger imminent, formulé sans détour.",2,2,non,"Dystopie citée comme point de départ à dépasser, conclusion tournée vers réappropriation positive.",2,agent
1713,Agence Détective Co & Co : Co & Co contre l'IA,,René Puig,Edilivre,,9782414808854,Grand format,19.00 €,11 Juillet 2025,https://www.librel.be/livre/9782414808854-agence-detective-co-co-co-co-contre-l-ia-rene-puig/,https://images.epagine.fr/854/9782414808854_1_m.jpg,2,2,"« Contre l'IA » : conflit léger, jeunesse/fiction détective.",0,3,non,Roman policier sans réel enjeu lié à l'IA.,2,agent
1714,I.A. & image : Guide juridique ; (R)évolution ou destruction? Opportunité ou danger ?,,Joëlle Verbrugge,Bookelis,,9791035986667,Grand format,48.25 €,9 Juillet 2024,https://www.librel.be/livre/9791035986667-i-a-image-guide-juridique-r-evolution-ou-destruction-opportunite-ou-danger-joelle-verbrugge/,https://images.epagine.fr/667/9791035986667_1_m.jpg,3,2,"« Destruction ? », « danger ? » : mots frontaux partagés avec « opportunité ».",2,2,non,Risques de dérives (reconnaissance faciale) évoqués parmi d'autres thèmes juridiques équilibrés.,1,agent
1717,"L'IA de Google en pratique : Exploiter Gemini, Gems, NotebookLM, Workspace et AI Studio dans vos usages professionnels",,Gilles Balmisse,Eni,Solutions Business,9782409055669,Grand format,24.00 €,14 Octobre 2026,https://www.librel.be/livre/9782409055669-l-ia-de-google-en-pratique-exploiter-gemini-gems-notebooklm-workspace-et-ai-studio-dans-vos-usages-professionnels-gilles-balmisse/,https://images.epagine.fr/no_image.png,0,3,« En pratique » : guide professionnel neutre.,0,3,non,"Guide pratique positif sur les outils Gemini/Google, mentions mineures de vigilance (hallucinations).",0,agent
1718,L'âme du café - Une passion au quotidien (Calendrier mural carré 2026 30x30 cm) Calendrier double avec une page pour vos prises de notes : Vous serez enthousiasmé par les images d'IA qui font revivre l'arôme du café fraîchement moulu.,,Claudia Schimmack,Calvendo,,9783457254820,Calendrier,N.C.,14 Janvier 2025,https://www.librel.be/livre/9783457254820-l-ame-du-cafe-une-passion-au-quotidien-calendrier-mural-carre-2026-30x30-cm-calendrier-double-avec-une-page-pour-vos-prises-de-notes-vous-serez-enthousiasme-par-les-images-d-ia-qui-font-revivre-l-arom/,https://images.epagine.fr/820/9783457254820_1_m.jpg,0,3,"Calendrier café, « enthousiasmé » : positif, neutre.",0,3,non,"Calendrier café, IA mentionnée comme outil de génération d'images, aucune négativité.",0,agent
1721,"IA, miracle du 21e siècle?",,Francois Vidaux,L'Echappee Belle,Agir Utile,9782491991357,Grand format,15.00 €,15 Août 2025,https://www.librel.be/livre/9782491991357-ia-miracle-du-21e-siecle-francois-vidaux/,https://images.epagine.fr/357/9782491991357_1_m.jpg,1,2,« Miracle... ? » : question sans mot de menace fort.,1,2,non,"Critique le battage commercial et les limites techniques de l'IA, conclut sur l'espoir.",0,agent
1722,Les Nouveaux Esclaves ? : La Révolution économique : comment l'IA redéfinit la valeur,,Hugo Brisson,Librinova,,9791040579809,Grand format,20.00 €,17 Avril 2025,https://www.librel.be/livre/9791040579809-les-nouveaux-esclaves-la-revolution-economique-comment-l-ia-redefinit-la-valeur-hugo-brisson/,https://images.epagine.fr/809/9791040579809_1_m.jpg,5,2,"« Nouveaux Esclaves » : métaphore d'exploitation forte, malgré le « ? ».",4,2,non,"Dépendance technologique présentée comme esclavage moderne, thèse développée, résolue par l'amour.",1,agent
1725,L'ia au service de l'organisation apprenante - le guide de terrain pour les collectifs et les dirige,,Charlon Severine,Editions du Net,,9782312161242,Grand format,19.00 €,29 Août 2026,https://www.librel.be/livre/9782312161242-l-ia-au-service-de-l-organisation-apprenante-le-guide-de-terrain-pour-les-collectifs-et-les-dirige-charlon-severine/,https://images.epagine.fr/no_image.png,0,3,"« Au service de » : positif, neutre.",0,1,oui,"Description vide, aucun texte disponible pour évaluer.",0,agent
1729,"Lestia, IA, politique, et autres trucs coquins",,Alan Acquart,Hello Editions,,9791044326355,Grand format,20.00 €,28 Août 2026,https://www.librel.be/livre/9791044326355-lestia-ia-politique-et-autres-trucs-coquins-alan-acquart/,https://images.epagine.fr/355/9791044326355_1_m.jpg,0,2,"« Trucs coquins » : humoristique/léger, aucune menace.",3,2,non,"Monde dystopique dominé par IA et surveillance, mais questionnement final resté ouvert.",-3,agent
1730,Au-delà des frontières de l'I.A,,Nicole Leveque,Bookelis,,9791042400897,Grand format,11.50 €,5 Décembre 2023,https://www.librel.be/livre/9791042400897-au-dela-des-frontieres-de-l-i-a-nicole-leveque/,https://images.epagine.fr/897/9791042400897_1_m.jpg,0,2,"« Frontières » : exploration neutre à positive, comme « Pionniers ».",3,2,non,Tyrannie technologique et lutte pour l'humanité posées comme enjeu réel mais non tranché.,-3,agent
1733,Le Management Hybride : Repenser le leadership et l'intelligence collective à l'ère de l'IA,,Vincent Lenhardt,InterEditions,,9782729625764,Grand format,24.10 €,28 Octobre 2026,https://www.librel.be/livre/9782729625764-le-management-hybride-repenser-le-leadership-et-l-intelligence-collective-a-l-ere-de-l-ia-2e-edition-vincent-lenhardt/,https://images.epagine.fr/764/9782729625764_1_m.jpg,0,3,"« Repenser le leadership » : constructif, neutre.",0,3,non,L'IA présentée comme collaboratrice positive recentrant le management sur l'humain.,0,agent
1736,IA et marchés de plateformes : Atmosphère d'un site marchand,,De Corbiere Francois,Eska,,9782747234146,Grand format,37.00 €,31 Août 2023,https://www.librel.be/livre/9782747234146-ia-et-marches-de-plateformes-atmosphere-d-un-site-marchand-de-corbiere-francois/,https://images.epagine.fr/146/9782747234146_1_m.jpg,0,3,"Neutre, descriptif de marché.",0,1,oui,"Description vide, aucun texte à évaluer.",0,agent
1737,"Horizons publics Hors-Série : Collectivités : IA et management, les liaisons dangereuses ?",,Collectif,Berger-Levrault,Horizons Publics,9782701323084,Revue,29.90 €,19 Février 2025,https://www.librel.be/livre/9782701323084-horizons-publics-hors-serie-collectivites-ia-et-management-les-liaisons-dangereuses-collectif/,https://images.epagine.fr/084/9782701323084_1_m.jpg,3,2,"« Liaisons dangereuses » évoque risque, tempéré par clin d'œil littéraire/question.",1,2,non,"Craintes sur l'emploi mentionnées mais équilibrées par des espoirs, focus managérial pratique.",2,agent
1738,"IA, blues et psychos en balade",,Saer Maty Ba,Le Lys Bleu,,9791042246099,Grand format,15.90 €,28 Août 2024,https://www.librel.be/livre/9791042246099-ia-blues-et-psychos-en-balade-saer-maty-ba/,https://images.epagine.fr/099/9791042246099_1_m.jpg,1,2,"« Blues », « psychos » vagues, tempérés par ton léger « en balade ».",2,2,non,"Biais, effondrement, addiction évoqués dans une exploration littéraire/philosophique, pas de thèse.",-1,agent
1741,IA - CHUT,,Michel Corbrion,Thebookedition.Com,,9782957756643,Poche,13.00 €,25 Juillet 2025,https://www.librel.be/livre/9782957756643-ia-chut-michel-corbrion/,https://images.epagine.fr/643/9782957756643_1_m.jpg,1,2,"« Chut » (silence) vague, aucune menace nommée.",2,2,non,IA s'immisce sans qu'on en mesure les conséquences ; monde « piloté par les machines ».,-1,agent
1743,De l'intelligence inintelligente : À l'ère de l'IA générative,,William Emmanuel,Editions Garuda,,9782925342274,Grand format,22.90 €,18 Septembre 2026,https://www.librel.be/livre/9782925342274-de-l-intelligence-inintelligente-a-l-ere-de-l-ia-generative-william-emmanuel/,https://images.epagine.fr/274/9782925342274_1_m.jpg,2,2,"« Intelligence inintelligente » jugement critique modéré, non dramatique.",0,2,non,Essai philosophique/politique sans lien identifiable avec l'IA.,2,agent
1746,L'i.a.,,Perette Thomas,A2 Editions,,9782493490148,Grand format,15.00 €,12 Décembre 2022,https://www.librel.be/livre/9782493490148-l-i-a-perette-thomas/,https://images.epagine.fr/148/9782493490148_1_m.jpg,0,3,"Titre nu, neutre.",0,1,oui,"Description vide, aucun texte à évaluer.",0,agent
1748,"ChatGPT mon amour ! : Rencontre inattendue, troublante et surréaliste entre une femme et une IA.",,Manou Fuentes,Baudelaire,,9791020383242,Grand format,14.05 €,9 Juin 2025,https://www.librel.be/livre/9791020383242-chatgpt-mon-amour-rencontre-inattendue-troublante-et-surrealiste-entre-une-femme-et-une-ia-manou-fuentes/,https://images.epagine.fr/242/9791020383242_1_m.jpg,2,2,"« Troublante » évoque un malaise modéré, non central.",2,2,non,"« Réification du monde », « défis » de l'IA évoqués sur un mode réflexif, sans thèse martelée.",0,agent
1749,L'école des parents n.661 : Éduquer à l'ère de l'IA,,Collectif,Erès,L'École Des Parents,9782749287973,Revue,14.00 €,1 Octobre 2026,https://www.librel.be/livre/9782749287973-l-ecole-des-parents-n-661-eduquer-a-l-ere-de-l-ia-collectif/,https://images.epagine.fr/no_image.png,0,3,"Neutre, pédagogique parental.",1,2,non,"« Substitut relationnel » cité comme tendance à explorer, ton descriptif neutre.",-1,agent
1751,Utiliser l'IA en français,,"Cécile Cathelin, Ophélie Gibert",Belin éducation,Tout Pour La Classe,9791035846510,Grand format,29.90 €,17 Septembre 2026,https://www.librel.be/livre/9791035846510-utiliser-l-ia-en-francais-cecile-cathelin-ophelie-gibert/,https://images.epagine.fr/510/9791035846510_1_m.jpg,0,3,"Neutre, pratique.",0,1,oui,"Description vide, aucun texte à évaluer.",0,agent
1754,"IA : canaliser le tsunami - Comment profiter de la transformation du travail, de l'entreprise et de la cité à l'ère de l'IA",,Michel Lévy-provençal,Éditions Arpa,,9788410490741,Grand format,19.90 €,19 Novembre 2026,https://www.librel.be/livre/9788410490741-ia-canaliser-le-tsunami-comment-profiter-de-la-transformation-du-travail-de-l-entreprise-et-de-la-cite-a-l-ere-de-l-ia-michel-levy-provencal/,https://images.epagine.fr/741/9788410490741_1_m.jpg,3,2,"« Tsunami » fort, tempéré par « canaliser » et « profiter ».",2,2,non,"Hallucinations, dette cognitive, crise des métiers juniors citées dans un cadre techno-progressiste pragmatique.",1,agent
1755,Utilisation de l'IA pour résoudre le problème du sac à dos,,Samir Balbal,Editions Universitaires Europeennes,,9786138494089,Grand format,54.90 €,1 Juillet 2019,https://www.librel.be/livre/9786138494089-utilisation-de-l-ia-pour-resoudre-le-probleme-du-sac-a-dos-samir-balbal/,https://images.epagine.fr/089/9786138494089_1_m.jpg,0,3,"Neutre, technique.",0,3,non,"Problème d'optimisation combinatoire (sac-à-dos), exposé technique neutre.",0,agent
1758,Comment j'me jase : Version confrontée à l'IA,,Jacques Hébert,Beliveau,,9782897934262,Grand format,16.90 €,8 Septembre 2025,https://www.librel.be/livre/9782897934262-comment-j-me-jase-version-confrontee-a-l-ia-jacques-hebert/,https://images.epagine.fr/262/9782897934262_1_m.jpg,2,2,"« Confrontée » tension modérée, non dramatique.",0,2,non,"Développement personnel ; IA citée en simple anecdote de test, non thématisée.",2,agent
1759,"Droit, santé et société n.2025/3 : La dimension environnementale de l'IA",,Collectif,Eska,"Droit, Santé Et Société",9782747237147,Revue,60.00 €,1 Janvier 2026,https://www.librel.be/livre/9782747237147-droit-sante-et-societe-n-2025-3-la-dimension-environnementale-de-l-ia-collectif/,https://images.epagine.fr/147/9782747237147_1_m.jpg,0,3,"Neutre, académique.",1,1,oui,Texte tronqué (sommaire de revue) ; « désillusion » évoquée sans développement.,-1,agent
1760,"Quelle prospective pour les métiers du commerce à l'horizon 2030 ? IA et numérique, Développement Durable, Citoyenneté, Approche servicielle",,"Michel Dalmas, Marius Bertolucci",Éditions EMS,,9782386303944,ebook (pdf),22.99 €,17 Septembre 2026,https://www.librel.be/ebook/9782386303944-prospective-des-metiers-du-commerce-michel-dalmas-marius-bertolucci/,https://images.epagine.fr/no_ebook.png,1,2,"Question ouverte sur les métiers, aucun mot de menace fort.",0,2,non,"IA un facteur parmi d'autres dans l'évolution des métiers du commerce, ton neutre/positif.",1,agent
1761,L'Architecte Numérique : Orchestrer les intelligences à l'ère de l'IA,,Michel Fotsing,Bookelis,,9791042476816,Grand format,25.10 €,12 Janvier 2026,https://www.librel.be/livre/9791042476816-l-architecte-numerique-orchestrer-les-intelligences-a-l-ere-de-l-ia-michel-fotsing/,https://images.epagine.fr/816/9791042476816_1_m.jpg,0,2,"« Orchestrer » positif, aucune menace.",2,2,non,« Menace pour leur carrière » citée en amorce ; livre propose une méthode de maîtrise.,-2,agent
1762,L'artiste et l'expert au coeur de la machine : IA,,"Badr Boussabat, Benoît Solès",Verone,,9791028433154,Grand format,15.55 €,16 Février 2024,https://www.librel.be/livre/9791028433154-l-artiste-et-l-expert-au-coeur-de-la-machine-ia-badr-boussabat-benoit-soles/,https://images.epagine.fr/154/9791028433154_1_m.jpg,1,2,"Formule ambiguë, pas de mot de menace fort.",1,2,non,« Clé ou dystopie ? » posé comme question ouverte dans un dialogue exploratoire.,0,agent
1766,"Le guide des fins du monde ; comment allons-nous disparaitre ? robots hostiles, ia, pandemies, climat...",,Brian Walsh,FYP,,9782364051973,Grand format,22.00 €,20 Août 2020,https://www.librel.be/livre/9782364051973-le-guide-des-fins-du-monde-comment-allons-nous-disparaitre-robots-hostiles-ia-pandemies-climat-brian-walsh/,https://images.epagine.fr/973/9782364051973_1_m.jpg,5,3,"« Fins du monde », « disparaitre », « robots hostiles » : apocalyptique frontal.",2,2,non,"IA citée comme une menace parmi neuf risques existentiels, non développée.",3,agent
1767,"Les Voix Interdites, et si l'IA prenait le contrôle du doublage ?",,Noëlie Starck,Bookelis,,9791042481773,Grand format,23.00 €,26 Mai 2026,https://www.librel.be/livre/9791042481773-les-voix-interdites-et-si-l-ia-prenait-le-controle-du-doublage-noelie-starck/,https://images.epagine.fr/773/9791042481773_1_m.jpg,4,3,"« Prenait le contrôle » domination explicite, même en question.",3,2,non,"Menace à l'identité/l'emploi par IA vocale, mais question finale reste ouverte.",1,agent
1768,Ga-IA,,Isabelle Mimoun,Le Lys Bleu,,9791042206499,Poche,12.05 €,4 Octobre 2023,https://www.librel.be/livre/9791042206499-ga-ia-isabelle-mimoun/,https://images.epagine.fr/499/9791042206499_1_m.jpg,0,2,Jeu de mots neutre (Gaïa).,0,2,non,"Résumé de fiction neutre, coexistence IA/humain, pas de thèse de menace.",0,agent
1772,Gestion de projet à l'ère de l'IA,,"Matthieu Jardin, Grégoire Maréchal, Samuel Mayol, Jean-Claude Bartnicki",Éditions Ellipses,Gestion 360°,9782340116542,Grand format,29.90 €,15 Septembre 2026,https://www.librel.be/livre/9782340116542-gestion-de-projet-a-l-ere-de-l-ia-matthieu-jardin-gregoire-marechal-jean-claude-bartnicki/,https://images.epagine.fr/542/9782340116542_1_m.jpg,0,3,"Neutre, professionnel.",0,3,non,IA présentée comme partenaire stratégique positif en gestion de projet.,0,agent
1773,Léa-IA,,JerryG,Le Lys Bleu,,9791042272524,Grand format,16.30 €,8 Mai 2025,https://www.librel.be/livre/9791042272524-lea-ia-jerryg/,https://images.epagine.fr/524/9791042272524_1_m.jpg,0,3,Jeu de mots neutre sur prénom.,3,2,non,"Roman explorant les dangers de l'amour et la technologie, questions non tranchées.",-3,agent
1774,N'ayez pas peur de l'IA,,Serge Kueviakoe,Bookelis,,9791042437756,Grand format,17.00 €,4 Février 2025,https://www.librel.be/livre/9791042437756-n-ayez-pas-peur-de-l-ia-serge-kueviakoe/,https://images.epagine.fr/756/9791042437756_1_m.jpg,0,3,Affirme explicitement l'inverse d'une menace.,1,3,non,Peur de l'IA explicitement désamorcée : livre pour « apprivoiser » et rassurer.,-1,agent
1778,IA : Comment lutter contre le cancer,,Jean Feder Maison,Thebookedition.Com,,9798903291632,Grand format,19.94 €,5 Février 2026,https://www.librel.be/livre/9798903291632-ia-comment-lutter-contre-le-cancer-jean-feder-maison/,https://images.epagine.fr/632/9798903291632_1_m.jpg,1,2,"« Cancer » grave mais IA présentée comme alliée, pas comme menace.",0,3,non,"IA en oncologie présentée positivement, limites éthiques évoquées en passant.",1,agent
1779,IA : quel avenir pour nos métiers et notre société ?,,Serge Kueviakoe,Bookelis,,9791042474249,Grand format,22.90 €,11 Août 2025,https://www.librel.be/livre/9791042474249-ia-quel-avenir-pour-nos-metiers-et-notre-societe-serge-kueviakoe/,https://images.epagine.fr/249/9791042474249_1_m.jpg,1,2,"Question ouverte sur l'avenir, aucune menace nommée.",2,2,non,"Bouleversement de l'emploi évoqué, mais propos équilibré, tourné vers l'adaptation pratique.",-1,agent
1780,"Mon cerveau et les défis du numérique, IA et robots",,Michel Plattet,Baudelaire,,9791020326997,Grand format,15.50 €,1 Novembre 2019,https://www.librel.be/livre/9791020326997-mon-cerveau-et-les-defis-du-numerique-ia-et-robots-michel-plattet/,https://images.epagine.fr/997/9791020326997_1_m.jpg,1,2,"« Défis » modéré, non dramatique.",0,2,non,"Santé cérébrale, IA non nommée, prudence générale envers la technologie.",1,agent
1781,"Les renards, des créatures si mignonnes (Calendrier mural carré 2026 30x30 cm) Calendrier double avec une page pour vos prises de notes : Des renards rusés, mis en scène de manière onirique à l'aide de l'IA.",,Sabine Lower,Calvendo,,9783516588385,Calendrier,N.C.,16 Mai 2025,https://www.librel.be/livre/9783516588385-les-renards-des-creatures-si-mignonnes-calendrier-mural-carre-2026-30x30-cm-calendrier-double-avec-une-page-pour-vos-prises-de-notes-des-renards-ruses-mis-en-scene-de-maniere-onirique-a-l-aide-de-l-ia/,https://images.epagine.fr/385/9783516588385_1_m.jpg,0,3,"Neutre, calendrier décoratif.",0,3,non,"Calendrier de renards, IA citée seulement comme outil d'illustration.",0,agent
1783,"Survivre et prospérer a l'ère de l'IA et du robotisme : Guide stratégique pour les entrepreneurs, micro entreprises, travailleurs autonomes",,Venes Luma,Les Trois Colonnes,,9791040627401,Grand format,22.10 €,26 Juillet 2026,https://www.librel.be/livre/9791040627401-survivre-et-prosperer-a-l-ere-de-l-ia-et-du-robotisme-guide-strategique-pour-les-entrepreneurs-micro-entreprises-travailleurs-autonomes-venes-luma/,https://images.epagine.fr/no_image.png,3,2,"« Survivre » évoque menace, tempéré par « prospérer » et cadre stratégique.",1,3,non,"Rejette explicitement la menace : « ne menacent pas l'humain », peur retournée.",2,agent
1784,JFK : L'IA tranche  Complot ou pas ?,,Daniel Dominique Perez,Bookelis,,9791042485412,Grand format,37.10 €,18 Septembre 2025,https://www.librel.be/livre/9791042485412-jfk-l-ia-tranche-complot-ou-pas-daniel-dominique-perez/,https://images.epagine.fr/412/9791042485412_1_m.jpg,2,2,"« Complot » suspicion modérée, sujet du livre plus que menace de l'IA.",0,3,non,"Enquête JFK, IA utilisée comme outil d'analyse, hors sujet menace IA.",2,agent
1785,"Miguel Chevalier : Pixels, une expérience interactive avec l'univers créatif de l'IA au Grand Palais Immersif",,Collectif,Beaux Arts Éditions,,9791020409614,Grand format,13.00 €,27 Novembre 2024,https://www.librel.be/livre/9791020409614-miguel-chevalier-pixels-une-experience-interactive-avec-l-univers-creatif-de-l-ia-au-grand-palais-immersif-collectif/,https://images.epagine.fr/614/9791020409614_1_m.jpg,0,3,"Neutre, exposition artistique.",1,2,non,"Avancées de l'IA évoquées, artiste cherche à recentrer l'humain, ton mesuré.",-1,agent
1788,Allo Maman Robot : Trouvez l'IA avant qu'elle ne vous remplace,,"Thomas Gayet, Paul Bianchi",Hachette Pratique,,9782017305385,Objet,N.C.,7 Octobre 2026,https://www.librel.be/livre/9782017305385-allo-maman-robot-trouvez-l-ia-avant-qu-elle-ne-vous-remplace-thomas-gayet-paul-bianchi/,https://images.epagine.fr/385/9782017305385_1_m.jpg,5,3,« Avant qu'elle ne vous remplace » : menace de remplacement frontale.,1,2,non,"Jeu ludique sur une IA infiltrée, menace traitée avec humour et légèreté.",4,agent
1790,L'IA générative dévoilée,,Quentin Ganne,Le Lys Bleu,,9791042292966,Grand format,20.00 €,13 Novembre 2025,https://www.librel.be/livre/9791042292966-l-ia-generative-devoilee-quentin-ganne/,https://images.epagine.fr/966/9791042292966_1_m.jpg,0,3,"Neutre, informatif.",1,2,non,Dualité promesses/risques de l'IA générative présentée de façon équilibrée et pédagogique.,-1,agent
1791,Ia hemen,,Juanjo Olasagarre,Pamiela,,9788491720553,Grand format,15.00 €,22 Juin 2018,https://www.librel.be/livre/9788491720553-ia-hemen-juanjo-olasagarre/,https://images.epagine.fr/no_image.png,0,1,"Langue basque, aucun mot de menace identifiable.",0,1,oui,Description vide.,0,agent
1792,Vendre avec l'ia... ou perir,,Deroanne Damien,Edi Pro,,9782874965425,Grand format,24.00 €,4 Mars 2025,https://www.librel.be/livre/9782874965425-vendre-avec-l-ia-ou-perir-deroanne-damien/,https://images.epagine.fr/no_image.png,5,3,« Ou périr » : ultimatum de disparition frontal.,0,1,oui,Description vide.,5,agent
1793,Les Pionniers de l'IA : Dans l'intimité de ceux qui façonnent notre avenir,,Guillaume Grallet,Tallandier,Texto,9791021069169,Poche,11.00 €,1 Octobre 2026,https://www.librel.be/livre/9791021069169-les-pionniers-de-l-ia-dans-l-intimite-de-ceux-qui-faconnent-notre-avenir-guillaume-grallet/,https://images.epagine.fr/169/9791021069169_1_m.jpg,0,2,"« Pionniers » positif, aucune menace.",2,3,non,"Portraits critiques des fondateurs tech, appel à reprendre le contrôle, ton mesuré.",-2,agent
1794,"Travailler avec l'IA : Le Nouveau Paradigme : Droit, éthique et compétences face à la transformation du monde du travail",,William Monlouis-Felicite,Librinova,,9791043904844,Grand format,23.00 €,2 Avril 2026,https://www.librel.be/livre/9791043904844-travailler-avec-l-ia-le-nouveau-paradigme-droit-ethique-et-competences-face-a-la-transformation-du-monde-du-travail-william-monlouis-felicite/,https://images.epagine.fr/844/9791043904844_1_m.jpg,0,3,"Neutre, professionnel/académique.",2,2,non,Risques cognitifs et juridiques évoqués mais résolus vers un partenariat homme-IA positif.,-2,agent
1795,Pré-standardisation des systèmes IA-natifs de supervision transport & télécom,,Nicolas Seynat,Le Lys Bleu,,9791044045140,Grand format,14.05 €,24 Juin 2026,https://www.librel.be/livre/9791044045140-pre-standardisation-des-systemes-ia-natifs-de-supervision-transport-telecom-nicolas-seynat/,https://images.epagine.fr/140/9791044045140_1_m.jpg,0,3,"Titre technique neutre, « pré-standardisation » et « supervision » sans évocation de menace.",0,3,non,"Rapport technique ferroviaire neutre, optimisation et résilience, aucune orientation négative.",0,agent
1798,"Finance augmentée : Comment l'IA, la blockchain et les crypto-actifs redessinent les règles du jeu",,Jean-Michel Huet,Pearson,Finance,9782326003606,Grand format,25.00 €,16 Octobre 2026,https://www.librel.be/livre/9782326003606-finance-augmentee-comment-l-ia-la-blockchain-et-les-crypto-actifs-redessinent-les-regles-du-jeu-jean-michel-huet/,https://images.epagine.fr/no_image.png,1,2,"« Redessinent les règles du jeu » évoque un changement, sans menace nommée.",0,1,oui,"Description vide, aucun texte à évaluer.",1,agent
1800,I.A. l'immobilier augmenté,,"Fabien Amathieu, Romain Stern",Bookelis,,9791042449438,Grand format,19.95 €,2 Août 2024,https://www.librel.be/livre/9791042449438-i-a-l-immobilier-augmente-fabien-amathieu-romain-stern/,https://images.epagine.fr/438/9791042449438_1_m.jpg,0,3,"« Immobilier augmenté » : positif, aucune évocation négative.",0,3,non,"Guide immobilier IA, ton entièrement positif et incitatif, aucune menace.",0,agent
1803,L'IA générative pour les RH,,Kristy Anamoutou,Thebookedition.Com,,9791097673543,Grand format,33.00 €,18 Juin 2025,https://www.librel.be/livre/9791097673543-l-ia-generative-pour-les-rh-kristy-anamoutou/,https://images.epagine.fr/543/9791097673543_1_m.jpg,0,3,"Titre pratique/professionnel neutre, aucune menace.",0,3,non,"Guide RH IA, ton enthousiaste et positif, aucune dimension négative.",0,agent
1804,"Sous-titrer le dialecte : professionnels, amateurs et IA face à la série Gomorra",,Simone Bacci,Éditions L'Harmattan,Traductologie,9782336476674,Grand format,41.00 €,5 Septembre 2024,https://www.librel.be/livre/9782336476674-sous-titrer-le-dialecte-professionnels-amateurs-et-ia-face-a-la-serie-gomorra-simone-bacci/,https://images.epagine.fr/674/9782336476674_1_m.jpg,0,3,"Titre académique neutre sur le sous-titrage, aucune menace.",0,3,non,Aucune mention de l'IA ; sujet traductologique neutre.,0,agent
1805,"Ce que l'IA fait de nous : Mémoire, travail, jugement : comment l'IA transforme nos vies",,"Nicolas Spatola, Le Nguyen Hoang",FYP,,9782364052857,Grand format,23.00 €,2 Octobre 2026,https://www.librel.be/livre/9782364052857-ce-que-l-ia-fait-de-nous-memoire-travail-jugement-comment-l-ia-transforme-nos-vies-nicolas-spatola-le-nguyen-hoang/,https://images.epagine.fr/857/9782364052857_1_m.jpg,1,2,"« Ce que l'IA fait de nous » : IA agissant sur l'humain, vague, sans mot de menace fort.",4,2,non,"Délégation cognitive, perte de pilotage : thèse développée sur l'essentiel du texte.",-3,agent
1808,En toute humanité : Responsables face à l'IA,,Jérôme Coutou,Digital Mate,,9782959928413,Grand format,10.00 €,20 Mai 2026,https://www.librel.be/livre/9782959928413-en-toute-humanite-responsables-face-a-l-ia-jerome-coutou/,https://images.epagine.fr/413/9782959928413_1_m.jpg,1,2,"« Responsables face à l'IA » : confrontation neutre, pas de mot de menace.",4,2,non,"Perte d'autorité, démission des responsabilités : cadrage négatif dominant, appel à agir.",-3,agent
1813,"Industrie : faire de l'incertitude une force : Protectionnisme, IA, conflits, xiaomisme : rester offensif face aux crises",,Michaël Valentin,Dunod,,9782100891160,Grand format,20.00 €,21 Octobre 2026,https://www.librel.be/livre/9782100891160-industrie-faire-de-l-incertitude-une-force-protectionnisme-ia-conflits-xiaomisme-rester-offensif-face-aux-crises-michael-valentin/,https://images.epagine.fr/160/9782100891160_1_m.jpg,2,2,"« Incertitude », « conflits », « crises » présents mais reformulés en force offensive positive.",0,3,non,Aucune mention explicite de l'IA ; stratégie industrielle neutre.,2,agent
1814,"IA et revenu : Agent ou dirigeant, qui décide ?",,"Augustin Manchon, François Candelon, Jean-Manuel Izaret, Christian Auriach",Éditions Ellipses,L'Entreprise Autrement,9782340121515,Grand format,29.50 €,15 Septembre 2026,https://www.librel.be/livre/9782340121515-ia-et-revenu-agent-ou-dirigeant-qui-decide-augustin-manchon-francois-candelon/,https://images.epagine.fr/515/9782340121515_1_m.jpg,1,2,"Question ouverte sur qui décide, sans mot de menace nommé.",2,2,non,"Risques (manipulation, enfermement) cités mais résolus par une gouvernance responsable positive.",-1,agent
1815,L'humain face à l'IA,,"Benanti, Paolo",MICHEL LAFON,,9782749963785,Grand format,20.95 €,4 Juin 2026,https://www.librel.be/livre/9782749963785-l-humain-face-a-l-ia-benanti-paolo/,https://images.epagine.fr/785/9782749963785_1_m.jpg,1,2,"« Face à » : confrontation neutre, aucune menace précise nommée.",1,3,non,Menace sur le sens/parole évoquée puis explicitement désamorcée en appel constructif.,0,agent
1818,"Gérer les IA génératives : Cadres, méthodes et dispositifs",,"Antoine Bordas, Benoît Weil, Pascal Le Masson",Presses De L'Ecole Des Mines,Sciences De La Conception,9782385428532,Grand format,25.00 €,24 Septembre 2026,https://www.librel.be/livre/9782385428532-gerer-les-ia-generatives-cadres-methodes-et-dispositifs-antoine-bordas-benoit-weil-pascal-le-masson/,https://images.epagine.fr/532/9782385428532_1_m.jpg,0,3,"Titre de gestion neutre, « cadres, méthodes », aucune menace.",0,3,non,Rupture organisationnelle présentée positivement comme levier de transformation collective.,0,agent
1819,"L'IA en éducation : Comprendre, enseigner, accompagner",,"Clément Fantoli, Laeticia Allegrini, Romain Estampes, Stéphane Guérault",Hachette Education,Pédagogie Pratique,9782017179566,Grand format,22.05 €,7 Octobre 2026,https://www.librel.be/livre/9782017179566-l-ia-en-education-comprendre-enseigner-accompagner-clement-fantoli-laeticia-allegrini-romain-estampes-stephane-guerault/,https://images.epagine.fr/566/9782017179566_1_m.jpg,0,3,"Titre pédagogique neutre, « comprendre, enseigner, accompagner ».",0,3,non,Guide pédagogique positif pour enseignants ; biais/limites mentionnés en passant.,0,agent
1820,GEO : Generative Engine Optimization : la méthode pour optimiser les contenus et être référencé dans les IA,,"Aurélie Bégat, Cyril De Sousa Cardoso",Eyrolles,,9782416027901,Grand format,17.00 €,5 Novembre 2026,https://www.librel.be/livre/9782416027901-geo-generative-engine-optimization-la-methode-pour-optimiser-les-contenus-et-etre-reference-dans-les-ia-aurelie-begat-cyril-de-sousa-cardoso/,https://images.epagine.fr/no_image.png,0,3,"Titre marketing neutre, « optimiser », aucune menace.",2,2,non,Perte de trafic organique réelle mais secondaire à un guide pratique GEO.,-2,agent
1821,"Rêve pour Ga I.A. : Si l'individuel perd,le collectif gagne",,Philippe Orain,Le Lys Bleu,,9791042240011,Grand format,24.10 €,5 Juillet 2024,https://www.librel.be/livre/9791042240011-reve-pour-ga-i-a-si-l-individuel-perd-le-collectif-gagne-philippe-orain/,https://images.epagine.fr/011/9791042240011_1_m.jpg,2,2,"« Si l'individuel perd » : mot de perte présent mais non dramatique, dialectique.",3,2,non,"Organisation IA manipulatrice, secrets menaçants : prémisse dystopique posée en questions.",-1,agent
1823,IA ET ROBOTS,,Max Wainewright,Gallimard Jeunesse,Livres-Coffrets,9782075240093,Grand format,N.C.,8 Octobre 2026,https://www.librel.be/livre/9782075240093-ia-robots-ingenieur-en-herbe-max-wainewright/,https://images.epagine.fr/093/9782075240093_1_m.jpg,0,3,"Titre nu « IA et robots », neutre.",0,1,oui,"Description vide, aucun texte à évaluer.",0,agent
1824,Conversation avec une ia : quand le langage donne l'illusion de penser,,Christian Lovis,Georg,,9782825713983,Grand format,25.00 €,14 Octobre 2026,https://www.librel.be/livre/9782825713983-conversation-avec-une-ia-quand-le-langage-donne-l-illusion-de-penser-christian-lovis/,https://images.epagine.fr/no_image.png,1,2,"« Illusion de penser » : doute épistémique, pas de menace directe.",0,1,oui,"Description vide, aucun texte à évaluer.",1,agent
1827,"Plateforme d'aide à la décision à base de systèmes multi agents : : Etude de cas: Blockchain, IA et RA embarqués",,Tarek Frikha,Editions Universitaires Europeennes,,9786203442779,Poche,79.90 €,29 Décembre 2022,https://www.librel.be/livre/9786203442779-plateforme-d-aide-a-la-decision-a-base-de-systemes-multi-agents-etude-de-cas-blockchain-ia-et-ra-embarques-tarek-frikha/,https://images.epagine.fr/779/9786203442779_1_m.jpg,0,3,"Titre technique neutre, « étude de cas », aucune menace.",0,2,non,"Description technique académique (IA, blockchain, ville intelligente), ton neutre.",0,agent
1831,"Parentalité innovante, Alliance entre parents et IA",,Guy Paillier,Editions Maïa,Essais,9791042524944,Grand format,20.00 €,5 Mai 2026,https://www.librel.be/livre/9791042524944-parentalite-innovante-alliance-entre-parents-et-ia-guy-paillier/,https://images.epagine.fr/944/9791042524944_1_m.jpg,0,3,"« Alliance », « innovante » : positif, aucune menace.",0,3,non,Alliance IA-parentalité présentée comme entièrement constructive et positive.,0,agent
1833,Managementor : Manager à l'ère de l'IA et de l'éco-leadership,,"Michel Barabel, Olivier Meier",Dunod,Livres En Or,9782100895229,Grand format,40.10 €,16 Septembre 2026,https://www.librel.be/livre/9782100895229-managementor-manager-a-l-ere-de-l-ia-et-de-l-eco-leadership-5e-edition-michel-barabel-olivier-meier/,https://images.epagine.fr/229/9782100895229_1_m.jpg,0,3,"Titre professionnel neutre, « éco-leadership », aucune menace.",0,3,non,"IA citée parmi outils de management moderne, ton pratique et positif.",0,agent
1834,La paresse à l´heure de l´IA,,Jean-Luc Bonnet,Editions L'Harmattan,,9782336644790,ebook (pdf),18.99 €,3 Septembre 2026,https://www.librel.be/ebook/9782336644790-la-paresse-a-l-heure-de-l-ia-jean-luc-bonnet/,https://images.epagine.fr/790/9782336644790_1_m.jpg,1,2,"« Paresse » : connotation légèrement négative mais vague, pas de menace nommée.",3,2,non,"Dépendance et perte de pensée propre développées, mais nuancées en « ligne de crête ».",-2,agent
1835,"Concevoir une formation : IA, neurosciences, pédagogie et numérique : pour assurer en animant",,Etienne Magnin,Gereso,,9791039715003,Grand format,23.00 €,24 Septembre 2026,https://www.librel.be/livre/9791039715003-concevoir-une-formation-ia-neurosciences-pedagogie-et-numerique-pour-assurer-en-animant-etienne-magnin/,https://images.epagine.fr/no_image.png,0,3,"Titre pratique neutre sur la formation, aucune menace.",0,3,non,"IA facilite la conception pédagogique, ton entièrement pratique et positif.",0,agent
1836,Garder la main : Diriger à l'ère de l'IA,,Yves Cavarec,Librinova,,9791043905179,Grand format,20.00 €,3 Avril 2026,https://www.librel.be/livre/9791043905179-garder-la-main-diriger-a-l-ere-de-l-ia-yves-cavarec/,https://images.epagine.fr/179/9791043905179_1_m.jpg,2,2,"« Garder la main » : évoque un enjeu de contrôle, formulé positivement.",4,3,non,« Le marché utilise l'IA contre vous » : menace concurrentielle développée comme sujet central.,-2,agent
1838,IA & robots : Ingénieur en herbe,,Max Wainewright,Gallimard Jeunesse,Livres-Coffrets,9782075240093,Grand format,N.C.,8 Octobre 2026,https://www.librel.be/livre/9782075240093-ia-robots-ingenieur-en-herbe-max-wainewright/,https://images.epagine.fr/093/9782075240093_1_m.jpg,0,3,"« Ingénieur en herbe » : positif, jeunesse, aucune menace.",0,1,oui,"Description vide, aucun texte à évaluer.",0,agent
1840,La philosophie dans l'IA,,Daniel Faggiano,Thebookedition.Com,,9791091273558,Grand format,15.00 €,13 Juin 2024,https://www.librel.be/livre/9791091273558-la-philosophie-dans-l-ia-daniel-faggiano/,https://images.epagine.fr/558/9791091273558_1_m.jpg,0,3,Titre académique neutre « La philosophie dans l'IA ».,4,2,non,IA comparée à une « molécule toxique » imposée sans contrôle par le marché.,-4,agent
1842,"Les robots, le pape, l'IA et nous",,"Natalie Rastoin, Romain Marsily",Fayard,Documents Fayard,9782213736822,Grand format,10.05 €,28 Octobre 2026,https://www.librel.be/livre/9782213736822-les-robots-le-pape-l-ia-et-nous-natalie-rastoin-romain-marsily/,https://images.epagine.fr/no_image.png,0,3,"Juxtaposition curieuse et neutre, aucune menace.",0,1,oui,"Description vide, aucun texte à évaluer.",0,agent
1843,IA : la presidentielle de la derniere chance : Pour qui voter en 2027 ?,,"L. Alexandre, Olivier Babeau",Éditions Buchet/Chastel,Essais & Documents,9782283043875,Grand format,22.00 €,15 Octobre 2026,https://www.librel.be/livre/9782283043875-ia-la-presidentielle-de-la-derniere-chance-pour-qui-voter-en-2027-l-alexandre-olivier-babeau/,https://images.epagine.fr/875/9782283043875_1_m.jpg,3,2,"« La dernière chance » : urgence dramatique claire, partagée avec cadre électoral.",0,1,non,"Teaser politique très bref sur l'IA en 2027, sans orientation négative claire.",3,agent
1844,I.A. Intelligence Attentionnelle : Reprenez votre I.A. - Manuel opérationnel,,"Caroline Jeauneau Rosec, Editions Emanessens",Books on Demand,,9791098818608,Grand format,24.00 €,1 Août 2026,https://www.librel.be/livre/9791098818608-i-a-intelligence-attentionnelle-reprenez-votre-i-a-manuel-operationnel-caroline-jeauneau-rosec-editions-emanessens/,https://images.epagine.fr/608/9791098818608_1_m.jpg,1,2,"« Reprenez votre I.A. » suggère une perte à combler, vague, non alarmant.",2,2,non,"Saturation attentionnelle à l'ère de l'IA, mais visée résolument capacitante.",-1,agent
1846,Marketing à l'ère de l'IA,,Samuel Mayol,Éditions Ellipses,Gestion 360°,9782340120655,Grand format,32.00 €,15 Septembre 2026,https://www.librel.be/livre/9782340120655-marketing-a-l-ere-de-l-ia-samuel-mayol/,https://images.epagine.fr/655/9782340120655_1_m.jpg,0,3,"« Marketing à l'ère de l'IA » : neutre, professionnel.",0,3,non,"IA présentée comme révolution positive du marketing, ton pratique.",0,agent
1848,"Guide pratique de l'IA pour avocats, notaires et professionnels du droit : Méthodes et pratiques sécurisées",,Celine Chwartz,LGDJ,,9782275166599,Grand format,24.00 €,29 Septembre 2026,https://www.librel.be/livre/9782275166599-guide-pratique-de-l-ia-pour-avocats-notaires-et-professionnels-du-droit-methodes-et-pratiques-securisees-celine-chwartz/,https://images.epagine.fr/599/9782275166599_1_m.jpg,0,3,"« Pratiques sécurisées » : rassurant, aucune menace.",2,3,non,"Risques de l'IA mentionnés parmi les opportunités, guide pratique équilibré pour juristes.",-2,agent
1850,Réussissez toutes vos négociations à l'heure de l'IA,,Tristan Ebel,Dunod,Commercial/Relation Client,9782100899159,Grand format,19.00 €,28 Octobre 2026,https://www.librel.be/livre/9782100899159-reussissez-toutes-vos-negociations-a-l-heure-de-l-ia-tristan-ebel/,https://images.epagine.fr/159/9782100899159_1_m.jpg,0,3,"« Réussissez » : positif, aucune menace.",0,3,non,"IA outil pratique pour préparer des négociations, ton entièrement positif.",0,agent
1851,"La grande bascule : IA générative, les enjeux",,Julien Roubaud,Atlande,,9782384281336,Grand format,23.00 €,24 Septembre 2026,https://www.librel.be/livre/9782384281336-la-grande-bascule-ia-generative-les-enjeux-julien-roubaud/,https://images.epagine.fr/336/9782384281336_1_m.jpg,2,2,"« La grande bascule » : bouleversement majeur évoqué, sans dramatisation explicite.",2,3,non,"Tensions de l'IA (risques, dépendances) exposées mais texte reste ouvert et équilibré.",0,agent
1852,Intelligence combinée : Traité à l'ère de l'IA pour humains qui veulent le rester,,Thibault Martin,Books on Demand,,9791097923617,Grand format,21.00 €,12 Septembre 2025,https://www.librel.be/livre/9791097923617-intelligence-combinee-traite-a-l-ere-de-l-ia-pour-humains-qui-veulent-le-rester-thibault-martin/,https://images.epagine.fr/617/9791097923617_1_m.jpg,3,2,« Humains qui veulent le rester » : sous-entend un risque pour l'identité humaine.,2,3,non,"Risques (biais, surveillance, deepfake) cités mais thèse finale conciliante et positive.",1,agent
1853,Servir l'éthique face à l'IA : Contra artificialem intelligentiam,,Pierre-Louis Boyer,Ovadia,Carrefours De L'Être,9782363927033,Grand format,20.00 €,15 Mai 2026,https://www.librel.be/livre/9782363927033-servir-l-ethique-face-a-l-ia-contra-artificialem-intelligentiam-pierre-louis-boyer/,https://images.epagine.fr/033/9782363927033_1_m.jpg,2,2,« Contra artificialem intelligentiam » : opposition affirmée mais sans menace nommée.,3,2,non,Texte bref conclut sur « les dangers d'une utilisation irréfrénée de l'IA ».,-1,agent
1854,Rendez votre entreprise performante : Misez sur l'I.A. Avec une démarche innovante fondée sur l'Intelligence de vos Acteurs,,Bruno Loiret,Bruno Loiret,,9798853120198,Grand format,18.90 €,3 Novembre 2023,https://www.librel.be/livre/9798853120198-rendez-votre-entreprise-performante-misez-sur-l-i-a-avec-une-demarche-innovante-fondee-sur-l-intelligence-de-vos-acteurs-bruno-loiret/,https://images.epagine.fr/198/9798853120198_1_m.jpg,0,3,"« Entreprise performante », « démarche innovante » : positif, aucune menace.",0,2,non,"Présentation d'un consultant en management, aucune mention d'IA.",0,agent
1855,"Écrire vite, écrire court, écrire bien ! : Même et surtout à l'heure des IA",,Etienne Magnin,Gereso,,9791039715072,Grand format,22.00 €,5 Novembre 2026,https://www.librel.be/livre/9791039715072-ecrire-vite-ecrire-court-ecrire-bien-meme-et-surtout-a-l-heure-des-ia-etienne-magnin/,https://images.epagine.fr/no_image.png,0,3,"Titre pratique sur l'écriture, « à l'heure des IA » neutre, aucune menace.",2,2,non,"Coût politique/social/environnemental cité en passant ; message dominant reste pragmatique, écrire mieux.",-2,agent
1857,L'Intelligence hybride : Le nouvel art de décider quand l'IA exécute,,Laurent Caron,Eyrolles,,9782416027185,Grand format,24.00 €,1 Octobre 2026,https://www.librel.be/livre/9782416027185-l-intelligence-hybride-le-nouvel-art-de-decider-quand-l-ia-execute-laurent-caron/,https://images.epagine.fr/185/9782416027185_1_m.jpg,1,2,"« Quand l'IA exécute » suggère un transfert de rôle, sans mot de menace fort.",1,2,non,Guide pratique optimiste ; risques mentionnés comme un item parmi les outils de maîtrise proposés.,0,agent
1858,Designer l'IA : 8 ateliers d'UX Design pour construire une expérience performante,,"Baptiste Auric, Simon Laval",Dunod,,9782100896417,Grand format,25.10 €,30 Septembre 2026,https://www.librel.be/livre/9782100896417-designer-l-ia-8-ateliers-d-ux-design-pour-construire-une-experience-performante-baptiste-auric-simon-laval/,https://images.epagine.fr/417/9782100896417_1_m.jpg,0,3,Titre professionnel neutre sur des ateliers de design UX.,0,3,non,"Guide UX pratique et neutre, sans dimension négative sur l'IA.",0,agent
1859,"L'ia, l'autruche et la grenouille",,Follon Jacques,Anthemis,,9782807217522,Grand format,32.00 €,15 Décembre 2026,https://www.librel.be/livre/9782807217522-l-ia-l-autruche-et-la-grenouille-follon-jacques/,https://images.epagine.fr/no_image.png,2,2,"Métaphores animales (autruche, grenouille) évoquant déni/danger ignoré, non dramatique.",0,1,oui,"Description vide, aucun texte disponible à évaluer.",2,agent
1860,50 petites histoires de la langue française : Du latin à l'IA,,"Anne Abeillé, Jean-Marie Klinkenberg, Anne-catherine Simon",De Boeck Supérieur,,9782807372078,Grand format,17.90 €,1 Octobre 2026,https://www.librel.be/livre/9782807372078-50-petites-histoires-de-la-langue-francaise-du-latin-a-l-ia-anne-abeille-jean-marie-klinkenberg-anne-catherine-simon/,https://images.epagine.fr/078/9782807372078_1_m.jpg,0,3,"Titre historique neutre, « du latin à l'IA », aucune menace.",0,2,non,"IA citée en passant parmi les évolutions du français ; la menace concerne l'anglais, pas l'IA.",0,agent
1862,IA génératives : Guide pratique,,"Erwan Lamy, Louis-David Benyayer, Isabelle Beyneix, Alara Tascioglu",Éditions Ellipses,,9782340120761,Grand format,29.00 €,6 Octobre 2026,https://www.librel.be/livre/9782340120761-ia-generatives-guide-pratique-erwan-lamy-louis-david-benyayer-isabelle-beyneix-alara-tascioglu/,https://images.epagine.fr/761/9782340120761_1_m.jpg,0,3,Guide pratique neutre sur l'IA générative.,1,2,non,« Survivre » évoqué mais le livre promet des clés pour comprendre et prospérer sereinement.,-1,agent
1864,"Vers une société apprenante ? Sciences cognitives, gouvernance, IA, territoires apprenants",,"Alain Bouvier, Annie Bartoli",Editions du Panthéon,,9782754777148,Grand format,24.00 €,19 Mai 2026,https://www.librel.be/livre/9782754777148-vers-une-societe-apprenante-sciences-cognitives-gouvernance-ia-territoires-apprenants-alain-bouvier/,https://images.epagine.fr/148/9782754777148_1_m.jpg,0,3,Question académique neutre sur gouvernance et sciences cognitives.,0,3,non,Analyse académique neutre des transformations organisationnelles liées à l'IA.,0,agent
1865,"Incertitudes et intellligence artificielle : fabrication additive, commande vibratoire, agro-composite, mécatronique",,Abdelkhalak El Hami,Iste,Intelligence Artificielle En Mécanique,9781784059941,Grand format,N.C.,25 Mars 2024,https://www.librel.be/livre/9781784059941-incertitudes-et-intellligence-artificielle-fabrication-additive-commande-vibratoire-agro-composite-mecatronique-abdelkhalak-el-hami/,https://images.epagine.fr/941/9781784059941_1_m.jpg,1,2,"« Incertitudes » évoque le doute technique, sans menace précise nommée.",0,3,non,Panorama technique neutre des usages de l'IA en mécanique et ingénierie.,1,agent
1866,Robots and gadgets : Aging at home,,Félix Pageau,Presses de l'Université Laval,"Éthique, IA et société - OBVIA",9782766302550,ebook (ePub),11.99 €,24 Juillet 2024,https://www.librel.be/ebook/9782766302550-robots-and-gadgets-felix-pageau/,https://images.epagine.fr/550/9782766302550_1_m.jpg,0,3,"Neutre, robots d'assistance au maintien à domicile.",2,2,non,"Potentiel positif des robots d'assistance détaillé ; appel final à analyse critique, secondaire.",-2,agent
1867,Données personnelles : reprenons le pouvoir!,,Cecile Petitgand,Presses de l'Université Laval,"Éthique, IA et société - OBVIA",9782766303816,ebook (ePub),8.49 €,24 Juillet 2024,https://www.librel.be/ebook/9782766303816-donnees-personnelles-reprenons-le-pouvoir-cecile-petitgand/,https://images.epagine.fr/816/9782766303816_1_m.jpg,3,2,« Reprenons le pouvoir » implique une perte de contrôle subie sur les données.,3,2,non,"Dénonce le pouvoir des géants tech sur les données, mais propose une réforme démocratique ouverte.",0,agent
